failure_id,transaction_id,failure_reason,retry_attempt,resolution_status
FAIL0000001,TXN00000023,Insufficient Balance,2,Resolved
FAIL0000002,TXN00000038,Bank Server Error,1,Resolved
FAIL0000003,TXN00000042,Payment Gateway Error,3,Resolved
FAIL0000004,TXN00000048,Bank Server Error,2,Resolved
FAIL0000005,TXN00000095,Bank Server Error,2,Resolved
FAIL0000006,TXN00000153,Insufficient Balance,1,Resolved
FAIL0000007,TXN00000157,Insufficient Balance,2,Unresolved
FAIL0000008,TXN00000163,Insufficient Balance,2,Resolved
FAIL0000009,TXN00000180,Network Error,2,Resolved
FAIL0000010,TXN00000209,Payment Gateway Error,1,Resolved
FAIL0000011,TXN00000227,Payment Gateway Error,2,Resolved
FAIL0000012,TXN00000230,Insufficient Balance,1,Unresolved
FAIL0000013,TXN00000246,Limit Exceeded,1,Unresolved
FAIL0000014,TXN00000257,Payment Gateway Error,1,Unresolved
FAIL0000015,TXN00000267,Payment Gateway Error,1,Resolved
FAIL0000016,TXN00000270,Payment Gateway Error,1,Resolved
FAIL0000017,TXN00000292,Timeout,1,Resolved
FAIL0000018,TXN00000293,Timeout,1,Resolved
FAIL0000019,TXN00000296,Insufficient Balance,1,Resolved
FAIL0000020,TXN00000336,Network Error,1,Resolved
FAIL0000021,TXN00000343,Payment Gateway Error,1,Unresolved
FAIL0000022,TXN00000345,Payment Gateway Error,1,Unresolved
FAIL0000023,TXN00000352,Limit Exceeded,1,Unresolved
FAIL0000024,TXN00000392,Bank Server Error,1,Unresolved
FAIL0000025,TXN00000480,Invalid PIN,2,Resolved
FAIL0000026,TXN00000485,Payment Gateway Error,1,Unresolved
FAIL0000027,TXN00000497,Bank Server Error,1,Unresolved
FAIL0000028,TXN00000501,Insufficient Balance,1,Unresolved
FAIL0000029,TXN00000513,Insufficient Balance,1,Resolved
FAIL0000030,TXN00000543,Network Error,1,Resolved
FAIL0000031,TXN00000546,Payment Gateway Error,1,Resolved
FAIL0000032,TXN00000582,Payment Gateway Error,1,Unresolved
FAIL0000033,TXN00000589,Payment Gateway Error,1,Resolved
FAIL0000034,TXN00000595,Insufficient Balance,1,Resolved
FAIL0000035,TXN00000611,Timeout,2,Resolved
FAIL0000036,TXN00000655,Network Error,1,Resolved
FAIL0000037,TXN00000682,Payment Gateway Error,1,Unresolved
FAIL0000038,TXN00000683,Insufficient Balance,1,Resolved
FAIL0000039,TXN00000727,Limit Exceeded,1,Unresolved
FAIL0000040,TXN00000758,Payment Gateway Error,1,Unresolved
FAIL0000041,TXN00000806,Limit Exceeded,1,Unresolved
FAIL0000042,TXN00000830,Network Error,1,Unresolved
FAIL0000043,TXN00000864,Timeout,1,Resolved
FAIL0000044,TXN00000942,Insufficient Balance,2,Resolved
FAIL0000045,TXN00000953,Timeout,1,Resolved
FAIL0000046,TXN00000972,Payment Gateway Error,1,Resolved
FAIL0000047,TXN00000986,Limit Exceeded,2,Resolved
FAIL0000048,TXN00000993,Network Error,2,Unresolved
FAIL0000049,TXN00001004,Limit Exceeded,1,Resolved
FAIL0000050,TXN00001105,Bank Server Error,1,Unresolved
FAIL0000051,TXN00001143,Limit Exceeded,1,Resolved
FAIL0000052,TXN00001152,Bank Server Error,3,Resolved
FAIL0000053,TXN00001160,Network Error,2,Resolved
FAIL0000054,TXN00001192,Insufficient Balance,1,Unresolved
FAIL0000055,TXN00001201,Limit Exceeded,3,Resolved
FAIL0000056,TXN00001203,Bank Server Error,1,Resolved
FAIL0000057,TXN00001221,Timeout,2,Resolved
FAIL0000058,TXN00001246,Bank Server Error,1,Resolved
FAIL0000059,TXN00001275,Network Error,1,Resolved
FAIL0000060,TXN00001299,Limit Exceeded,1,Resolved
FAIL0000061,TXN00001305,Bank Server Error,2,Resolved
FAIL0000062,TXN00001316,Limit Exceeded,1,Unresolved
FAIL0000063,TXN00001356,Payment Gateway Error,1,Resolved
FAIL0000064,TXN00001402,Payment Gateway Error,2,Resolved
FAIL0000065,TXN00001430,Insufficient Balance,2,Unresolved
FAIL0000066,TXN00001442,Insufficient Balance,1,Resolved
FAIL0000067,TXN00001463,Insufficient Balance,1,Resolved
FAIL0000068,TXN00001489,Bank Server Error,1,Resolved
FAIL0000069,TXN00001506,Payment Gateway Error,1,Resolved
FAIL0000070,TXN00001514,Network Error,1,Resolved
FAIL0000071,TXN00001596,Limit Exceeded,1,Unresolved
FAIL0000072,TXN00001614,Insufficient Balance,3,Resolved
FAIL0000073,TXN00001635,Limit Exceeded,1,Resolved
FAIL0000074,TXN00001703,Insufficient Balance,1,Unresolved
FAIL0000075,TXN00001735,Insufficient Balance,1,Resolved
FAIL0000076,TXN00001741,Timeout,2,Resolved
FAIL0000077,TXN00001742,Limit Exceeded,1,Unresolved
FAIL0000078,TXN00001757,Timeout,1,Resolved
FAIL0000079,TXN00001760,Bank Server Error,1,Unresolved
FAIL0000080,TXN00001784,Insufficient Balance,2,Unresolved
FAIL0000081,TXN00001789,Limit Exceeded,1,Resolved
FAIL0000082,TXN00001808,Limit Exceeded,1,Unresolved
FAIL0000083,TXN00001844,Limit Exceeded,1,Resolved
FAIL0000084,TXN00001927,Bank Server Error,1,Resolved
FAIL0000085,TXN00001940,Payment Gateway Error,3,Unresolved
FAIL0000086,TXN00001950,Timeout,3,Resolved
FAIL0000087,TXN00001988,Timeout,3,Resolved
FAIL0000088,TXN00001995,Limit Exceeded,1,Resolved
FAIL0000089,TXN00002029,Bank Server Error,1,Resolved
FAIL0000090,TXN00002034,Bank Server Error,1,Unresolved
FAIL0000091,TXN00002042,Insufficient Balance,1,Resolved
FAIL0000092,TXN00002048,Payment Gateway Error,2,Resolved
FAIL0000093,TXN00002053,Network Error,1,Resolved
FAIL0000094,TXN00002067,Limit Exceeded,1,Unresolved
FAIL0000095,TXN00002129,Payment Gateway Error,1,Unresolved
FAIL0000096,TXN00002134,Payment Gateway Error,1,Resolved
FAIL0000097,TXN00002176,Bank Server Error,1,Resolved
FAIL0000098,TXN00002205,Payment Gateway Error,2,Resolved
FAIL0000099,TXN00002251,Invalid PIN,2,Resolved
FAIL0000100,TXN00002332,Network Error,1,Resolved
FAIL0000101,TXN00002363,Timeout,1,Unresolved
FAIL0000102,TXN00002373,Limit Exceeded,1,Resolved
FAIL0000103,TXN00002403,Bank Server Error,1,Unresolved
FAIL0000104,TXN00002407,Payment Gateway Error,2,Resolved
FAIL0000105,TXN00002408,Bank Server Error,2,Resolved
FAIL0000106,TXN00002469,Network Error,1,Unresolved
FAIL0000107,TXN00002478,Insufficient Balance,3,Resolved
FAIL0000108,TXN00002504,Bank Server Error,1,Unresolved
FAIL0000109,TXN00002507,Limit Exceeded,1,Unresolved
FAIL0000110,TXN00002509,Insufficient Balance,1,Unresolved
FAIL0000111,TXN00002512,Insufficient Balance,1,Resolved
FAIL0000112,TXN00002529,Limit Exceeded,1,Unresolved
FAIL0000113,TXN00002555,Bank Server Error,1,Unresolved
FAIL0000114,TXN00002621,Timeout,3,Resolved
FAIL0000115,TXN00002645,Network Error,2,Resolved
FAIL0000116,TXN00002665,Payment Gateway Error,2,Unresolved
FAIL0000117,TXN00002695,Bank Server Error,3,Resolved
FAIL0000118,TXN00002696,Limit Exceeded,2,Resolved
FAIL0000119,TXN00002706,Insufficient Balance,2,Resolved
FAIL0000120,TXN00002738,Payment Gateway Error,1,Unresolved
FAIL0000121,TXN00002750,Timeout,2,Resolved
FAIL0000122,TXN00002754,Payment Gateway Error,1,Resolved
FAIL0000123,TXN00002786,Bank Server Error,1,Unresolved
FAIL0000124,TXN00002795,Bank Server Error,1,Unresolved
FAIL0000125,TXN00002822,Invalid PIN,2,Resolved
FAIL0000126,TXN00002825,Limit Exceeded,1,Unresolved
FAIL0000127,TXN00002833,Invalid PIN,1,Unresolved
FAIL0000128,TXN00002853,Payment Gateway Error,1,Unresolved
FAIL0000129,TXN00002858,Insufficient Balance,1,Unresolved
FAIL0000130,TXN00002885,Bank Server Error,1,Unresolved
FAIL0000131,TXN00002903,Payment Gateway Error,1,Resolved
FAIL0000132,TXN00002916,Payment Gateway Error,1,Unresolved
FAIL0000133,TXN00002990,Payment Gateway Error,1,Resolved
FAIL0000134,TXN00002995,Limit Exceeded,1,Resolved
FAIL0000135,TXN00003131,Invalid PIN,1,Resolved
FAIL0000136,TXN00003142,Limit Exceeded,1,Unresolved
FAIL0000137,TXN00003159,Network Error,1,Unresolved
FAIL0000138,TXN00003165,Limit Exceeded,1,Resolved
FAIL0000139,TXN00003167,Insufficient Balance,1,Resolved
FAIL0000140,TXN00003227,Bank Server Error,2,Resolved
FAIL0000141,TXN00003244,Insufficient Balance,1,Resolved
FAIL0000142,TXN00003257,Bank Server Error,1,Unresolved
FAIL0000143,TXN00003260,Insufficient Balance,1,Resolved
FAIL0000144,TXN00003276,Bank Server Error,1,Resolved
FAIL0000145,TXN00003279,Insufficient Balance,2,Resolved
FAIL0000146,TXN00003303,Insufficient Balance,2,Unresolved
FAIL0000147,TXN00003324,Bank Server Error,1,Resolved
FAIL0000148,TXN00003339,Network Error,1,Unresolved
FAIL0000149,TXN00003341,Payment Gateway Error,1,Resolved
FAIL0000150,TXN00003394,Payment Gateway Error,1,Resolved
FAIL0000151,TXN00003414,Insufficient Balance,2,Unresolved
FAIL0000152,TXN00003415,Limit Exceeded,1,Resolved
FAIL0000153,TXN00003420,Insufficient Balance,1,Resolved
FAIL0000154,TXN00003489,Bank Server Error,1,Unresolved
FAIL0000155,TXN00003511,Network Error,1,Resolved
FAIL0000156,TXN00003521,Bank Server Error,1,Unresolved
FAIL0000157,TXN00003530,Bank Server Error,1,Resolved
FAIL0000158,TXN00003532,Bank Server Error,3,Resolved
FAIL0000159,TXN00003542,Network Error,2,Resolved
FAIL0000160,TXN00003558,Bank Server Error,1,Unresolved
FAIL0000161,TXN00003604,Bank Server Error,1,Resolved
FAIL0000162,TXN00003615,Limit Exceeded,1,Unresolved
FAIL0000163,TXN00003664,Limit Exceeded,2,Resolved
FAIL0000164,TXN00003682,Payment Gateway Error,3,Resolved
FAIL0000165,TXN00003699,Limit Exceeded,1,Unresolved
FAIL0000166,TXN00003717,Insufficient Balance,3,Unresolved
FAIL0000167,TXN00003721,Timeout,1,Unresolved
FAIL0000168,TXN00003727,Network Error,1,Resolved
FAIL0000169,TXN00003730,Timeout,1,Resolved
FAIL0000170,TXN00003794,Bank Server Error,2,Resolved
FAIL0000171,TXN00003830,Payment Gateway Error,1,Unresolved
FAIL0000172,TXN00003836,Network Error,3,Resolved
FAIL0000173,TXN00003870,Limit Exceeded,2,Unresolved
FAIL0000174,TXN00003911,Bank Server Error,1,Resolved
FAIL0000175,TXN00003913,Bank Server Error,1,Resolved
FAIL0000176,TXN00003931,Invalid PIN,1,Unresolved
FAIL0000177,TXN00004006,Invalid PIN,1,Unresolved
FAIL0000178,TXN00004048,Insufficient Balance,3,Resolved
FAIL0000179,TXN00004051,Network Error,3,Resolved
FAIL0000180,TXN00004062,Insufficient Balance,2,Resolved
FAIL0000181,TXN00004131,Payment Gateway Error,1,Unresolved
FAIL0000182,TXN00004138,Network Error,1,Resolved
FAIL0000183,TXN00004144,Network Error,1,Resolved
FAIL0000184,TXN00004155,Payment Gateway Error,1,Resolved
FAIL0000185,TXN00004193,Insufficient Balance,1,Resolved
FAIL0000186,TXN00004262,Payment Gateway Error,1,Unresolved
FAIL0000187,TXN00004290,Insufficient Balance,1,Unresolved
FAIL0000188,TXN00004303,Bank Server Error,2,Resolved
FAIL0000189,TXN00004349,Network Error,1,Unresolved
FAIL0000190,TXN00004351,Payment Gateway Error,1,Resolved
FAIL0000191,TXN00004352,Bank Server Error,2,Unresolved
FAIL0000192,TXN00004393,Network Error,1,Unresolved
FAIL0000193,TXN00004476,Payment Gateway Error,1,Resolved
FAIL0000194,TXN00004489,Insufficient Balance,1,Unresolved
FAIL0000195,TXN00004491,Network Error,1,Resolved
FAIL0000196,TXN00004511,Network Error,1,Resolved
FAIL0000197,TXN00004517,Limit Exceeded,1,Unresolved
FAIL0000198,TXN00004531,Network Error,1,Resolved
FAIL0000199,TXN00004564,Insufficient Balance,1,Unresolved
FAIL0000200,TXN00004566,Payment Gateway Error,1,Resolved
FAIL0000201,TXN00004577,Limit Exceeded,1,Resolved
FAIL0000202,TXN00004587,Insufficient Balance,2,Resolved
FAIL0000203,TXN00004592,Payment Gateway Error,3,Resolved
FAIL0000204,TXN00004599,Insufficient Balance,2,Resolved
FAIL0000205,TXN00004619,Bank Server Error,1,Resolved
FAIL0000206,TXN00004631,Insufficient Balance,1,Resolved
FAIL0000207,TXN00004664,Bank Server Error,1,Unresolved
FAIL0000208,TXN00004707,Limit Exceeded,1,Resolved
FAIL0000209,TXN00004714,Bank Server Error,1,Resolved
FAIL0000210,TXN00004716,Insufficient Balance,1,Resolved
FAIL0000211,TXN00004739,Payment Gateway Error,1,Unresolved
FAIL0000212,TXN00004763,Insufficient Balance,2,Resolved
FAIL0000213,TXN00004787,Network Error,1,Resolved
FAIL0000214,TXN00004799,Insufficient Balance,1,Resolved
FAIL0000215,TXN00004816,Network Error,1,Resolved
FAIL0000216,TXN00004828,Invalid PIN,1,Unresolved
FAIL0000217,TXN00004829,Timeout,1,Resolved
FAIL0000218,TXN00004850,Payment Gateway Error,1,Resolved
FAIL0000219,TXN00004917,Limit Exceeded,3,Resolved
FAIL0000220,TXN00004927,Bank Server Error,2,Unresolved
FAIL0000221,TXN00005039,Insufficient Balance,2,Resolved
FAIL0000222,TXN00005045,Limit Exceeded,2,Unresolved
FAIL0000223,TXN00005073,Limit Exceeded,1,Resolved
FAIL0000224,TXN00005097,Bank Server Error,1,Unresolved
FAIL0000225,TXN00005200,Network Error,1,Resolved
FAIL0000226,TXN00005234,Bank Server Error,2,Unresolved
FAIL0000227,TXN00005242,Bank Server Error,2,Resolved
FAIL0000228,TXN00005252,Bank Server Error,1,Resolved
FAIL0000229,TXN00005255,Bank Server Error,1,Resolved
FAIL0000230,TXN00005263,Bank Server Error,1,Unresolved
FAIL0000231,TXN00005276,Invalid PIN,1,Unresolved
FAIL0000232,TXN00005281,Insufficient Balance,1,Resolved
FAIL0000233,TXN00005294,Bank Server Error,2,Unresolved
FAIL0000234,TXN00005300,Invalid PIN,1,Unresolved
FAIL0000235,TXN00005302,Insufficient Balance,1,Unresolved
FAIL0000236,TXN00005331,Payment Gateway Error,1,Resolved
FAIL0000237,TXN00005413,Invalid PIN,1,Unresolved
FAIL0000238,TXN00005441,Limit Exceeded,1,Unresolved
FAIL0000239,TXN00005465,Insufficient Balance,1,Unresolved
FAIL0000240,TXN00005468,Limit Exceeded,1,Unresolved
FAIL0000241,TXN00005498,Bank Server Error,2,Resolved
FAIL0000242,TXN00005565,Timeout,1,Resolved
FAIL0000243,TXN00005653,Payment Gateway Error,2,Resolved
FAIL0000244,TXN00005677,Insufficient Balance,1,Unresolved
FAIL0000245,TXN00005723,Insufficient Balance,1,Resolved
FAIL0000246,TXN00005732,Insufficient Balance,1,Resolved
FAIL0000247,TXN00005736,Timeout,1,Unresolved
FAIL0000248,TXN00005738,Insufficient Balance,2,Resolved
FAIL0000249,TXN00005761,Payment Gateway Error,1,Unresolved
FAIL0000250,TXN00005765,Payment Gateway Error,2,Resolved
FAIL0000251,TXN00005766,Bank Server Error,2,Resolved
FAIL0000252,TXN00005790,Bank Server Error,1,Resolved
FAIL0000253,TXN00005801,Insufficient Balance,2,Resolved
FAIL0000254,TXN00005805,Limit Exceeded,2,Resolved
FAIL0000255,TXN00005830,Bank Server Error,1,Resolved
FAIL0000256,TXN00005839,Limit Exceeded,1,Resolved
FAIL0000257,TXN00005889,Limit Exceeded,1,Unresolved
FAIL0000258,TXN00005922,Bank Server Error,2,Unresolved
FAIL0000259,TXN00005927,Timeout,1,Resolved
FAIL0000260,TXN00005950,Bank Server Error,2,Unresolved
FAIL0000261,TXN00005994,Bank Server Error,1,Unresolved
FAIL0000262,TXN00006016,Limit Exceeded,1,Unresolved
FAIL0000263,TXN00006094,Insufficient Balance,1,Resolved
FAIL0000264,TXN00006109,Network Error,1,Resolved
FAIL0000265,TXN00006114,Insufficient Balance,1,Resolved
FAIL0000266,TXN00006137,Bank Server Error,1,Resolved
FAIL0000267,TXN00006155,Limit Exceeded,1,Unresolved
FAIL0000268,TXN00006187,Invalid PIN,1,Unresolved
FAIL0000269,TXN00006212,Network Error,1,Unresolved
FAIL0000270,TXN00006239,Bank Server Error,2,Resolved
FAIL0000271,TXN00006290,Limit Exceeded,2,Resolved
FAIL0000272,TXN00006334,Invalid PIN,1,Unresolved
FAIL0000273,TXN00006338,Network Error,2,Unresolved
FAIL0000274,TXN00006354,Bank Server Error,1,Resolved
FAIL0000275,TXN00006369,Payment Gateway Error,1,Resolved
FAIL0000276,TXN00006371,Network Error,2,Resolved
FAIL0000277,TXN00006379,Invalid PIN,2,Resolved
FAIL0000278,TXN00006434,Limit Exceeded,1,Unresolved
FAIL0000279,TXN00006445,Insufficient Balance,1,Resolved
FAIL0000280,TXN00006447,Network Error,1,Resolved
FAIL0000281,TXN00006455,Bank Server Error,1,Resolved
FAIL0000282,TXN00006458,Insufficient Balance,2,Resolved
FAIL0000283,TXN00006517,Insufficient Balance,2,Unresolved
FAIL0000284,TXN00006565,Invalid PIN,1,Unresolved
FAIL0000285,TXN00006574,Network Error,2,Resolved
FAIL0000286,TXN00006588,Bank Server Error,1,Unresolved
FAIL0000287,TXN00006625,Insufficient Balance,1,Resolved
FAIL0000288,TXN00006673,Network Error,1,Resolved
FAIL0000289,TXN00006674,Limit Exceeded,1,Unresolved
FAIL0000290,TXN00006689,Limit Exceeded,1,Resolved
FAIL0000291,TXN00006697,Network Error,2,Unresolved
FAIL0000292,TXN00006714,Network Error,1,Resolved
FAIL0000293,TXN00006739,Insufficient Balance,1,Resolved
FAIL0000294,TXN00006764,Timeout,1,Resolved
FAIL0000295,TXN00006772,Network Error,2,Unresolved
FAIL0000296,TXN00006792,Bank Server Error,2,Resolved
FAIL0000297,TXN00006864,Network Error,1,Resolved
FAIL0000298,TXN00006882,Insufficient Balance,1,Unresolved
FAIL0000299,TXN00006892,Insufficient Balance,1,Unresolved
FAIL0000300,TXN00006913,Payment Gateway Error,1,Unresolved
FAIL0000301,TXN00006919,Invalid PIN,2,Resolved
FAIL0000302,TXN00006935,Bank Server Error,1,Unresolved
FAIL0000303,TXN00007053,Bank Server Error,1,Resolved
FAIL0000304,TXN00007056,Payment Gateway Error,1,Resolved
FAIL0000305,TXN00007076,Limit Exceeded,2,Resolved
FAIL0000306,TXN00007079,Limit Exceeded,1,Resolved
FAIL0000307,TXN00007121,Payment Gateway Error,1,Unresolved
FAIL0000308,TXN00007137,Network Error,2,Unresolved
FAIL0000309,TXN00007188,Payment Gateway Error,1,Resolved
FAIL0000310,TXN00007231,Bank Server Error,1,Resolved
FAIL0000311,TXN00007248,Network Error,2,Resolved
FAIL0000312,TXN00007271,Network Error,1,Unresolved
FAIL0000313,TXN00007274,Payment Gateway Error,1,Resolved
FAIL0000314,TXN00007281,Bank Server Error,2,Unresolved
FAIL0000315,TXN00007309,Insufficient Balance,1,Unresolved
FAIL0000316,TXN00007319,Limit Exceeded,1,Resolved
FAIL0000317,TXN00007322,Insufficient Balance,1,Resolved
FAIL0000318,TXN00007329,Payment Gateway Error,1,Unresolved
FAIL0000319,TXN00007343,Invalid PIN,1,Resolved
FAIL0000320,TXN00007355,Limit Exceeded,3,Resolved
FAIL0000321,TXN00007369,Limit Exceeded,1,Resolved
FAIL0000322,TXN00007438,Network Error,1,Unresolved
FAIL0000323,TXN00007450,Invalid PIN,1,Resolved
FAIL0000324,TXN00007463,Bank Server Error,1,Resolved
FAIL0000325,TXN00007467,Limit Exceeded,1,Unresolved
FAIL0000326,TXN00007506,Bank Server Error,1,Resolved
FAIL0000327,TXN00007508,Insufficient Balance,2,Resolved
FAIL0000328,TXN00007549,Payment Gateway Error,1,Unresolved
FAIL0000329,TXN00007577,Network Error,1,Resolved
FAIL0000330,TXN00007589,Limit Exceeded,1,Unresolved
FAIL0000331,TXN00007605,Timeout,3,Resolved
FAIL0000332,TXN00007614,Invalid PIN,1,Unresolved
FAIL0000333,TXN00007616,Limit Exceeded,1,Resolved
FAIL0000334,TXN00007618,Invalid PIN,3,Resolved
FAIL0000335,TXN00007673,Timeout,2,Unresolved
FAIL0000336,TXN00007676,Timeout,1,Resolved
FAIL0000337,TXN00007710,Bank Server Error,1,Unresolved
FAIL0000338,TXN00007736,Network Error,1,Resolved
FAIL0000339,TXN00007761,Network Error,1,Resolved
FAIL0000340,TXN00007779,Timeout,1,Unresolved
FAIL0000341,TXN00007784,Payment Gateway Error,2,Resolved
FAIL0000342,TXN00007831,Bank Server Error,1,Resolved
FAIL0000343,TXN00007887,Limit Exceeded,1,Unresolved
FAIL0000344,TXN00007949,Invalid PIN,2,Resolved
FAIL0000345,TXN00007990,Insufficient Balance,1,Resolved
FAIL0000346,TXN00007997,Bank Server Error,1,Resolved
FAIL0000347,TXN00008007,Timeout,1,Unresolved
FAIL0000348,TXN00008029,Insufficient Balance,2,Unresolved
FAIL0000349,TXN00008050,Payment Gateway Error,1,Resolved
FAIL0000350,TXN00008053,Insufficient Balance,1,Unresolved
FAIL0000351,TXN00008073,Payment Gateway Error,1,Unresolved
FAIL0000352,TXN00008098,Insufficient Balance,1,Unresolved
FAIL0000353,TXN00008112,Payment Gateway Error,1,Unresolved
FAIL0000354,TXN00008116,Bank Server Error,3,Resolved
FAIL0000355,TXN00008128,Limit Exceeded,1,Resolved
FAIL0000356,TXN00008142,Insufficient Balance,1,Resolved
FAIL0000357,TXN00008154,Bank Server Error,2,Unresolved
FAIL0000358,TXN00008170,Bank Server Error,2,Resolved
FAIL0000359,TXN00008183,Network Error,2,Resolved
FAIL0000360,TXN00008208,Insufficient Balance,1,Resolved
FAIL0000361,TXN00008211,Invalid PIN,1,Unresolved
FAIL0000362,TXN00008244,Insufficient Balance,1,Resolved
FAIL0000363,TXN00008294,Payment Gateway Error,1,Unresolved
FAIL0000364,TXN00008298,Limit Exceeded,1,Resolved
FAIL0000365,TXN00008323,Payment Gateway Error,1,Resolved
FAIL0000366,TXN00008394,Network Error,1,Unresolved
FAIL0000367,TXN00008415,Invalid PIN,2,Resolved
FAIL0000368,TXN00008427,Insufficient Balance,1,Unresolved
FAIL0000369,TXN00008441,Network Error,2,Resolved
FAIL0000370,TXN00008452,Bank Server Error,1,Resolved
FAIL0000371,TXN00008458,Payment Gateway Error,1,Resolved
FAIL0000372,TXN00008499,Insufficient Balance,1,Resolved
FAIL0000373,TXN00008506,Payment Gateway Error,1,Resolved
FAIL0000374,TXN00008508,Bank Server Error,1,Resolved
FAIL0000375,TXN00008528,Limit Exceeded,1,Unresolved
FAIL0000376,TXN00008550,Insufficient Balance,2,Resolved
FAIL0000377,TXN00008580,Payment Gateway Error,1,Resolved
FAIL0000378,TXN00008586,Invalid PIN,1,Resolved
FAIL0000379,TXN00008690,Insufficient Balance,1,Resolved
FAIL0000380,TXN00008711,Limit Exceeded,2,Resolved
FAIL0000381,TXN00008742,Bank Server Error,2,Resolved
FAIL0000382,TXN00008760,Payment Gateway Error,2,Resolved
FAIL0000383,TXN00008764,Limit Exceeded,1,Unresolved
FAIL0000384,TXN00008767,Bank Server Error,3,Resolved
FAIL0000385,TXN00008774,Invalid PIN,1,Unresolved
FAIL0000386,TXN00008782,Network Error,1,Unresolved
FAIL0000387,TXN00008786,Network Error,3,Resolved
FAIL0000388,TXN00008801,Limit Exceeded,2,Resolved
FAIL0000389,TXN00008820,Network Error,2,Resolved
FAIL0000390,TXN00008864,Insufficient Balance,1,Resolved
FAIL0000391,TXN00008900,Timeout,3,Resolved
FAIL0000392,TXN00008911,Payment Gateway Error,1,Resolved
FAIL0000393,TXN00008921,Bank Server Error,1,Resolved
FAIL0000394,TXN00008960,Payment Gateway Error,1,Unresolved
FAIL0000395,TXN00008962,Payment Gateway Error,2,Resolved
FAIL0000396,TXN00009008,Limit Exceeded,1,Unresolved
FAIL0000397,TXN00009012,Bank Server Error,1,Unresolved
FAIL0000398,TXN00009038,Timeout,1,Resolved
FAIL0000399,TXN00009084,Network Error,1,Resolved
FAIL0000400,TXN00009086,Network Error,2,Resolved
FAIL0000401,TXN00009108,Limit Exceeded,3,Resolved
FAIL0000402,TXN00009127,Timeout,2,Resolved
FAIL0000403,TXN00009150,Insufficient Balance,1,Unresolved
FAIL0000404,TXN00009154,Payment Gateway Error,1,Resolved
FAIL0000405,TXN00009179,Invalid PIN,1,Unresolved
FAIL0000406,TXN00009286,Insufficient Balance,2,Unresolved
FAIL0000407,TXN00009305,Payment Gateway Error,1,Unresolved
FAIL0000408,TXN00009308,Limit Exceeded,1,Resolved
FAIL0000409,TXN00009313,Limit Exceeded,1,Resolved
FAIL0000410,TXN00009314,Insufficient Balance,1,Resolved
FAIL0000411,TXN00009408,Bank Server Error,2,Resolved
FAIL0000412,TXN00009449,Insufficient Balance,1,Resolved
FAIL0000413,TXN00009626,Limit Exceeded,2,Resolved
FAIL0000414,TXN00009634,Bank Server Error,1,Resolved
FAIL0000415,TXN00009644,Bank Server Error,1,Resolved
FAIL0000416,TXN00009650,Network Error,1,Resolved
FAIL0000417,TXN00009653,Invalid PIN,1,Resolved
FAIL0000418,TXN00009681,Payment Gateway Error,2,Resolved
FAIL0000419,TXN00009786,Insufficient Balance,1,Resolved
FAIL0000420,TXN00009831,Network Error,1,Unresolved
FAIL0000421,TXN00009837,Bank Server Error,1,Unresolved
FAIL0000422,TXN00009855,Insufficient Balance,1,Resolved
FAIL0000423,TXN00009891,Insufficient Balance,1,Resolved
FAIL0000424,TXN00009893,Network Error,1,Unresolved
FAIL0000425,TXN00009901,Limit Exceeded,2,Resolved
FAIL0000426,TXN00009907,Bank Server Error,1,Resolved
FAIL0000427,TXN00009931,Insufficient Balance,2,Resolved
FAIL0000428,TXN00009948,Invalid PIN,1,Resolved
FAIL0000429,TXN00009980,Network Error,1,Unresolved
FAIL0000430,TXN00010012,Insufficient Balance,1,Unresolved
FAIL0000431,TXN00010025,Timeout,1,Unresolved
FAIL0000432,TXN00010039,Bank Server Error,1,Unresolved
FAIL0000433,TXN00010053,Bank Server Error,1,Resolved
FAIL0000434,TXN00010064,Insufficient Balance,1,Resolved
FAIL0000435,TXN00010080,Limit Exceeded,2,Unresolved
FAIL0000436,TXN00010101,Bank Server Error,1,Unresolved
FAIL0000437,TXN00010104,Payment Gateway Error,1,Resolved
FAIL0000438,TXN00010119,Network Error,1,Unresolved
FAIL0000439,TXN00010127,Bank Server Error,1,Resolved
FAIL0000440,TXN00010170,Timeout,1,Resolved
FAIL0000441,TXN00010181,Limit Exceeded,1,Resolved
FAIL0000442,TXN00010189,Insufficient Balance,1,Unresolved
FAIL0000443,TXN00010203,Limit Exceeded,1,Unresolved
FAIL0000444,TXN00010250,Limit Exceeded,3,Resolved
FAIL0000445,TXN00010262,Network Error,1,Resolved
FAIL0000446,TXN00010266,Timeout,1,Unresolved
FAIL0000447,TXN00010278,Network Error,1,Resolved
FAIL0000448,TXN00010321,Bank Server Error,1,Unresolved
FAIL0000449,TXN00010323,Insufficient Balance,1,Unresolved
FAIL0000450,TXN00010334,Bank Server Error,2,Resolved
FAIL0000451,TXN00010342,Invalid PIN,1,Resolved
FAIL0000452,TXN00010345,Network Error,1,Unresolved
FAIL0000453,TXN00010363,Network Error,2,Unresolved
FAIL0000454,TXN00010376,Bank Server Error,1,Resolved
FAIL0000455,TXN00010419,Limit Exceeded,1,Unresolved
FAIL0000456,TXN00010467,Network Error,3,Resolved
FAIL0000457,TXN00010511,Bank Server Error,1,Resolved
FAIL0000458,TXN00010516,Network Error,1,Resolved
FAIL0000459,TXN00010561,Network Error,1,Resolved
FAIL0000460,TXN00010595,Bank Server Error,1,Unresolved
FAIL0000461,TXN00010603,Limit Exceeded,1,Unresolved
FAIL0000462,TXN00010631,Bank Server Error,2,Resolved
FAIL0000463,TXN00010642,Timeout,1,Resolved
FAIL0000464,TXN00010664,Bank Server Error,1,Resolved
FAIL0000465,TXN00010669,Limit Exceeded,3,Resolved
FAIL0000466,TXN00010670,Limit Exceeded,1,Unresolved
FAIL0000467,TXN00010702,Network Error,1,Unresolved
FAIL0000468,TXN00010713,Timeout,1,Resolved
FAIL0000469,TXN00010753,Bank Server Error,1,Unresolved
FAIL0000470,TXN00010790,Network Error,1,Resolved
FAIL0000471,TXN00010800,Network Error,1,Resolved
FAIL0000472,TXN00010823,Bank Server Error,1,Unresolved
FAIL0000473,TXN00010931,Network Error,2,Resolved
FAIL0000474,TXN00010934,Limit Exceeded,2,Resolved
FAIL0000475,TXN00010952,Timeout,2,Resolved
FAIL0000476,TXN00010960,Insufficient Balance,2,Resolved
FAIL0000477,TXN00010961,Limit Exceeded,1,Resolved
FAIL0000478,TXN00011002,Limit Exceeded,3,Resolved
FAIL0000479,TXN00011017,Bank Server Error,1,Unresolved
FAIL0000480,TXN00011022,Network Error,2,Unresolved
FAIL0000481,TXN00011026,Limit Exceeded,1,Resolved
FAIL0000482,TXN00011027,Insufficient Balance,2,Resolved
FAIL0000483,TXN00011072,Limit Exceeded,2,Unresolved
FAIL0000484,TXN00011127,Network Error,1,Resolved
FAIL0000485,TXN00011165,Timeout,1,Unresolved
FAIL0000486,TXN00011175,Network Error,1,Resolved
FAIL0000487,TXN00011188,Insufficient Balance,1,Unresolved
FAIL0000488,TXN00011207,Limit Exceeded,1,Resolved
FAIL0000489,TXN00011212,Limit Exceeded,1,Unresolved
FAIL0000490,TXN00011215,Bank Server Error,2,Resolved
FAIL0000491,TXN00011229,Payment Gateway Error,1,Unresolved
FAIL0000492,TXN00011236,Network Error,1,Resolved
FAIL0000493,TXN00011254,Bank Server Error,1,Resolved
FAIL0000494,TXN00011301,Limit Exceeded,1,Unresolved
FAIL0000495,TXN00011330,Bank Server Error,2,Unresolved
FAIL0000496,TXN00011342,Limit Exceeded,1,Resolved
FAIL0000497,TXN00011343,Limit Exceeded,3,Resolved
FAIL0000498,TXN00011401,Insufficient Balance,1,Unresolved
FAIL0000499,TXN00011403,Invalid PIN,1,Resolved
FAIL0000500,TXN00011407,Insufficient Balance,1,Unresolved
FAIL0000501,TXN00011449,Payment Gateway Error,1,Unresolved
FAIL0000502,TXN00011476,Payment Gateway Error,1,Resolved
FAIL0000503,TXN00011515,Bank Server Error,1,Unresolved
FAIL0000504,TXN00011566,Limit Exceeded,1,Unresolved
FAIL0000505,TXN00011623,Bank Server Error,1,Unresolved
FAIL0000506,TXN00011674,Network Error,1,Unresolved
FAIL0000507,TXN00011682,Insufficient Balance,2,Unresolved
FAIL0000508,TXN00011686,Bank Server Error,1,Resolved
FAIL0000509,TXN00011697,Network Error,1,Unresolved
FAIL0000510,TXN00011703,Bank Server Error,2,Resolved
FAIL0000511,TXN00011746,Network Error,2,Unresolved
FAIL0000512,TXN00011776,Invalid PIN,1,Unresolved
FAIL0000513,TXN00011792,Insufficient Balance,1,Resolved
FAIL0000514,TXN00011797,Timeout,2,Resolved
FAIL0000515,TXN00011821,Bank Server Error,2,Unresolved
FAIL0000516,TXN00011823,Payment Gateway Error,1,Unresolved
FAIL0000517,TXN00011837,Network Error,1,Resolved
FAIL0000518,TXN00011840,Limit Exceeded,2,Resolved
FAIL0000519,TXN00011898,Limit Exceeded,1,Resolved
FAIL0000520,TXN00011900,Payment Gateway Error,1,Resolved
FAIL0000521,TXN00011913,Bank Server Error,1,Unresolved
FAIL0000522,TXN00011987,Invalid PIN,1,Unresolved
FAIL0000523,TXN00012022,Insufficient Balance,1,Resolved
FAIL0000524,TXN00012025,Payment Gateway Error,3,Resolved
FAIL0000525,TXN00012059,Insufficient Balance,2,Resolved
FAIL0000526,TXN00012074,Invalid PIN,1,Unresolved
FAIL0000527,TXN00012077,Timeout,1,Resolved
FAIL0000528,TXN00012155,Network Error,1,Resolved
FAIL0000529,TXN00012168,Bank Server Error,3,Resolved
FAIL0000530,TXN00012170,Insufficient Balance,2,Unresolved
FAIL0000531,TXN00012191,Bank Server Error,1,Unresolved
FAIL0000532,TXN00012248,Network Error,1,Unresolved
FAIL0000533,TXN00012270,Payment Gateway Error,1,Unresolved
FAIL0000534,TXN00012286,Insufficient Balance,1,Unresolved
FAIL0000535,TXN00012299,Limit Exceeded,1,Unresolved
FAIL0000536,TXN00012331,Bank Server Error,2,Unresolved
FAIL0000537,TXN00012346,Payment Gateway Error,1,Unresolved
FAIL0000538,TXN00012356,Bank Server Error,1,Unresolved
FAIL0000539,TXN00012402,Bank Server Error,1,Unresolved
FAIL0000540,TXN00012406,Payment Gateway Error,1,Unresolved
FAIL0000541,TXN00012417,Insufficient Balance,1,Resolved
FAIL0000542,TXN00012433,Insufficient Balance,1,Resolved
FAIL0000543,TXN00012436,Insufficient Balance,1,Resolved
FAIL0000544,TXN00012449,Bank Server Error,1,Resolved
FAIL0000545,TXN00012457,Insufficient Balance,1,Resolved
FAIL0000546,TXN00012499,Insufficient Balance,1,Unresolved
FAIL0000547,TXN00012527,Invalid PIN,2,Resolved
FAIL0000548,TXN00012555,Payment Gateway Error,1,Resolved
FAIL0000549,TXN00012562,Insufficient Balance,1,Unresolved
FAIL0000550,TXN00012580,Limit Exceeded,1,Unresolved
FAIL0000551,TXN00012597,Payment Gateway Error,1,Unresolved
FAIL0000552,TXN00012608,Limit Exceeded,2,Resolved
FAIL0000553,TXN00012618,Payment Gateway Error,2,Resolved
FAIL0000554,TXN00012620,Payment Gateway Error,3,Resolved
FAIL0000555,TXN00012629,Payment Gateway Error,1,Resolved
FAIL0000556,TXN00012631,Bank Server Error,3,Resolved
FAIL0000557,TXN00012639,Network Error,1,Resolved
FAIL0000558,TXN00012677,Bank Server Error,1,Resolved
FAIL0000559,TXN00012694,Invalid PIN,1,Unresolved
FAIL0000560,TXN00012723,Bank Server Error,1,Unresolved
FAIL0000561,TXN00012755,Limit Exceeded,2,Unresolved
FAIL0000562,TXN00012758,Bank Server Error,2,Resolved
FAIL0000563,TXN00012850,Insufficient Balance,1,Resolved
FAIL0000564,TXN00012894,Timeout,3,Resolved
FAIL0000565,TXN00012933,Insufficient Balance,1,Resolved
FAIL0000566,TXN00012944,Timeout,2,Unresolved
FAIL0000567,TXN00012986,Network Error,1,Resolved
FAIL0000568,TXN00013003,Insufficient Balance,3,Unresolved
FAIL0000569,TXN00013064,Network Error,2,Resolved
FAIL0000570,TXN00013125,Insufficient Balance,1,Resolved
FAIL0000571,TXN00013166,Insufficient Balance,1,Resolved
FAIL0000572,TXN00013173,Invalid PIN,1,Unresolved
FAIL0000573,TXN00013230,Insufficient Balance,1,Resolved
FAIL0000574,TXN00013269,Payment Gateway Error,1,Unresolved
FAIL0000575,TXN00013282,Invalid PIN,1,Resolved
FAIL0000576,TXN00013291,Insufficient Balance,2,Resolved
FAIL0000577,TXN00013322,Bank Server Error,3,Resolved
FAIL0000578,TXN00013324,Insufficient Balance,1,Unresolved
FAIL0000579,TXN00013343,Payment Gateway Error,1,Unresolved
FAIL0000580,TXN00013358,Payment Gateway Error,1,Unresolved
FAIL0000581,TXN00013363,Bank Server Error,2,Resolved
FAIL0000582,TXN00013379,Payment Gateway Error,1,Unresolved
FAIL0000583,TXN00013401,Insufficient Balance,1,Resolved
FAIL0000584,TXN00013458,Insufficient Balance,2,Resolved
FAIL0000585,TXN00013470,Bank Server Error,1,Unresolved
FAIL0000586,TXN00013475,Bank Server Error,1,Unresolved
FAIL0000587,TXN00013496,Limit Exceeded,1,Unresolved
FAIL0000588,TXN00013503,Bank Server Error,1,Resolved
FAIL0000589,TXN00013575,Network Error,1,Resolved
FAIL0000590,TXN00013578,Bank Server Error,1,Resolved
FAIL0000591,TXN00013588,Insufficient Balance,1,Unresolved
FAIL0000592,TXN00013607,Bank Server Error,1,Resolved
FAIL0000593,TXN00013669,Bank Server Error,1,Unresolved
FAIL0000594,TXN00013673,Network Error,1,Unresolved
FAIL0000595,TXN00013698,Bank Server Error,1,Resolved
FAIL0000596,TXN00013701,Network Error,1,Unresolved
FAIL0000597,TXN00013740,Network Error,1,Resolved
FAIL0000598,TXN00013777,Network Error,1,Unresolved
FAIL0000599,TXN00013805,Insufficient Balance,1,Resolved
FAIL0000600,TXN00013842,Insufficient Balance,1,Resolved
FAIL0000601,TXN00013866,Network Error,2,Resolved
FAIL0000602,TXN00013889,Insufficient Balance,1,Resolved
FAIL0000603,TXN00013918,Timeout,1,Unresolved
FAIL0000604,TXN00013920,Bank Server Error,3,Resolved
FAIL0000605,TXN00014049,Limit Exceeded,3,Resolved
FAIL0000606,TXN00014078,Bank Server Error,1,Resolved
FAIL0000607,TXN00014200,Payment Gateway Error,2,Unresolved
FAIL0000608,TXN00014214,Limit Exceeded,2,Resolved
FAIL0000609,TXN00014218,Payment Gateway Error,1,Resolved
FAIL0000610,TXN00014221,Network Error,1,Resolved
FAIL0000611,TXN00014246,Limit Exceeded,2,Resolved
FAIL0000612,TXN00014251,Limit Exceeded,1,Unresolved
FAIL0000613,TXN00014253,Payment Gateway Error,2,Resolved
FAIL0000614,TXN00014259,Payment Gateway Error,1,Unresolved
FAIL0000615,TXN00014310,Limit Exceeded,1,Resolved
FAIL0000616,TXN00014332,Payment Gateway Error,3,Resolved
FAIL0000617,TXN00014333,Payment Gateway Error,1,Unresolved
FAIL0000618,TXN00014371,Network Error,1,Resolved
FAIL0000619,TXN00014414,Network Error,1,Unresolved
FAIL0000620,TXN00014425,Bank Server Error,1,Resolved
FAIL0000621,TXN00014533,Limit Exceeded,1,Resolved
FAIL0000622,TXN00014552,Network Error,1,Resolved
FAIL0000623,TXN00014560,Insufficient Balance,1,Unresolved
FAIL0000624,TXN00014590,Insufficient Balance,1,Resolved
FAIL0000625,TXN00014609,Timeout,2,Resolved
FAIL0000626,TXN00014664,Bank Server Error,1,Resolved
FAIL0000627,TXN00014687,Network Error,1,Unresolved
FAIL0000628,TXN00014712,Bank Server Error,2,Resolved
FAIL0000629,TXN00014730,Payment Gateway Error,1,Resolved
FAIL0000630,TXN00014732,Limit Exceeded,1,Resolved
FAIL0000631,TXN00014733,Bank Server Error,1,Resolved
FAIL0000632,TXN00014736,Bank Server Error,1,Unresolved
FAIL0000633,TXN00014781,Bank Server Error,1,Unresolved
FAIL0000634,TXN00014796,Limit Exceeded,1,Resolved
FAIL0000635,TXN00014818,Payment Gateway Error,1,Resolved
FAIL0000636,TXN00014857,Bank Server Error,1,Resolved
FAIL0000637,TXN00014871,Insufficient Balance,1,Resolved
FAIL0000638,TXN00014888,Insufficient Balance,3,Resolved
FAIL0000639,TXN00014893,Timeout,1,Resolved
FAIL0000640,TXN00014932,Network Error,1,Resolved
FAIL0000641,TXN00014952,Bank Server Error,2,Unresolved
FAIL0000642,TXN00014953,Timeout,1,Resolved
FAIL0000643,TXN00014975,Timeout,1,Resolved
FAIL0000644,TXN00015022,Bank Server Error,1,Resolved
FAIL0000645,TXN00015032,Insufficient Balance,2,Unresolved
FAIL0000646,TXN00015037,Insufficient Balance,1,Resolved
FAIL0000647,TXN00015069,Bank Server Error,1,Unresolved
FAIL0000648,TXN00015082,Payment Gateway Error,1,Unresolved
FAIL0000649,TXN00015089,Bank Server Error,3,Resolved
FAIL0000650,TXN00015143,Network Error,1,Resolved
FAIL0000651,TXN00015177,Bank Server Error,1,Resolved
FAIL0000652,TXN00015188,Network Error,2,Resolved
FAIL0000653,TXN00015231,Insufficient Balance,3,Unresolved
FAIL0000654,TXN00015232,Payment Gateway Error,1,Resolved
FAIL0000655,TXN00015265,Insufficient Balance,1,Resolved
FAIL0000656,TXN00015269,Limit Exceeded,1,Unresolved
FAIL0000657,TXN00015277,Bank Server Error,1,Resolved
FAIL0000658,TXN00015325,Insufficient Balance,2,Resolved
FAIL0000659,TXN00015330,Bank Server Error,1,Resolved
FAIL0000660,TXN00015333,Invalid PIN,1,Resolved
FAIL0000661,TXN00015389,Payment Gateway Error,3,Resolved
FAIL0000662,TXN00015409,Payment Gateway Error,1,Resolved
FAIL0000663,TXN00015412,Bank Server Error,1,Unresolved
FAIL0000664,TXN00015417,Insufficient Balance,1,Unresolved
FAIL0000665,TXN00015429,Network Error,1,Resolved
FAIL0000666,TXN00015455,Bank Server Error,1,Unresolved
FAIL0000667,TXN00015456,Network Error,1,Resolved
FAIL0000668,TXN00015461,Insufficient Balance,1,Resolved
FAIL0000669,TXN00015496,Bank Server Error,1,Unresolved
FAIL0000670,TXN00015502,Invalid PIN,1,Unresolved
FAIL0000671,TXN00015509,Insufficient Balance,1,Resolved
FAIL0000672,TXN00015527,Insufficient Balance,2,Unresolved
FAIL0000673,TXN00015541,Limit Exceeded,1,Resolved
FAIL0000674,TXN00015555,Bank Server Error,1,Unresolved
FAIL0000675,TXN00015629,Bank Server Error,1,Resolved
FAIL0000676,TXN00015654,Limit Exceeded,1,Unresolved
FAIL0000677,TXN00015681,Network Error,1,Resolved
FAIL0000678,TXN00015759,Bank Server Error,1,Unresolved
FAIL0000679,TXN00015774,Insufficient Balance,1,Unresolved
FAIL0000680,TXN00015775,Insufficient Balance,1,Unresolved
FAIL0000681,TXN00015781,Limit Exceeded,1,Unresolved
FAIL0000682,TXN00015785,Invalid PIN,1,Resolved
FAIL0000683,TXN00015879,Bank Server Error,1,Resolved
FAIL0000684,TXN00015922,Payment Gateway Error,1,Unresolved
FAIL0000685,TXN00015927,Bank Server Error,1,Resolved
FAIL0000686,TXN00015937,Bank Server Error,2,Resolved
FAIL0000687,TXN00015942,Payment Gateway Error,1,Resolved
FAIL0000688,TXN00015953,Insufficient Balance,3,Unresolved
FAIL0000689,TXN00016001,Network Error,1,Unresolved
FAIL0000690,TXN00016041,Timeout,1,Resolved
FAIL0000691,TXN00016045,Network Error,1,Resolved
FAIL0000692,TXN00016054,Bank Server Error,2,Unresolved
FAIL0000693,TXN00016055,Bank Server Error,1,Resolved
FAIL0000694,TXN00016076,Timeout,1,Resolved
FAIL0000695,TXN00016130,Limit Exceeded,1,Unresolved
FAIL0000696,TXN00016162,Network Error,1,Resolved
FAIL0000697,TXN00016165,Bank Server Error,1,Unresolved
FAIL0000698,TXN00016183,Limit Exceeded,2,Resolved
FAIL0000699,TXN00016194,Limit Exceeded,1,Resolved
FAIL0000700,TXN00016200,Invalid PIN,2,Resolved
FAIL0000701,TXN00016204,Payment Gateway Error,1,Unresolved
FAIL0000702,TXN00016215,Timeout,3,Unresolved
FAIL0000703,TXN00016228,Limit Exceeded,3,Resolved
FAIL0000704,TXN00016244,Invalid PIN,1,Unresolved
FAIL0000705,TXN00016245,Insufficient Balance,1,Resolved
FAIL0000706,TXN00016250,Invalid PIN,1,Unresolved
FAIL0000707,TXN00016302,Timeout,1,Resolved
FAIL0000708,TXN00016303,Network Error,1,Resolved
FAIL0000709,TXN00016306,Timeout,1,Resolved
FAIL0000710,TXN00016353,Limit Exceeded,1,Unresolved
FAIL0000711,TXN00016435,Limit Exceeded,1,Unresolved
FAIL0000712,TXN00016455,Network Error,1,Resolved
FAIL0000713,TXN00016467,Invalid PIN,1,Resolved
FAIL0000714,TXN00016501,Bank Server Error,1,Resolved
FAIL0000715,TXN00016509,Invalid PIN,1,Unresolved
FAIL0000716,TXN00016542,Insufficient Balance,1,Unresolved
FAIL0000717,TXN00016549,Network Error,1,Resolved
FAIL0000718,TXN00016559,Bank Server Error,3,Resolved
FAIL0000719,TXN00016573,Limit Exceeded,1,Unresolved
FAIL0000720,TXN00016580,Bank Server Error,1,Resolved
FAIL0000721,TXN00016627,Insufficient Balance,1,Unresolved
FAIL0000722,TXN00016661,Invalid PIN,1,Resolved
FAIL0000723,TXN00016667,Timeout,1,Resolved
FAIL0000724,TXN00016713,Timeout,1,Resolved
FAIL0000725,TXN00016760,Invalid PIN,2,Resolved
FAIL0000726,TXN00016776,Invalid PIN,2,Resolved
FAIL0000727,TXN00016780,Limit Exceeded,1,Unresolved
FAIL0000728,TXN00016783,Bank Server Error,1,Unresolved
FAIL0000729,TXN00016784,Limit Exceeded,1,Unresolved
FAIL0000730,TXN00016809,Bank Server Error,1,Resolved
FAIL0000731,TXN00016817,Payment Gateway Error,1,Resolved
FAIL0000732,TXN00016863,Bank Server Error,2,Resolved
FAIL0000733,TXN00016913,Timeout,1,Unresolved
FAIL0000734,TXN00016918,Limit Exceeded,1,Resolved
FAIL0000735,TXN00016976,Bank Server Error,2,Resolved
FAIL0000736,TXN00016984,Bank Server Error,1,Unresolved
FAIL0000737,TXN00017027,Payment Gateway Error,3,Resolved
FAIL0000738,TXN00017043,Invalid PIN,1,Unresolved
FAIL0000739,TXN00017093,Timeout,1,Resolved
FAIL0000740,TXN00017114,Bank Server Error,1,Unresolved
FAIL0000741,TXN00017122,Limit Exceeded,1,Unresolved
FAIL0000742,TXN00017169,Timeout,1,Resolved
FAIL0000743,TXN00017170,Network Error,1,Resolved
FAIL0000744,TXN00017200,Limit Exceeded,2,Resolved
FAIL0000745,TXN00017220,Network Error,1,Resolved
FAIL0000746,TXN00017227,Network Error,3,Resolved
FAIL0000747,TXN00017236,Limit Exceeded,1,Unresolved
FAIL0000748,TXN00017266,Insufficient Balance,1,Resolved
FAIL0000749,TXN00017268,Limit Exceeded,1,Unresolved
FAIL0000750,TXN00017272,Payment Gateway Error,2,Resolved
FAIL0000751,TXN00017283,Network Error,1,Unresolved
FAIL0000752,TXN00017287,Payment Gateway Error,1,Unresolved
FAIL0000753,TXN00017289,Network Error,1,Unresolved
FAIL0000754,TXN00017322,Bank Server Error,1,Unresolved
FAIL0000755,TXN00017371,Limit Exceeded,1,Unresolved
FAIL0000756,TXN00017376,Limit Exceeded,2,Unresolved
FAIL0000757,TXN00017391,Invalid PIN,2,Unresolved
FAIL0000758,TXN00017397,Insufficient Balance,3,Resolved
FAIL0000759,TXN00017415,Network Error,1,Resolved
FAIL0000760,TXN00017435,Payment Gateway Error,1,Unresolved
FAIL0000761,TXN00017483,Payment Gateway Error,2,Resolved
FAIL0000762,TXN00017518,Payment Gateway Error,1,Unresolved
FAIL0000763,TXN00017520,Insufficient Balance,1,Resolved
FAIL0000764,TXN00017540,Limit Exceeded,1,Unresolved
FAIL0000765,TXN00017579,Timeout,1,Resolved
FAIL0000766,TXN00017596,Bank Server Error,1,Unresolved
FAIL0000767,TXN00017666,Insufficient Balance,2,Resolved
FAIL0000768,TXN00017716,Limit Exceeded,3,Resolved
FAIL0000769,TXN00017718,Insufficient Balance,1,Resolved
FAIL0000770,TXN00017744,Payment Gateway Error,2,Resolved
FAIL0000771,TXN00017760,Bank Server Error,1,Resolved
FAIL0000772,TXN00017785,Invalid PIN,3,Resolved
FAIL0000773,TXN00017841,Insufficient Balance,2,Resolved
FAIL0000774,TXN00017905,Limit Exceeded,1,Unresolved
FAIL0000775,TXN00017919,Bank Server Error,1,Resolved
FAIL0000776,TXN00017975,Insufficient Balance,2,Resolved
FAIL0000777,TXN00017987,Payment Gateway Error,1,Unresolved
FAIL0000778,TXN00018004,Invalid PIN,1,Resolved
FAIL0000779,TXN00018036,Payment Gateway Error,1,Unresolved
FAIL0000780,TXN00018038,Bank Server Error,1,Resolved
FAIL0000781,TXN00018065,Invalid PIN,1,Resolved
FAIL0000782,TXN00018068,Limit Exceeded,2,Resolved
FAIL0000783,TXN00018090,Payment Gateway Error,1,Resolved
FAIL0000784,TXN00018105,Bank Server Error,2,Resolved
FAIL0000785,TXN00018112,Bank Server Error,1,Resolved
FAIL0000786,TXN00018115,Insufficient Balance,1,Resolved
FAIL0000787,TXN00018118,Bank Server Error,1,Unresolved
FAIL0000788,TXN00018140,Insufficient Balance,1,Unresolved
FAIL0000789,TXN00018145,Payment Gateway Error,1,Resolved
FAIL0000790,TXN00018178,Network Error,2,Resolved
FAIL0000791,TXN00018203,Payment Gateway Error,2,Unresolved
FAIL0000792,TXN00018206,Insufficient Balance,1,Resolved
FAIL0000793,TXN00018247,Insufficient Balance,3,Resolved
FAIL0000794,TXN00018258,Bank Server Error,1,Unresolved
FAIL0000795,TXN00018262,Payment Gateway Error,3,Unresolved
FAIL0000796,TXN00018269,Insufficient Balance,1,Resolved
FAIL0000797,TXN00018280,Timeout,1,Unresolved
FAIL0000798,TXN00018323,Bank Server Error,1,Unresolved
FAIL0000799,TXN00018355,Bank Server Error,1,Resolved
FAIL0000800,TXN00018368,Invalid PIN,1,Unresolved
FAIL0000801,TXN00018371,Payment Gateway Error,2,Resolved
FAIL0000802,TXN00018398,Network Error,1,Resolved
FAIL0000803,TXN00018417,Bank Server Error,2,Resolved
FAIL0000804,TXN00018430,Bank Server Error,2,Resolved
FAIL0000805,TXN00018441,Network Error,1,Resolved
FAIL0000806,TXN00018530,Bank Server Error,2,Resolved
FAIL0000807,TXN00018531,Insufficient Balance,1,Unresolved
FAIL0000808,TXN00018550,Insufficient Balance,1,Resolved
FAIL0000809,TXN00018562,Bank Server Error,1,Unresolved
FAIL0000810,TXN00018579,Payment Gateway Error,2,Resolved
FAIL0000811,TXN00018629,Network Error,1,Resolved
FAIL0000812,TXN00018632,Payment Gateway Error,2,Unresolved
FAIL0000813,TXN00018640,Network Error,1,Unresolved
FAIL0000814,TXN00018674,Limit Exceeded,1,Unresolved
FAIL0000815,TXN00018677,Insufficient Balance,1,Resolved
FAIL0000816,TXN00018680,Invalid PIN,1,Unresolved
FAIL0000817,TXN00018709,Limit Exceeded,1,Resolved
FAIL0000818,TXN00018718,Payment Gateway Error,2,Unresolved
FAIL0000819,TXN00018719,Network Error,1,Resolved
FAIL0000820,TXN00018737,Network Error,1,Unresolved
FAIL0000821,TXN00018739,Network Error,2,Resolved
FAIL0000822,TXN00018740,Bank Server Error,1,Resolved
FAIL0000823,TXN00018767,Limit Exceeded,1,Resolved
FAIL0000824,TXN00018855,Insufficient Balance,2,Unresolved
FAIL0000825,TXN00018881,Limit Exceeded,1,Resolved
FAIL0000826,TXN00018903,Limit Exceeded,2,Resolved
FAIL0000827,TXN00018927,Limit Exceeded,1,Unresolved
FAIL0000828,TXN00018942,Limit Exceeded,2,Unresolved
FAIL0000829,TXN00018957,Bank Server Error,1,Resolved
FAIL0000830,TXN00018965,Timeout,1,Unresolved
FAIL0000831,TXN00018980,Limit Exceeded,1,Unresolved
FAIL0000832,TXN00019020,Payment Gateway Error,2,Resolved
FAIL0000833,TXN00019023,Limit Exceeded,1,Unresolved
FAIL0000834,TXN00019048,Network Error,3,Resolved
FAIL0000835,TXN00019071,Insufficient Balance,1,Resolved
FAIL0000836,TXN00019104,Limit Exceeded,1,Unresolved
FAIL0000837,TXN00019139,Limit Exceeded,1,Unresolved
FAIL0000838,TXN00019167,Bank Server Error,1,Resolved
FAIL0000839,TXN00019184,Bank Server Error,1,Unresolved
FAIL0000840,TXN00019193,Network Error,1,Resolved
FAIL0000841,TXN00019239,Limit Exceeded,2,Unresolved
FAIL0000842,TXN00019287,Invalid PIN,2,Resolved
FAIL0000843,TXN00019311,Timeout,1,Unresolved
FAIL0000844,TXN00019349,Network Error,1,Resolved
FAIL0000845,TXN00019350,Bank Server Error,1,Resolved
FAIL0000846,TXN00019352,Bank Server Error,2,Unresolved
FAIL0000847,TXN00019381,Insufficient Balance,1,Resolved
FAIL0000848,TXN00019396,Insufficient Balance,1,Resolved
FAIL0000849,TXN00019440,Network Error,1,Unresolved
FAIL0000850,TXN00019470,Bank Server Error,1,Resolved
FAIL0000851,TXN00019476,Limit Exceeded,2,Unresolved
FAIL0000852,TXN00019500,Bank Server Error,1,Resolved
FAIL0000853,TXN00019532,Timeout,2,Resolved
FAIL0000854,TXN00019562,Network Error,1,Unresolved
FAIL0000855,TXN00019588,Network Error,2,Unresolved
FAIL0000856,TXN00019598,Limit Exceeded,2,Resolved
FAIL0000857,TXN00019605,Limit Exceeded,1,Resolved
FAIL0000858,TXN00019611,Insufficient Balance,1,Unresolved
FAIL0000859,TXN00019632,Insufficient Balance,2,Unresolved
FAIL0000860,TXN00019639,Bank Server Error,2,Resolved
FAIL0000861,TXN00019651,Payment Gateway Error,2,Resolved
FAIL0000862,TXN00019655,Insufficient Balance,2,Resolved
FAIL0000863,TXN00019670,Bank Server Error,2,Unresolved
FAIL0000864,TXN00019695,Insufficient Balance,1,Resolved
FAIL0000865,TXN00019698,Invalid PIN,1,Resolved
FAIL0000866,TXN00019699,Bank Server Error,1,Unresolved
FAIL0000867,TXN00019701,Timeout,1,Unresolved
FAIL0000868,TXN00019745,Insufficient Balance,1,Resolved
FAIL0000869,TXN00019766,Bank Server Error,1,Unresolved
FAIL0000870,TXN00019813,Insufficient Balance,1,Resolved
FAIL0000871,TXN00019832,Invalid PIN,3,Resolved
FAIL0000872,TXN00019839,Insufficient Balance,1,Unresolved
FAIL0000873,TXN00019885,Payment Gateway Error,1,Resolved
FAIL0000874,TXN00019944,Invalid PIN,1,Resolved
FAIL0000875,TXN00019957,Bank Server Error,2,Unresolved
FAIL0000876,TXN00019975,Insufficient Balance,1,Unresolved
FAIL0000877,TXN00019985,Network Error,3,Resolved
FAIL0000878,TXN00019993,Network Error,2,Unresolved
FAIL0000879,TXN00020050,Insufficient Balance,3,Resolved
FAIL0000880,TXN00020054,Invalid PIN,3,Resolved
FAIL0000881,TXN00020112,Bank Server Error,1,Resolved
FAIL0000882,TXN00020118,Network Error,2,Resolved
FAIL0000883,TXN00020139,Bank Server Error,1,Unresolved
FAIL0000884,TXN00020162,Insufficient Balance,2,Resolved
FAIL0000885,TXN00020190,Network Error,2,Resolved
FAIL0000886,TXN00020206,Insufficient Balance,1,Unresolved
FAIL0000887,TXN00020213,Network Error,1,Unresolved
FAIL0000888,TXN00020219,Limit Exceeded,2,Resolved
FAIL0000889,TXN00020237,Timeout,1,Resolved
FAIL0000890,TXN00020239,Payment Gateway Error,1,Unresolved
FAIL0000891,TXN00020242,Insufficient Balance,1,Resolved
FAIL0000892,TXN00020244,Network Error,1,Resolved
FAIL0000893,TXN00020263,Invalid PIN,2,Resolved
FAIL0000894,TXN00020265,Network Error,1,Unresolved
FAIL0000895,TXN00020357,Bank Server Error,1,Unresolved
FAIL0000896,TXN00020395,Bank Server Error,1,Resolved
FAIL0000897,TXN00020397,Network Error,1,Unresolved
FAIL0000898,TXN00020419,Network Error,1,Unresolved
FAIL0000899,TXN00020425,Network Error,1,Resolved
FAIL0000900,TXN00020468,Network Error,1,Resolved
FAIL0000901,TXN00020527,Insufficient Balance,1,Unresolved
FAIL0000902,TXN00020536,Payment Gateway Error,3,Resolved
FAIL0000903,TXN00020543,Invalid PIN,2,Unresolved
FAIL0000904,TXN00020558,Insufficient Balance,1,Resolved
FAIL0000905,TXN00020563,Limit Exceeded,2,Resolved
FAIL0000906,TXN00020573,Bank Server Error,1,Unresolved
FAIL0000907,TXN00020586,Payment Gateway Error,1,Resolved
FAIL0000908,TXN00020598,Payment Gateway Error,1,Unresolved
FAIL0000909,TXN00020599,Limit Exceeded,1,Resolved
FAIL0000910,TXN00020600,Bank Server Error,2,Resolved
FAIL0000911,TXN00020615,Bank Server Error,1,Unresolved
FAIL0000912,TXN00020652,Insufficient Balance,1,Unresolved
FAIL0000913,TXN00020656,Timeout,1,Unresolved
FAIL0000914,TXN00020669,Bank Server Error,2,Unresolved
FAIL0000915,TXN00020673,Payment Gateway Error,3,Resolved
FAIL0000916,TXN00020688,Payment Gateway Error,1,Resolved
FAIL0000917,TXN00020763,Timeout,3,Resolved
FAIL0000918,TXN00020777,Bank Server Error,1,Unresolved
FAIL0000919,TXN00020778,Network Error,1,Resolved
FAIL0000920,TXN00020781,Limit Exceeded,2,Resolved
FAIL0000921,TXN00020831,Bank Server Error,1,Unresolved
FAIL0000922,TXN00020871,Network Error,1,Unresolved
FAIL0000923,TXN00020873,Network Error,2,Unresolved
FAIL0000924,TXN00020903,Limit Exceeded,1,Resolved
FAIL0000925,TXN00020906,Insufficient Balance,1,Resolved
FAIL0000926,TXN00020930,Timeout,2,Resolved
FAIL0000927,TXN00020949,Limit Exceeded,1,Resolved
FAIL0000928,TXN00020966,Bank Server Error,1,Unresolved
FAIL0000929,TXN00020974,Insufficient Balance,1,Resolved
FAIL0000930,TXN00021064,Payment Gateway Error,1,Resolved
FAIL0000931,TXN00021070,Network Error,1,Resolved
FAIL0000932,TXN00021095,Network Error,1,Unresolved
FAIL0000933,TXN00021119,Payment Gateway Error,1,Unresolved
FAIL0000934,TXN00021163,Insufficient Balance,1,Resolved
FAIL0000935,TXN00021199,Insufficient Balance,1,Resolved
FAIL0000936,TXN00021203,Bank Server Error,1,Resolved
FAIL0000937,TXN00021219,Timeout,2,Unresolved
FAIL0000938,TXN00021223,Limit Exceeded,1,Unresolved
FAIL0000939,TXN00021231,Timeout,2,Resolved
FAIL0000940,TXN00021277,Timeout,2,Resolved
FAIL0000941,TXN00021291,Timeout,1,Unresolved
FAIL0000942,TXN00021295,Payment Gateway Error,1,Resolved
FAIL0000943,TXN00021393,Limit Exceeded,1,Unresolved
FAIL0000944,TXN00021418,Limit Exceeded,2,Resolved
FAIL0000945,TXN00021422,Network Error,1,Resolved
FAIL0000946,TXN00021488,Payment Gateway Error,1,Resolved
FAIL0000947,TXN00021492,Bank Server Error,1,Resolved
FAIL0000948,TXN00021551,Limit Exceeded,1,Unresolved
FAIL0000949,TXN00021561,Payment Gateway Error,1,Resolved
FAIL0000950,TXN00021563,Bank Server Error,1,Unresolved
FAIL0000951,TXN00021569,Network Error,3,Resolved
FAIL0000952,TXN00021598,Bank Server Error,1,Resolved
FAIL0000953,TXN00021604,Payment Gateway Error,1,Resolved
FAIL0000954,TXN00021624,Payment Gateway Error,1,Unresolved
FAIL0000955,TXN00021626,Insufficient Balance,1,Resolved
FAIL0000956,TXN00021670,Insufficient Balance,1,Resolved
FAIL0000957,TXN00021676,Insufficient Balance,1,Resolved
FAIL0000958,TXN00021696,Bank Server Error,2,Resolved
FAIL0000959,TXN00021732,Insufficient Balance,1,Resolved
FAIL0000960,TXN00021775,Bank Server Error,1,Resolved
FAIL0000961,TXN00021786,Insufficient Balance,1,Resolved
FAIL0000962,TXN00021788,Bank Server Error,1,Unresolved
FAIL0000963,TXN00021798,Insufficient Balance,1,Resolved
FAIL0000964,TXN00021860,Invalid PIN,1,Resolved
FAIL0000965,TXN00021870,Bank Server Error,1,Resolved
FAIL0000966,TXN00021878,Payment Gateway Error,1,Resolved
FAIL0000967,TXN00021879,Insufficient Balance,1,Resolved
FAIL0000968,TXN00021894,Bank Server Error,1,Resolved
FAIL0000969,TXN00021939,Insufficient Balance,2,Unresolved
FAIL0000970,TXN00021947,Payment Gateway Error,1,Resolved
FAIL0000971,TXN00021951,Insufficient Balance,1,Unresolved
FAIL0000972,TXN00021965,Insufficient Balance,1,Unresolved
FAIL0000973,TXN00021982,Limit Exceeded,3,Resolved
FAIL0000974,TXN00021987,Bank Server Error,1,Unresolved
FAIL0000975,TXN00021994,Network Error,1,Resolved
FAIL0000976,TXN00022007,Bank Server Error,1,Resolved
FAIL0000977,TXN00022030,Payment Gateway Error,1,Unresolved
FAIL0000978,TXN00022036,Bank Server Error,3,Resolved
FAIL0000979,TXN00022048,Payment Gateway Error,1,Resolved
FAIL0000980,TXN00022059,Bank Server Error,1,Resolved
FAIL0000981,TXN00022060,Limit Exceeded,1,Unresolved
FAIL0000982,TXN00022115,Insufficient Balance,1,Resolved
FAIL0000983,TXN00022123,Bank Server Error,1,Resolved
FAIL0000984,TXN00022155,Limit Exceeded,2,Resolved
FAIL0000985,TXN00022213,Insufficient Balance,1,Resolved
FAIL0000986,TXN00022237,Limit Exceeded,2,Resolved
FAIL0000987,TXN00022242,Network Error,1,Unresolved
FAIL0000988,TXN00022245,Bank Server Error,1,Resolved
FAIL0000989,TXN00022252,Timeout,1,Unresolved
FAIL0000990,TXN00022282,Payment Gateway Error,1,Resolved
FAIL0000991,TXN00022303,Limit Exceeded,1,Resolved
FAIL0000992,TXN00022308,Limit Exceeded,1,Resolved
FAIL0000993,TXN00022318,Bank Server Error,1,Resolved
FAIL0000994,TXN00022376,Limit Exceeded,1,Unresolved
FAIL0000995,TXN00022380,Bank Server Error,2,Unresolved
FAIL0000996,TXN00022387,Timeout,1,Resolved
FAIL0000997,TXN00022400,Invalid PIN,1,Resolved
FAIL0000998,TXN00022404,Insufficient Balance,1,Unresolved
FAIL0000999,TXN00022433,Timeout,1,Unresolved
FAIL0001000,TXN00022436,Limit Exceeded,1,Unresolved
FAIL0001001,TXN00022456,Insufficient Balance,2,Resolved
FAIL0001002,TXN00022458,Network Error,2,Resolved
FAIL0001003,TXN00022474,Bank Server Error,3,Resolved
FAIL0001004,TXN00022522,Invalid PIN,1,Resolved
FAIL0001005,TXN00022524,Bank Server Error,1,Resolved
FAIL0001006,TXN00022540,Network Error,2,Resolved
FAIL0001007,TXN00022557,Insufficient Balance,1,Resolved
FAIL0001008,TXN00022566,Insufficient Balance,1,Unresolved
FAIL0001009,TXN00022584,Limit Exceeded,1,Unresolved
FAIL0001010,TXN00022586,Payment Gateway Error,1,Resolved
FAIL0001011,TXN00022589,Limit Exceeded,1,Unresolved
FAIL0001012,TXN00022590,Insufficient Balance,3,Resolved
FAIL0001013,TXN00022675,Payment Gateway Error,1,Resolved
FAIL0001014,TXN00022698,Bank Server Error,2,Resolved
FAIL0001015,TXN00022710,Bank Server Error,2,Resolved
FAIL0001016,TXN00022747,Payment Gateway Error,1,Unresolved
FAIL0001017,TXN00022799,Bank Server Error,1,Resolved
FAIL0001018,TXN00022811,Insufficient Balance,1,Unresolved
FAIL0001019,TXN00022812,Bank Server Error,1,Resolved
FAIL0001020,TXN00022828,Bank Server Error,1,Resolved
FAIL0001021,TXN00022832,Bank Server Error,2,Unresolved
FAIL0001022,TXN00022866,Invalid PIN,1,Unresolved
FAIL0001023,TXN00022881,Limit Exceeded,1,Resolved
FAIL0001024,TXN00022885,Payment Gateway Error,1,Unresolved
FAIL0001025,TXN00022889,Insufficient Balance,1,Unresolved
FAIL0001026,TXN00022895,Limit Exceeded,2,Resolved
FAIL0001027,TXN00022898,Bank Server Error,2,Unresolved
FAIL0001028,TXN00022946,Invalid PIN,2,Resolved
FAIL0001029,TXN00022969,Insufficient Balance,1,Resolved
FAIL0001030,TXN00022997,Invalid PIN,1,Resolved
FAIL0001031,TXN00023025,Limit Exceeded,1,Resolved
FAIL0001032,TXN00023046,Insufficient Balance,1,Unresolved
FAIL0001033,TXN00023058,Bank Server Error,2,Resolved
FAIL0001034,TXN00023061,Network Error,1,Unresolved
FAIL0001035,TXN00023078,Insufficient Balance,3,Resolved
FAIL0001036,TXN00023080,Network Error,1,Resolved
FAIL0001037,TXN00023143,Limit Exceeded,1,Unresolved
FAIL0001038,TXN00023162,Insufficient Balance,2,Unresolved
FAIL0001039,TXN00023166,Invalid PIN,1,Unresolved
FAIL0001040,TXN00023177,Timeout,1,Unresolved
FAIL0001041,TXN00023188,Limit Exceeded,1,Resolved
FAIL0001042,TXN00023192,Bank Server Error,1,Unresolved
FAIL0001043,TXN00023211,Insufficient Balance,1,Unresolved
FAIL0001044,TXN00023227,Bank Server Error,1,Resolved
FAIL0001045,TXN00023246,Limit Exceeded,1,Resolved
FAIL0001046,TXN00023263,Timeout,2,Resolved
FAIL0001047,TXN00023274,Bank Server Error,2,Resolved
FAIL0001048,TXN00023286,Network Error,1,Resolved
FAIL0001049,TXN00023362,Limit Exceeded,1,Unresolved
FAIL0001050,TXN00023378,Insufficient Balance,2,Resolved
FAIL0001051,TXN00023419,Network Error,2,Resolved
FAIL0001052,TXN00023428,Timeout,1,Unresolved
FAIL0001053,TXN00023434,Payment Gateway Error,1,Resolved
FAIL0001054,TXN00023454,Limit Exceeded,3,Resolved
FAIL0001055,TXN00023462,Bank Server Error,1,Resolved
FAIL0001056,TXN00023464,Limit Exceeded,1,Resolved
FAIL0001057,TXN00023484,Timeout,1,Resolved
FAIL0001058,TXN00023501,Network Error,2,Resolved
FAIL0001059,TXN00023511,Payment Gateway Error,1,Resolved
FAIL0001060,TXN00023523,Bank Server Error,1,Resolved
FAIL0001061,TXN00023543,Bank Server Error,2,Unresolved
FAIL0001062,TXN00023548,Timeout,1,Unresolved
FAIL0001063,TXN00023585,Limit Exceeded,1,Resolved
FAIL0001064,TXN00023632,Payment Gateway Error,1,Unresolved
FAIL0001065,TXN00023641,Invalid PIN,1,Resolved
FAIL0001066,TXN00023701,Payment Gateway Error,1,Resolved
FAIL0001067,TXN00023706,Payment Gateway Error,1,Unresolved
FAIL0001068,TXN00023739,Payment Gateway Error,2,Unresolved
FAIL0001069,TXN00023845,Limit Exceeded,1,Resolved
FAIL0001070,TXN00023878,Bank Server Error,1,Resolved
FAIL0001071,TXN00023933,Invalid PIN,1,Unresolved
FAIL0001072,TXN00023939,Bank Server Error,2,Resolved
FAIL0001073,TXN00023950,Payment Gateway Error,1,Unresolved
FAIL0001074,TXN00023984,Insufficient Balance,2,Resolved
FAIL0001075,TXN00023992,Network Error,1,Resolved
FAIL0001076,TXN00023998,Limit Exceeded,3,Resolved
FAIL0001077,TXN00024014,Bank Server Error,2,Resolved
FAIL0001078,TXN00024022,Network Error,2,Unresolved
FAIL0001079,TXN00024023,Bank Server Error,2,Resolved
FAIL0001080,TXN00024039,Bank Server Error,1,Unresolved
FAIL0001081,TXN00024069,Network Error,1,Resolved
FAIL0001082,TXN00024071,Limit Exceeded,3,Unresolved
FAIL0001083,TXN00024072,Network Error,1,Resolved
FAIL0001084,TXN00024076,Payment Gateway Error,1,Unresolved
FAIL0001085,TXN00024125,Insufficient Balance,1,Resolved
FAIL0001086,TXN00024137,Payment Gateway Error,1,Resolved
FAIL0001087,TXN00024215,Limit Exceeded,1,Resolved
FAIL0001088,TXN00024231,Limit Exceeded,3,Resolved
FAIL0001089,TXN00024251,Insufficient Balance,2,Unresolved
FAIL0001090,TXN00024258,Network Error,1,Unresolved
FAIL0001091,TXN00024263,Bank Server Error,1,Unresolved
FAIL0001092,TXN00024310,Payment Gateway Error,2,Unresolved
FAIL0001093,TXN00024332,Network Error,1,Resolved
FAIL0001094,TXN00024333,Payment Gateway Error,1,Resolved
FAIL0001095,TXN00024359,Insufficient Balance,1,Resolved
FAIL0001096,TXN00024366,Timeout,1,Resolved
FAIL0001097,TXN00024425,Bank Server Error,1,Resolved
FAIL0001098,TXN00024434,Network Error,1,Resolved
FAIL0001099,TXN00024448,Bank Server Error,1,Unresolved
FAIL0001100,TXN00024468,Limit Exceeded,3,Resolved
FAIL0001101,TXN00024488,Payment Gateway Error,1,Unresolved
FAIL0001102,TXN00024531,Bank Server Error,1,Unresolved
FAIL0001103,TXN00024551,Timeout,1,Unresolved
FAIL0001104,TXN00024565,Bank Server Error,1,Unresolved
FAIL0001105,TXN00024589,Insufficient Balance,1,Unresolved
FAIL0001106,TXN00024604,Bank Server Error,3,Resolved
FAIL0001107,TXN00024616,Insufficient Balance,1,Resolved
FAIL0001108,TXN00024626,Payment Gateway Error,2,Resolved
FAIL0001109,TXN00024646,Payment Gateway Error,1,Resolved
FAIL0001110,TXN00024663,Timeout,2,Resolved
FAIL0001111,TXN00024685,Bank Server Error,1,Resolved
FAIL0001112,TXN00024686,Bank Server Error,2,Unresolved
FAIL0001113,TXN00024713,Limit Exceeded,1,Resolved
FAIL0001114,TXN00024737,Bank Server Error,1,Unresolved
FAIL0001115,TXN00024745,Bank Server Error,1,Unresolved
FAIL0001116,TXN00024752,Invalid PIN,1,Resolved
FAIL0001117,TXN00024782,Invalid PIN,1,Unresolved
FAIL0001118,TXN00024788,Invalid PIN,1,Unresolved
FAIL0001119,TXN00024839,Limit Exceeded,1,Resolved
FAIL0001120,TXN00024860,Payment Gateway Error,1,Resolved
FAIL0001121,TXN00024867,Limit Exceeded,1,Resolved
FAIL0001122,TXN00024875,Payment Gateway Error,2,Resolved
FAIL0001123,TXN00024885,Bank Server Error,1,Unresolved
FAIL0001124,TXN00024892,Payment Gateway Error,1,Resolved
FAIL0001125,TXN00024903,Bank Server Error,1,Unresolved
FAIL0001126,TXN00024909,Insufficient Balance,3,Resolved
FAIL0001127,TXN00024921,Network Error,1,Unresolved
FAIL0001128,TXN00024933,Limit Exceeded,1,Resolved
FAIL0001129,TXN00024939,Bank Server Error,1,Unresolved
FAIL0001130,TXN00024948,Bank Server Error,1,Unresolved
FAIL0001131,TXN00024998,Insufficient Balance,3,Resolved
FAIL0001132,TXN00025021,Insufficient Balance,1,Resolved
FAIL0001133,TXN00025053,Network Error,2,Resolved
FAIL0001134,TXN00025073,Timeout,1,Resolved
FAIL0001135,TXN00025123,Timeout,2,Unresolved
FAIL0001136,TXN00025201,Limit Exceeded,1,Resolved
FAIL0001137,TXN00025216,Payment Gateway Error,2,Unresolved
FAIL0001138,TXN00025263,Network Error,1,Resolved
FAIL0001139,TXN00025282,Network Error,1,Unresolved
FAIL0001140,TXN00025389,Limit Exceeded,1,Unresolved
FAIL0001141,TXN00025424,Network Error,1,Unresolved
FAIL0001142,TXN00025426,Limit Exceeded,2,Unresolved
FAIL0001143,TXN00025442,Insufficient Balance,1,Unresolved
FAIL0001144,TXN00025448,Invalid PIN,1,Resolved
FAIL0001145,TXN00025483,Insufficient Balance,2,Resolved
FAIL0001146,TXN00025508,Payment Gateway Error,2,Resolved
FAIL0001147,TXN00025517,Limit Exceeded,1,Resolved
FAIL0001148,TXN00025521,Timeout,1,Resolved
FAIL0001149,TXN00025564,Network Error,1,Unresolved
FAIL0001150,TXN00025608,Network Error,1,Resolved
FAIL0001151,TXN00025671,Limit Exceeded,1,Unresolved
FAIL0001152,TXN00025680,Payment Gateway Error,3,Resolved
FAIL0001153,TXN00025682,Insufficient Balance,1,Resolved
FAIL0001154,TXN00025693,Limit Exceeded,1,Resolved
FAIL0001155,TXN00025711,Timeout,1,Resolved
FAIL0001156,TXN00025846,Payment Gateway Error,2,Unresolved
FAIL0001157,TXN00025851,Timeout,2,Resolved
FAIL0001158,TXN00025852,Bank Server Error,1,Resolved
FAIL0001159,TXN00025870,Insufficient Balance,1,Unresolved
FAIL0001160,TXN00025912,Invalid PIN,1,Resolved
FAIL0001161,TXN00025914,Network Error,1,Unresolved
FAIL0001162,TXN00025937,Insufficient Balance,1,Resolved
FAIL0001163,TXN00025941,Network Error,1,Unresolved
FAIL0001164,TXN00025948,Limit Exceeded,2,Unresolved
FAIL0001165,TXN00025955,Limit Exceeded,2,Resolved
FAIL0001166,TXN00025962,Network Error,1,Resolved
FAIL0001167,TXN00025983,Payment Gateway Error,1,Unresolved
FAIL0001168,TXN00026011,Bank Server Error,1,Resolved
FAIL0001169,TXN00026015,Insufficient Balance,1,Resolved
FAIL0001170,TXN00026049,Limit Exceeded,2,Resolved
FAIL0001171,TXN00026057,Bank Server Error,1,Resolved
FAIL0001172,TXN00026060,Bank Server Error,1,Unresolved
FAIL0001173,TXN00026063,Timeout,1,Unresolved
FAIL0001174,TXN00026065,Invalid PIN,1,Unresolved
FAIL0001175,TXN00026081,Network Error,1,Resolved
FAIL0001176,TXN00026104,Timeout,1,Unresolved
FAIL0001177,TXN00026177,Timeout,2,Unresolved
FAIL0001178,TXN00026217,Insufficient Balance,1,Resolved
FAIL0001179,TXN00026227,Limit Exceeded,2,Resolved
FAIL0001180,TXN00026243,Limit Exceeded,2,Resolved
FAIL0001181,TXN00026250,Insufficient Balance,1,Resolved
FAIL0001182,TXN00026284,Limit Exceeded,2,Resolved
FAIL0001183,TXN00026289,Network Error,1,Unresolved
FAIL0001184,TXN00026321,Bank Server Error,1,Resolved
FAIL0001185,TXN00026366,Payment Gateway Error,1,Resolved
FAIL0001186,TXN00026370,Bank Server Error,1,Unresolved
FAIL0001187,TXN00026528,Payment Gateway Error,1,Unresolved
FAIL0001188,TXN00026546,Insufficient Balance,1,Unresolved
FAIL0001189,TXN00026565,Bank Server Error,1,Unresolved
FAIL0001190,TXN00026569,Payment Gateway Error,1,Unresolved
FAIL0001191,TXN00026575,Bank Server Error,2,Resolved
FAIL0001192,TXN00026601,Payment Gateway Error,1,Resolved
FAIL0001193,TXN00026634,Insufficient Balance,1,Resolved
FAIL0001194,TXN00026640,Timeout,2,Resolved
FAIL0001195,TXN00026714,Limit Exceeded,1,Unresolved
FAIL0001196,TXN00026719,Limit Exceeded,2,Resolved
FAIL0001197,TXN00026782,Insufficient Balance,1,Unresolved
FAIL0001198,TXN00026819,Limit Exceeded,1,Unresolved
FAIL0001199,TXN00026824,Insufficient Balance,1,Unresolved
FAIL0001200,TXN00026879,Payment Gateway Error,1,Resolved
FAIL0001201,TXN00026935,Bank Server Error,1,Resolved
FAIL0001202,TXN00026957,Insufficient Balance,3,Resolved
FAIL0001203,TXN00026958,Payment Gateway Error,2,Resolved
FAIL0001204,TXN00026964,Insufficient Balance,1,Resolved
FAIL0001205,TXN00026982,Payment Gateway Error,2,Resolved
FAIL0001206,TXN00027000,Bank Server Error,2,Resolved
FAIL0001207,TXN00027012,Bank Server Error,1,Unresolved
FAIL0001208,TXN00027036,Network Error,1,Resolved
FAIL0001209,TXN00027042,Limit Exceeded,1,Unresolved
FAIL0001210,TXN00027044,Payment Gateway Error,1,Resolved
FAIL0001211,TXN00027058,Timeout,1,Resolved
FAIL0001212,TXN00027065,Invalid PIN,2,Resolved
FAIL0001213,TXN00027085,Insufficient Balance,2,Resolved
FAIL0001214,TXN00027109,Limit Exceeded,1,Unresolved
FAIL0001215,TXN00027123,Payment Gateway Error,2,Resolved
FAIL0001216,TXN00027178,Bank Server Error,1,Unresolved
FAIL0001217,TXN00027211,Network Error,3,Resolved
FAIL0001218,TXN00027265,Bank Server Error,1,Resolved
FAIL0001219,TXN00027284,Limit Exceeded,2,Unresolved
FAIL0001220,TXN00027328,Payment Gateway Error,2,Resolved
FAIL0001221,TXN00027339,Bank Server Error,1,Resolved
FAIL0001222,TXN00027370,Timeout,2,Resolved
FAIL0001223,TXN00027371,Payment Gateway Error,1,Resolved
FAIL0001224,TXN00027373,Insufficient Balance,1,Resolved
FAIL0001225,TXN00027384,Timeout,1,Resolved
FAIL0001226,TXN00027394,Insufficient Balance,2,Resolved
FAIL0001227,TXN00027412,Bank Server Error,1,Unresolved
FAIL0001228,TXN00027445,Timeout,1,Resolved
FAIL0001229,TXN00027460,Payment Gateway Error,1,Unresolved
FAIL0001230,TXN00027508,Bank Server Error,1,Unresolved
FAIL0001231,TXN00027526,Insufficient Balance,3,Resolved
FAIL0001232,TXN00027530,Timeout,1,Unresolved
FAIL0001233,TXN00027538,Limit Exceeded,1,Unresolved
FAIL0001234,TXN00027541,Limit Exceeded,1,Resolved
FAIL0001235,TXN00027554,Timeout,2,Resolved
FAIL0001236,TXN00027557,Timeout,2,Resolved
FAIL0001237,TXN00027575,Bank Server Error,1,Unresolved
FAIL0001238,TXN00027600,Payment Gateway Error,1,Unresolved
FAIL0001239,TXN00027607,Bank Server Error,1,Resolved
FAIL0001240,TXN00027634,Bank Server Error,2,Resolved
FAIL0001241,TXN00027652,Payment Gateway Error,2,Unresolved
FAIL0001242,TXN00027659,Bank Server Error,1,Resolved
FAIL0001243,TXN00027692,Payment Gateway Error,1,Resolved
FAIL0001244,TXN00027700,Timeout,1,Unresolved
FAIL0001245,TXN00027719,Payment Gateway Error,3,Unresolved
FAIL0001246,TXN00027728,Invalid PIN,2,Resolved
FAIL0001247,TXN00027774,Bank Server Error,1,Unresolved
FAIL0001248,TXN00027809,Invalid PIN,1,Resolved
FAIL0001249,TXN00027864,Insufficient Balance,1,Unresolved
FAIL0001250,TXN00027875,Timeout,3,Resolved
FAIL0001251,TXN00027918,Bank Server Error,1,Resolved
FAIL0001252,TXN00027934,Insufficient Balance,1,Resolved
FAIL0001253,TXN00027969,Invalid PIN,1,Resolved
FAIL0001254,TXN00027981,Bank Server Error,1,Unresolved
FAIL0001255,TXN00028020,Insufficient Balance,3,Resolved
FAIL0001256,TXN00028021,Payment Gateway Error,2,Unresolved
FAIL0001257,TXN00028031,Payment Gateway Error,1,Unresolved
FAIL0001258,TXN00028036,Network Error,1,Resolved
FAIL0001259,TXN00028092,Timeout,1,Resolved
FAIL0001260,TXN00028121,Bank Server Error,1,Unresolved
FAIL0001261,TXN00028236,Bank Server Error,2,Unresolved
FAIL0001262,TXN00028241,Limit Exceeded,1,Unresolved
FAIL0001263,TXN00028311,Insufficient Balance,1,Resolved
FAIL0001264,TXN00028353,Payment Gateway Error,1,Resolved
FAIL0001265,TXN00028374,Limit Exceeded,1,Resolved
FAIL0001266,TXN00028387,Network Error,1,Resolved
FAIL0001267,TXN00028412,Payment Gateway Error,3,Resolved
FAIL0001268,TXN00028421,Insufficient Balance,1,Resolved
FAIL0001269,TXN00028423,Payment Gateway Error,1,Resolved
FAIL0001270,TXN00028495,Insufficient Balance,1,Resolved
FAIL0001271,TXN00028528,Bank Server Error,2,Resolved
FAIL0001272,TXN00028539,Insufficient Balance,3,Resolved
FAIL0001273,TXN00028551,Payment Gateway Error,1,Unresolved
FAIL0001274,TXN00028552,Payment Gateway Error,1,Resolved
FAIL0001275,TXN00028613,Limit Exceeded,1,Unresolved
FAIL0001276,TXN00028641,Payment Gateway Error,1,Resolved
FAIL0001277,TXN00028644,Insufficient Balance,1,Unresolved
FAIL0001278,TXN00028686,Limit Exceeded,3,Resolved
FAIL0001279,TXN00028690,Insufficient Balance,1,Resolved
FAIL0001280,TXN00028693,Limit Exceeded,1,Resolved
FAIL0001281,TXN00028697,Insufficient Balance,1,Unresolved
FAIL0001282,TXN00028711,Bank Server Error,2,Resolved
FAIL0001283,TXN00028761,Network Error,1,Unresolved
FAIL0001284,TXN00028832,Bank Server Error,1,Unresolved
FAIL0001285,TXN00028838,Bank Server Error,1,Unresolved
FAIL0001286,TXN00028883,Limit Exceeded,1,Unresolved
FAIL0001287,TXN00028887,Network Error,1,Unresolved
FAIL0001288,TXN00028899,Network Error,1,Resolved
FAIL0001289,TXN00028934,Network Error,2,Unresolved
FAIL0001290,TXN00028982,Limit Exceeded,1,Unresolved
FAIL0001291,TXN00029021,Bank Server Error,2,Resolved
FAIL0001292,TXN00029023,Payment Gateway Error,2,Unresolved
FAIL0001293,TXN00029025,Limit Exceeded,2,Resolved
FAIL0001294,TXN00029082,Network Error,2,Resolved
FAIL0001295,TXN00029100,Bank Server Error,1,Unresolved
FAIL0001296,TXN00029113,Bank Server Error,1,Unresolved
FAIL0001297,TXN00029120,Timeout,2,Unresolved
FAIL0001298,TXN00029147,Insufficient Balance,1,Unresolved
FAIL0001299,TXN00029200,Payment Gateway Error,1,Resolved
FAIL0001300,TXN00029204,Insufficient Balance,1,Resolved
FAIL0001301,TXN00029233,Limit Exceeded,1,Unresolved
FAIL0001302,TXN00029236,Insufficient Balance,1,Unresolved
FAIL0001303,TXN00029237,Bank Server Error,1,Unresolved
FAIL0001304,TXN00029248,Bank Server Error,1,Unresolved
FAIL0001305,TXN00029261,Timeout,1,Resolved
FAIL0001306,TXN00029297,Bank Server Error,1,Unresolved
FAIL0001307,TXN00029303,Insufficient Balance,1,Unresolved
FAIL0001308,TXN00029308,Limit Exceeded,1,Unresolved
FAIL0001309,TXN00029339,Insufficient Balance,1,Unresolved
FAIL0001310,TXN00029350,Limit Exceeded,1,Unresolved
FAIL0001311,TXN00029366,Payment Gateway Error,1,Resolved
FAIL0001312,TXN00029376,Bank Server Error,3,Resolved
FAIL0001313,TXN00029381,Insufficient Balance,2,Unresolved
FAIL0001314,TXN00029397,Bank Server Error,1,Unresolved
FAIL0001315,TXN00029409,Payment Gateway Error,1,Resolved
FAIL0001316,TXN00029416,Bank Server Error,2,Resolved
FAIL0001317,TXN00029424,Bank Server Error,1,Resolved
FAIL0001318,TXN00029434,Network Error,2,Unresolved
FAIL0001319,TXN00029435,Invalid PIN,1,Unresolved
FAIL0001320,TXN00029447,Bank Server Error,1,Unresolved
FAIL0001321,TXN00029462,Limit Exceeded,2,Resolved
FAIL0001322,TXN00029475,Network Error,1,Resolved
FAIL0001323,TXN00029494,Invalid PIN,1,Unresolved
FAIL0001324,TXN00029503,Bank Server Error,2,Resolved
FAIL0001325,TXN00029553,Network Error,1,Unresolved
FAIL0001326,TXN00029573,Network Error,1,Resolved
FAIL0001327,TXN00029594,Bank Server Error,1,Unresolved
FAIL0001328,TXN00029599,Network Error,1,Unresolved
FAIL0001329,TXN00029615,Limit Exceeded,1,Unresolved
FAIL0001330,TXN00029626,Bank Server Error,2,Unresolved
FAIL0001331,TXN00029630,Timeout,1,Resolved
FAIL0001332,TXN00029649,Invalid PIN,1,Resolved
FAIL0001333,TXN00029656,Bank Server Error,3,Unresolved
FAIL0001334,TXN00029662,Insufficient Balance,1,Unresolved
FAIL0001335,TXN00029664,Payment Gateway Error,1,Unresolved
FAIL0001336,TXN00029690,Bank Server Error,3,Resolved
FAIL0001337,TXN00029697,Bank Server Error,2,Resolved
FAIL0001338,TXN00029715,Network Error,3,Unresolved
FAIL0001339,TXN00029774,Insufficient Balance,1,Resolved
FAIL0001340,TXN00029791,Bank Server Error,2,Unresolved
FAIL0001341,TXN00029805,Payment Gateway Error,1,Resolved
FAIL0001342,TXN00029817,Bank Server Error,1,Resolved
FAIL0001343,TXN00029835,Bank Server Error,1,Unresolved
FAIL0001344,TXN00029848,Bank Server Error,1,Unresolved
FAIL0001345,TXN00029849,Insufficient Balance,1,Resolved
FAIL0001346,TXN00029899,Insufficient Balance,1,Resolved
FAIL0001347,TXN00029906,Payment Gateway Error,1,Unresolved
FAIL0001348,TXN00029937,Insufficient Balance,2,Resolved
FAIL0001349,TXN00029999,Payment Gateway Error,1,Resolved
FAIL0001350,TXN00030025,Bank Server Error,1,Resolved
FAIL0001351,TXN00030071,Invalid PIN,2,Resolved
FAIL0001352,TXN00030120,Limit Exceeded,1,Resolved
FAIL0001353,TXN00030131,Invalid PIN,2,Unresolved
FAIL0001354,TXN00030140,Network Error,1,Resolved
FAIL0001355,TXN00030148,Payment Gateway Error,2,Unresolved
FAIL0001356,TXN00030150,Insufficient Balance,1,Resolved
FAIL0001357,TXN00030185,Bank Server Error,1,Unresolved
FAIL0001358,TXN00030204,Invalid PIN,2,Unresolved
FAIL0001359,TXN00030250,Limit Exceeded,3,Unresolved
FAIL0001360,TXN00030251,Payment Gateway Error,2,Resolved
FAIL0001361,TXN00030390,Network Error,1,Resolved
FAIL0001362,TXN00030396,Bank Server Error,1,Resolved
FAIL0001363,TXN00030413,Insufficient Balance,1,Unresolved
FAIL0001364,TXN00030434,Bank Server Error,1,Unresolved
FAIL0001365,TXN00030439,Limit Exceeded,2,Resolved
FAIL0001366,TXN00030448,Network Error,3,Resolved
FAIL0001367,TXN00030488,Insufficient Balance,1,Resolved
FAIL0001368,TXN00030495,Bank Server Error,1,Unresolved
FAIL0001369,TXN00030507,Insufficient Balance,2,Resolved
FAIL0001370,TXN00030546,Insufficient Balance,1,Resolved
FAIL0001371,TXN00030621,Invalid PIN,1,Unresolved
FAIL0001372,TXN00030646,Payment Gateway Error,3,Resolved
FAIL0001373,TXN00030648,Timeout,2,Resolved
FAIL0001374,TXN00030658,Timeout,3,Resolved
FAIL0001375,TXN00030662,Bank Server Error,1,Resolved
FAIL0001376,TXN00030665,Invalid PIN,3,Resolved
FAIL0001377,TXN00030673,Insufficient Balance,2,Unresolved
FAIL0001378,TXN00030680,Insufficient Balance,1,Resolved
FAIL0001379,TXN00030681,Insufficient Balance,1,Unresolved
FAIL0001380,TXN00030688,Insufficient Balance,1,Resolved
FAIL0001381,TXN00030690,Insufficient Balance,2,Unresolved
FAIL0001382,TXN00030750,Bank Server Error,1,Unresolved
FAIL0001383,TXN00030764,Bank Server Error,1,Resolved
FAIL0001384,TXN00030774,Payment Gateway Error,1,Resolved
FAIL0001385,TXN00030830,Bank Server Error,2,Resolved
FAIL0001386,TXN00030866,Bank Server Error,1,Unresolved
FAIL0001387,TXN00030935,Insufficient Balance,1,Unresolved
FAIL0001388,TXN00030937,Payment Gateway Error,1,Unresolved
FAIL0001389,TXN00030952,Insufficient Balance,2,Resolved
FAIL0001390,TXN00030958,Network Error,1,Unresolved
FAIL0001391,TXN00030981,Network Error,1,Resolved
FAIL0001392,TXN00031051,Invalid PIN,2,Resolved
FAIL0001393,TXN00031070,Payment Gateway Error,2,Resolved
FAIL0001394,TXN00031091,Network Error,1,Unresolved
FAIL0001395,TXN00031106,Invalid PIN,1,Unresolved
FAIL0001396,TXN00031146,Invalid PIN,1,Resolved
FAIL0001397,TXN00031159,Bank Server Error,1,Resolved
FAIL0001398,TXN00031161,Bank Server Error,1,Resolved
FAIL0001399,TXN00031227,Timeout,1,Unresolved
FAIL0001400,TXN00031267,Limit Exceeded,1,Resolved
FAIL0001401,TXN00031287,Insufficient Balance,1,Resolved
FAIL0001402,TXN00031310,Insufficient Balance,1,Unresolved
FAIL0001403,TXN00031318,Insufficient Balance,1,Unresolved
FAIL0001404,TXN00031333,Payment Gateway Error,1,Unresolved
FAIL0001405,TXN00031347,Limit Exceeded,1,Resolved
FAIL0001406,TXN00031404,Payment Gateway Error,1,Resolved
FAIL0001407,TXN00031458,Bank Server Error,1,Unresolved
FAIL0001408,TXN00031462,Insufficient Balance,1,Unresolved
FAIL0001409,TXN00031478,Payment Gateway Error,1,Unresolved
FAIL0001410,TXN00031486,Bank Server Error,1,Resolved
FAIL0001411,TXN00031495,Invalid PIN,1,Unresolved
FAIL0001412,TXN00031530,Insufficient Balance,1,Unresolved
FAIL0001413,TXN00031550,Bank Server Error,1,Unresolved
FAIL0001414,TXN00031558,Bank Server Error,1,Unresolved
FAIL0001415,TXN00031569,Insufficient Balance,1,Resolved
FAIL0001416,TXN00031591,Bank Server Error,1,Unresolved
FAIL0001417,TXN00031601,Limit Exceeded,1,Resolved
FAIL0001418,TXN00031615,Payment Gateway Error,3,Resolved
FAIL0001419,TXN00031629,Insufficient Balance,1,Resolved
FAIL0001420,TXN00031644,Bank Server Error,1,Resolved
FAIL0001421,TXN00031660,Limit Exceeded,3,Resolved
FAIL0001422,TXN00031726,Network Error,1,Resolved
FAIL0001423,TXN00031770,Insufficient Balance,2,Unresolved
FAIL0001424,TXN00031787,Insufficient Balance,2,Resolved
FAIL0001425,TXN00031803,Limit Exceeded,3,Resolved
FAIL0001426,TXN00031804,Invalid PIN,1,Unresolved
FAIL0001427,TXN00031812,Bank Server Error,1,Unresolved
FAIL0001428,TXN00031847,Network Error,1,Unresolved
FAIL0001429,TXN00031898,Insufficient Balance,2,Resolved
FAIL0001430,TXN00031917,Payment Gateway Error,1,Resolved
FAIL0001431,TXN00031946,Bank Server Error,2,Unresolved
FAIL0001432,TXN00031961,Bank Server Error,2,Resolved
FAIL0001433,TXN00032000,Insufficient Balance,1,Unresolved
FAIL0001434,TXN00032015,Network Error,2,Resolved
FAIL0001435,TXN00032063,Bank Server Error,2,Resolved
FAIL0001436,TXN00032073,Payment Gateway Error,1,Unresolved
FAIL0001437,TXN00032120,Insufficient Balance,1,Unresolved
FAIL0001438,TXN00032153,Insufficient Balance,1,Resolved
FAIL0001439,TXN00032178,Bank Server Error,1,Resolved
FAIL0001440,TXN00032213,Bank Server Error,1,Unresolved
FAIL0001441,TXN00032264,Payment Gateway Error,1,Unresolved
FAIL0001442,TXN00032280,Insufficient Balance,2,Resolved
FAIL0001443,TXN00032298,Payment Gateway Error,1,Resolved
FAIL0001444,TXN00032336,Insufficient Balance,1,Unresolved
FAIL0001445,TXN00032372,Payment Gateway Error,3,Resolved
FAIL0001446,TXN00032393,Payment Gateway Error,2,Resolved
FAIL0001447,TXN00032418,Insufficient Balance,2,Resolved
FAIL0001448,TXN00032426,Insufficient Balance,1,Unresolved
FAIL0001449,TXN00032429,Bank Server Error,2,Resolved
FAIL0001450,TXN00032464,Bank Server Error,1,Resolved
FAIL0001451,TXN00032487,Timeout,1,Resolved
FAIL0001452,TXN00032516,Bank Server Error,1,Resolved
FAIL0001453,TXN00032522,Bank Server Error,1,Resolved
FAIL0001454,TXN00032531,Limit Exceeded,1,Unresolved
FAIL0001455,TXN00032540,Limit Exceeded,1,Unresolved
FAIL0001456,TXN00032542,Payment Gateway Error,1,Resolved
FAIL0001457,TXN00032544,Payment Gateway Error,1,Unresolved
FAIL0001458,TXN00032547,Limit Exceeded,2,Unresolved
FAIL0001459,TXN00032549,Bank Server Error,1,Resolved
FAIL0001460,TXN00032566,Insufficient Balance,1,Resolved
FAIL0001461,TXN00032599,Bank Server Error,1,Unresolved
FAIL0001462,TXN00032628,Limit Exceeded,1,Resolved
FAIL0001463,TXN00032636,Bank Server Error,2,Resolved
FAIL0001464,TXN00032641,Insufficient Balance,1,Resolved
FAIL0001465,TXN00032714,Bank Server Error,1,Resolved
FAIL0001466,TXN00032720,Bank Server Error,1,Unresolved
FAIL0001467,TXN00032727,Timeout,1,Resolved
FAIL0001468,TXN00032729,Bank Server Error,1,Resolved
FAIL0001469,TXN00032786,Timeout,2,Resolved
FAIL0001470,TXN00032794,Network Error,3,Resolved
FAIL0001471,TXN00032825,Insufficient Balance,1,Unresolved
FAIL0001472,TXN00032860,Network Error,1,Resolved
FAIL0001473,TXN00032902,Bank Server Error,1,Resolved
FAIL0001474,TXN00032917,Limit Exceeded,1,Resolved
FAIL0001475,TXN00032931,Limit Exceeded,1,Unresolved
FAIL0001476,TXN00032937,Timeout,1,Resolved
FAIL0001477,TXN00032943,Bank Server Error,2,Resolved
FAIL0001478,TXN00032980,Network Error,1,Resolved
FAIL0001479,TXN00032981,Insufficient Balance,2,Resolved
FAIL0001480,TXN00032998,Bank Server Error,1,Resolved
FAIL0001481,TXN00033021,Timeout,2,Resolved
FAIL0001482,TXN00033025,Limit Exceeded,2,Unresolved
FAIL0001483,TXN00033080,Bank Server Error,1,Resolved
FAIL0001484,TXN00033099,Bank Server Error,1,Resolved
FAIL0001485,TXN00033131,Network Error,1,Resolved
FAIL0001486,TXN00033146,Limit Exceeded,1,Unresolved
FAIL0001487,TXN00033194,Bank Server Error,1,Resolved
FAIL0001488,TXN00033208,Invalid PIN,1,Unresolved
FAIL0001489,TXN00033217,Insufficient Balance,1,Unresolved
FAIL0001490,TXN00033218,Timeout,2,Unresolved
FAIL0001491,TXN00033266,Payment Gateway Error,3,Resolved
FAIL0001492,TXN00033284,Timeout,2,Resolved
FAIL0001493,TXN00033319,Insufficient Balance,1,Unresolved
FAIL0001494,TXN00033413,Bank Server Error,3,Resolved
FAIL0001495,TXN00033429,Payment Gateway Error,1,Resolved
FAIL0001496,TXN00033438,Limit Exceeded,1,Resolved
FAIL0001497,TXN00033447,Limit Exceeded,1,Unresolved
FAIL0001498,TXN00033451,Insufficient Balance,2,Resolved
FAIL0001499,TXN00033469,Network Error,1,Resolved
FAIL0001500,TXN00033511,Limit Exceeded,1,Resolved
FAIL0001501,TXN00033522,Insufficient Balance,1,Unresolved
FAIL0001502,TXN00033543,Timeout,1,Resolved
FAIL0001503,TXN00033559,Insufficient Balance,1,Resolved
FAIL0001504,TXN00033573,Limit Exceeded,2,Resolved
FAIL0001505,TXN00033575,Insufficient Balance,1,Unresolved
FAIL0001506,TXN00033600,Bank Server Error,1,Resolved
FAIL0001507,TXN00033653,Payment Gateway Error,1,Unresolved
FAIL0001508,TXN00033671,Insufficient Balance,1,Resolved
FAIL0001509,TXN00033693,Network Error,2,Resolved
FAIL0001510,TXN00033706,Insufficient Balance,1,Resolved
FAIL0001511,TXN00033717,Insufficient Balance,1,Resolved
FAIL0001512,TXN00033724,Payment Gateway Error,1,Unresolved
FAIL0001513,TXN00033792,Network Error,2,Resolved
FAIL0001514,TXN00033797,Bank Server Error,3,Resolved
FAIL0001515,TXN00033809,Bank Server Error,1,Unresolved
FAIL0001516,TXN00033849,Bank Server Error,2,Resolved
FAIL0001517,TXN00033862,Limit Exceeded,1,Unresolved
FAIL0001518,TXN00033939,Network Error,1,Unresolved
FAIL0001519,TXN00033970,Insufficient Balance,2,Resolved
FAIL0001520,TXN00033981,Insufficient Balance,1,Resolved
FAIL0001521,TXN00034009,Timeout,1,Resolved
FAIL0001522,TXN00034037,Bank Server Error,1,Resolved
FAIL0001523,TXN00034061,Insufficient Balance,1,Unresolved
FAIL0001524,TXN00034073,Limit Exceeded,1,Resolved
FAIL0001525,TXN00034107,Limit Exceeded,2,Resolved
FAIL0001526,TXN00034114,Network Error,2,Resolved
FAIL0001527,TXN00034133,Payment Gateway Error,1,Resolved
FAIL0001528,TXN00034142,Payment Gateway Error,2,Resolved
FAIL0001529,TXN00034171,Payment Gateway Error,2,Resolved
FAIL0001530,TXN00034178,Bank Server Error,1,Unresolved
FAIL0001531,TXN00034200,Network Error,1,Resolved
FAIL0001532,TXN00034218,Bank Server Error,2,Resolved
FAIL0001533,TXN00034220,Bank Server Error,1,Resolved
FAIL0001534,TXN00034242,Bank Server Error,2,Unresolved
FAIL0001535,TXN00034289,Payment Gateway Error,1,Resolved
FAIL0001536,TXN00034295,Insufficient Balance,1,Resolved
FAIL0001537,TXN00034305,Bank Server Error,2,Resolved
FAIL0001538,TXN00034312,Invalid PIN,1,Resolved
FAIL0001539,TXN00034339,Bank Server Error,2,Resolved
FAIL0001540,TXN00034350,Insufficient Balance,1,Unresolved
FAIL0001541,TXN00034366,Invalid PIN,1,Unresolved
FAIL0001542,TXN00034422,Network Error,1,Unresolved
FAIL0001543,TXN00034432,Invalid PIN,1,Unresolved
FAIL0001544,TXN00034456,Limit Exceeded,1,Unresolved
FAIL0001545,TXN00034465,Payment Gateway Error,2,Resolved
FAIL0001546,TXN00034471,Payment Gateway Error,1,Unresolved
FAIL0001547,TXN00034474,Network Error,1,Unresolved
FAIL0001548,TXN00034480,Limit Exceeded,1,Unresolved
FAIL0001549,TXN00034494,Bank Server Error,1,Resolved
FAIL0001550,TXN00034574,Payment Gateway Error,1,Unresolved
FAIL0001551,TXN00034576,Payment Gateway Error,1,Unresolved
FAIL0001552,TXN00034583,Payment Gateway Error,1,Resolved
FAIL0001553,TXN00034593,Limit Exceeded,2,Resolved
FAIL0001554,TXN00034621,Timeout,1,Resolved
FAIL0001555,TXN00034670,Payment Gateway Error,1,Resolved
FAIL0001556,TXN00034682,Limit Exceeded,1,Resolved
FAIL0001557,TXN00034684,Insufficient Balance,2,Unresolved
FAIL0001558,TXN00034755,Bank Server Error,2,Resolved
FAIL0001559,TXN00034759,Network Error,1,Resolved
FAIL0001560,TXN00034804,Limit Exceeded,1,Unresolved
FAIL0001561,TXN00034805,Bank Server Error,1,Unresolved
FAIL0001562,TXN00034836,Limit Exceeded,1,Resolved
FAIL0001563,TXN00034845,Limit Exceeded,1,Resolved
FAIL0001564,TXN00034871,Network Error,1,Unresolved
FAIL0001565,TXN00034897,Insufficient Balance,1,Resolved
FAIL0001566,TXN00034911,Bank Server Error,1,Resolved
FAIL0001567,TXN00034971,Network Error,1,Unresolved
FAIL0001568,TXN00035052,Limit Exceeded,1,Resolved
FAIL0001569,TXN00035065,Limit Exceeded,1,Resolved
FAIL0001570,TXN00035123,Bank Server Error,3,Resolved
FAIL0001571,TXN00035130,Bank Server Error,1,Resolved
FAIL0001572,TXN00035152,Payment Gateway Error,1,Unresolved
FAIL0001573,TXN00035154,Insufficient Balance,2,Unresolved
FAIL0001574,TXN00035174,Invalid PIN,3,Resolved
FAIL0001575,TXN00035184,Payment Gateway Error,2,Unresolved
FAIL0001576,TXN00035201,Insufficient Balance,1,Unresolved
FAIL0001577,TXN00035210,Invalid PIN,1,Resolved
FAIL0001578,TXN00035220,Limit Exceeded,1,Unresolved
FAIL0001579,TXN00035235,Bank Server Error,2,Unresolved
FAIL0001580,TXN00035239,Payment Gateway Error,1,Resolved
FAIL0001581,TXN00035249,Payment Gateway Error,1,Resolved
FAIL0001582,TXN00035250,Network Error,1,Unresolved
FAIL0001583,TXN00035259,Payment Gateway Error,1,Resolved
FAIL0001584,TXN00035270,Payment Gateway Error,1,Unresolved
FAIL0001585,TXN00035354,Limit Exceeded,1,Unresolved
FAIL0001586,TXN00035359,Limit Exceeded,2,Unresolved
FAIL0001587,TXN00035364,Network Error,1,Resolved
FAIL0001588,TXN00035370,Timeout,1,Resolved
FAIL0001589,TXN00035404,Invalid PIN,3,Resolved
FAIL0001590,TXN00035442,Insufficient Balance,2,Resolved
FAIL0001591,TXN00035472,Payment Gateway Error,1,Resolved
FAIL0001592,TXN00035481,Network Error,1,Resolved
FAIL0001593,TXN00035491,Bank Server Error,1,Resolved
FAIL0001594,TXN00035532,Payment Gateway Error,1,Resolved
FAIL0001595,TXN00035539,Insufficient Balance,2,Resolved
FAIL0001596,TXN00035548,Insufficient Balance,1,Resolved
FAIL0001597,TXN00035557,Network Error,1,Unresolved
FAIL0001598,TXN00035607,Payment Gateway Error,1,Unresolved
FAIL0001599,TXN00035609,Payment Gateway Error,1,Unresolved
FAIL0001600,TXN00035715,Insufficient Balance,1,Resolved
FAIL0001601,TXN00035730,Bank Server Error,1,Resolved
FAIL0001602,TXN00035736,Timeout,1,Unresolved
FAIL0001603,TXN00035766,Network Error,1,Unresolved
FAIL0001604,TXN00035808,Limit Exceeded,1,Unresolved
FAIL0001605,TXN00035816,Limit Exceeded,1,Unresolved
FAIL0001606,TXN00035819,Payment Gateway Error,1,Unresolved
FAIL0001607,TXN00035851,Bank Server Error,1,Resolved
FAIL0001608,TXN00035854,Limit Exceeded,1,Resolved
FAIL0001609,TXN00035875,Payment Gateway Error,1,Resolved
FAIL0001610,TXN00035903,Bank Server Error,2,Resolved
FAIL0001611,TXN00035926,Insufficient Balance,1,Unresolved
FAIL0001612,TXN00035960,Timeout,1,Unresolved
FAIL0001613,TXN00035961,Bank Server Error,1,Unresolved
FAIL0001614,TXN00035978,Limit Exceeded,3,Resolved
FAIL0001615,TXN00035980,Timeout,2,Resolved
FAIL0001616,TXN00035983,Limit Exceeded,1,Resolved
FAIL0001617,TXN00036009,Payment Gateway Error,1,Unresolved
FAIL0001618,TXN00036048,Limit Exceeded,2,Unresolved
FAIL0001619,TXN00036053,Bank Server Error,1,Unresolved
FAIL0001620,TXN00036069,Bank Server Error,1,Unresolved
FAIL0001621,TXN00036085,Bank Server Error,1,Unresolved
FAIL0001622,TXN00036099,Timeout,1,Unresolved
FAIL0001623,TXN00036129,Insufficient Balance,2,Resolved
FAIL0001624,TXN00036142,Bank Server Error,1,Unresolved
FAIL0001625,TXN00036149,Bank Server Error,1,Resolved
FAIL0001626,TXN00036163,Timeout,2,Resolved
FAIL0001627,TXN00036186,Insufficient Balance,1,Resolved
FAIL0001628,TXN00036217,Insufficient Balance,1,Unresolved
FAIL0001629,TXN00036255,Insufficient Balance,1,Resolved
FAIL0001630,TXN00036265,Payment Gateway Error,1,Unresolved
FAIL0001631,TXN00036305,Insufficient Balance,1,Resolved
FAIL0001632,TXN00036315,Bank Server Error,1,Unresolved
FAIL0001633,TXN00036448,Limit Exceeded,1,Resolved
FAIL0001634,TXN00036461,Invalid PIN,1,Resolved
FAIL0001635,TXN00036470,Limit Exceeded,1,Resolved
FAIL0001636,TXN00036481,Payment Gateway Error,2,Resolved
FAIL0001637,TXN00036502,Timeout,2,Resolved
FAIL0001638,TXN00036509,Bank Server Error,1,Unresolved
FAIL0001639,TXN00036526,Bank Server Error,1,Unresolved
FAIL0001640,TXN00036530,Payment Gateway Error,3,Unresolved
FAIL0001641,TXN00036614,Bank Server Error,1,Resolved
FAIL0001642,TXN00036620,Limit Exceeded,1,Resolved
FAIL0001643,TXN00036624,Timeout,2,Unresolved
FAIL0001644,TXN00036711,Bank Server Error,1,Resolved
FAIL0001645,TXN00036729,Bank Server Error,3,Resolved
FAIL0001646,TXN00036751,Bank Server Error,1,Unresolved
FAIL0001647,TXN00036772,Insufficient Balance,1,Unresolved
FAIL0001648,TXN00036798,Invalid PIN,2,Resolved
FAIL0001649,TXN00036860,Bank Server Error,1,Resolved
FAIL0001650,TXN00036883,Insufficient Balance,1,Resolved
FAIL0001651,TXN00036886,Insufficient Balance,3,Resolved
FAIL0001652,TXN00036893,Payment Gateway Error,2,Resolved
FAIL0001653,TXN00036913,Timeout,1,Unresolved
FAIL0001654,TXN00036935,Bank Server Error,1,Unresolved
FAIL0001655,TXN00036958,Invalid PIN,1,Unresolved
FAIL0001656,TXN00036963,Network Error,1,Resolved
FAIL0001657,TXN00036976,Limit Exceeded,1,Resolved
FAIL0001658,TXN00036996,Bank Server Error,1,Unresolved
FAIL0001659,TXN00037029,Timeout,1,Resolved
FAIL0001660,TXN00037034,Invalid PIN,1,Unresolved
FAIL0001661,TXN00037036,Payment Gateway Error,2,Resolved
FAIL0001662,TXN00037075,Payment Gateway Error,2,Resolved
FAIL0001663,TXN00037085,Insufficient Balance,1,Resolved
FAIL0001664,TXN00037087,Network Error,2,Resolved
FAIL0001665,TXN00037118,Insufficient Balance,3,Resolved
FAIL0001666,TXN00037125,Bank Server Error,1,Resolved
FAIL0001667,TXN00037151,Bank Server Error,1,Unresolved
FAIL0001668,TXN00037185,Payment Gateway Error,1,Resolved
FAIL0001669,TXN00037190,Limit Exceeded,2,Resolved
FAIL0001670,TXN00037198,Insufficient Balance,2,Resolved
FAIL0001671,TXN00037253,Payment Gateway Error,1,Unresolved
FAIL0001672,TXN00037316,Payment Gateway Error,3,Resolved
FAIL0001673,TXN00037330,Bank Server Error,2,Unresolved
FAIL0001674,TXN00037384,Timeout,1,Resolved
FAIL0001675,TXN00037397,Network Error,1,Resolved
FAIL0001676,TXN00037400,Limit Exceeded,1,Resolved
FAIL0001677,TXN00037406,Network Error,2,Resolved
FAIL0001678,TXN00037419,Limit Exceeded,3,Resolved
FAIL0001679,TXN00037424,Invalid PIN,1,Unresolved
FAIL0001680,TXN00037427,Limit Exceeded,2,Resolved
FAIL0001681,TXN00037431,Bank Server Error,1,Resolved
FAIL0001682,TXN00037437,Limit Exceeded,1,Resolved
FAIL0001683,TXN00037530,Insufficient Balance,1,Resolved
FAIL0001684,TXN00037546,Network Error,1,Resolved
FAIL0001685,TXN00037568,Limit Exceeded,2,Resolved
FAIL0001686,TXN00037586,Network Error,1,Resolved
FAIL0001687,TXN00037589,Invalid PIN,1,Resolved
FAIL0001688,TXN00037599,Bank Server Error,1,Resolved
FAIL0001689,TXN00037603,Insufficient Balance,1,Unresolved
FAIL0001690,TXN00037608,Payment Gateway Error,1,Resolved
FAIL0001691,TXN00037624,Payment Gateway Error,2,Unresolved
FAIL0001692,TXN00037626,Network Error,1,Unresolved
FAIL0001693,TXN00037632,Bank Server Error,3,Unresolved
FAIL0001694,TXN00037650,Limit Exceeded,1,Unresolved
FAIL0001695,TXN00037707,Bank Server Error,1,Resolved
FAIL0001696,TXN00037718,Invalid PIN,1,Resolved
FAIL0001697,TXN00037752,Network Error,1,Resolved
FAIL0001698,TXN00037756,Insufficient Balance,1,Unresolved
FAIL0001699,TXN00037763,Insufficient Balance,2,Unresolved
FAIL0001700,TXN00037825,Timeout,2,Unresolved
FAIL0001701,TXN00037832,Limit Exceeded,1,Unresolved
FAIL0001702,TXN00037834,Bank Server Error,1,Unresolved
FAIL0001703,TXN00037861,Bank Server Error,1,Resolved
FAIL0001704,TXN00037886,Insufficient Balance,1,Resolved
FAIL0001705,TXN00037950,Insufficient Balance,1,Unresolved
FAIL0001706,TXN00037956,Payment Gateway Error,1,Resolved
FAIL0001707,TXN00037964,Bank Server Error,2,Resolved
FAIL0001708,TXN00037977,Limit Exceeded,2,Unresolved
FAIL0001709,TXN00037984,Insufficient Balance,1,Resolved
FAIL0001710,TXN00038015,Limit Exceeded,1,Resolved
FAIL0001711,TXN00038021,Insufficient Balance,1,Resolved
FAIL0001712,TXN00038039,Insufficient Balance,1,Resolved
FAIL0001713,TXN00038041,Limit Exceeded,1,Resolved
FAIL0001714,TXN00038092,Bank Server Error,1,Resolved
FAIL0001715,TXN00038108,Bank Server Error,1,Resolved
FAIL0001716,TXN00038181,Insufficient Balance,2,Resolved
FAIL0001717,TXN00038194,Insufficient Balance,1,Resolved
FAIL0001718,TXN00038206,Payment Gateway Error,1,Unresolved
FAIL0001719,TXN00038262,Limit Exceeded,1,Resolved
FAIL0001720,TXN00038292,Limit Exceeded,1,Unresolved
FAIL0001721,TXN00038369,Bank Server Error,1,Resolved
FAIL0001722,TXN00038406,Network Error,1,Resolved
FAIL0001723,TXN00038413,Limit Exceeded,1,Resolved
FAIL0001724,TXN00038435,Payment Gateway Error,1,Unresolved
FAIL0001725,TXN00038446,Insufficient Balance,1,Unresolved
FAIL0001726,TXN00038452,Insufficient Balance,3,Resolved
FAIL0001727,TXN00038485,Bank Server Error,3,Unresolved
FAIL0001728,TXN00038561,Bank Server Error,3,Resolved
FAIL0001729,TXN00038583,Payment Gateway Error,1,Resolved
FAIL0001730,TXN00038598,Limit Exceeded,1,Resolved
FAIL0001731,TXN00038623,Payment Gateway Error,1,Resolved
FAIL0001732,TXN00038628,Invalid PIN,1,Unresolved
FAIL0001733,TXN00038629,Insufficient Balance,1,Resolved
FAIL0001734,TXN00038644,Insufficient Balance,3,Resolved
FAIL0001735,TXN00038651,Limit Exceeded,1,Resolved
FAIL0001736,TXN00038690,Bank Server Error,3,Unresolved
FAIL0001737,TXN00038714,Invalid PIN,2,Resolved
FAIL0001738,TXN00038716,Bank Server Error,1,Unresolved
FAIL0001739,TXN00038737,Invalid PIN,1,Unresolved
FAIL0001740,TXN00038786,Bank Server Error,1,Unresolved
FAIL0001741,TXN00038794,Bank Server Error,1,Resolved
FAIL0001742,TXN00038801,Payment Gateway Error,2,Resolved
FAIL0001743,TXN00038814,Network Error,2,Unresolved
FAIL0001744,TXN00038820,Payment Gateway Error,3,Resolved
FAIL0001745,TXN00038899,Payment Gateway Error,1,Unresolved
FAIL0001746,TXN00038909,Insufficient Balance,1,Resolved
FAIL0001747,TXN00038946,Network Error,2,Resolved
FAIL0001748,TXN00038947,Payment Gateway Error,1,Resolved
FAIL0001749,TXN00038958,Bank Server Error,1,Unresolved
FAIL0001750,TXN00038966,Payment Gateway Error,1,Unresolved
FAIL0001751,TXN00038968,Invalid PIN,1,Unresolved
FAIL0001752,TXN00038970,Bank Server Error,1,Unresolved
FAIL0001753,TXN00039012,Payment Gateway Error,1,Unresolved
FAIL0001754,TXN00039045,Limit Exceeded,2,Resolved
FAIL0001755,TXN00039071,Insufficient Balance,1,Unresolved
FAIL0001756,TXN00039080,Limit Exceeded,1,Resolved
FAIL0001757,TXN00039096,Limit Exceeded,2,Resolved
FAIL0001758,TXN00039101,Bank Server Error,2,Unresolved
FAIL0001759,TXN00039102,Invalid PIN,1,Unresolved
FAIL0001760,TXN00039110,Bank Server Error,1,Resolved
FAIL0001761,TXN00039115,Network Error,2,Resolved
FAIL0001762,TXN00039125,Payment Gateway Error,1,Unresolved
FAIL0001763,TXN00039151,Bank Server Error,2,Resolved
FAIL0001764,TXN00039163,Network Error,2,Unresolved
FAIL0001765,TXN00039181,Insufficient Balance,2,Resolved
FAIL0001766,TXN00039193,Insufficient Balance,1,Unresolved
FAIL0001767,TXN00039223,Insufficient Balance,2,Resolved
FAIL0001768,TXN00039251,Bank Server Error,2,Resolved
FAIL0001769,TXN00039264,Insufficient Balance,1,Resolved
FAIL0001770,TXN00039287,Bank Server Error,2,Resolved
FAIL0001771,TXN00039348,Timeout,2,Resolved
FAIL0001772,TXN00039356,Invalid PIN,1,Unresolved
FAIL0001773,TXN00039359,Payment Gateway Error,1,Resolved
FAIL0001774,TXN00039364,Bank Server Error,2,Resolved
FAIL0001775,TXN00039380,Insufficient Balance,1,Unresolved
FAIL0001776,TXN00039387,Limit Exceeded,1,Unresolved
FAIL0001777,TXN00039399,Network Error,3,Resolved
FAIL0001778,TXN00039450,Invalid PIN,1,Unresolved
FAIL0001779,TXN00039511,Limit Exceeded,1,Unresolved
FAIL0001780,TXN00039528,Bank Server Error,1,Resolved
FAIL0001781,TXN00039545,Limit Exceeded,1,Resolved
FAIL0001782,TXN00039563,Payment Gateway Error,2,Resolved
FAIL0001783,TXN00039578,Insufficient Balance,2,Unresolved
FAIL0001784,TXN00039622,Limit Exceeded,2,Resolved
FAIL0001785,TXN00039650,Bank Server Error,1,Resolved
FAIL0001786,TXN00039657,Invalid PIN,2,Resolved
FAIL0001787,TXN00039710,Bank Server Error,1,Resolved
FAIL0001788,TXN00039775,Insufficient Balance,1,Unresolved
FAIL0001789,TXN00039785,Limit Exceeded,2,Resolved
FAIL0001790,TXN00039846,Network Error,1,Unresolved
FAIL0001791,TXN00039849,Network Error,1,Resolved
FAIL0001792,TXN00039851,Timeout,1,Unresolved
FAIL0001793,TXN00039866,Bank Server Error,1,Resolved
FAIL0001794,TXN00039868,Bank Server Error,3,Resolved
FAIL0001795,TXN00039874,Limit Exceeded,1,Resolved
FAIL0001796,TXN00039904,Network Error,2,Resolved
FAIL0001797,TXN00039928,Network Error,1,Unresolved
FAIL0001798,TXN00039935,Insufficient Balance,3,Resolved
FAIL0001799,TXN00039953,Network Error,1,Unresolved
FAIL0001800,TXN00039970,Limit Exceeded,1,Resolved
FAIL0001801,TXN00040056,Limit Exceeded,1,Unresolved
FAIL0001802,TXN00040057,Payment Gateway Error,1,Unresolved
FAIL0001803,TXN00040088,Network Error,1,Resolved
FAIL0001804,TXN00040099,Network Error,2,Resolved
FAIL0001805,TXN00040111,Invalid PIN,1,Resolved
FAIL0001806,TXN00040114,Insufficient Balance,2,Unresolved
FAIL0001807,TXN00040115,Limit Exceeded,1,Resolved
FAIL0001808,TXN00040144,Limit Exceeded,1,Unresolved
FAIL0001809,TXN00040148,Invalid PIN,3,Resolved
FAIL0001810,TXN00040152,Network Error,2,Resolved
FAIL0001811,TXN00040166,Bank Server Error,2,Resolved
FAIL0001812,TXN00040185,Timeout,1,Unresolved
FAIL0001813,TXN00040190,Payment Gateway Error,1,Resolved
FAIL0001814,TXN00040197,Network Error,1,Resolved
FAIL0001815,TXN00040220,Insufficient Balance,1,Resolved
FAIL0001816,TXN00040275,Timeout,1,Unresolved
FAIL0001817,TXN00040286,Timeout,1,Resolved
FAIL0001818,TXN00040294,Network Error,1,Unresolved
FAIL0001819,TXN00040314,Bank Server Error,1,Resolved
FAIL0001820,TXN00040323,Network Error,3,Resolved
FAIL0001821,TXN00040335,Bank Server Error,1,Resolved
FAIL0001822,TXN00040354,Network Error,1,Resolved
FAIL0001823,TXN00040417,Bank Server Error,1,Unresolved
FAIL0001824,TXN00040419,Bank Server Error,1,Resolved
FAIL0001825,TXN00040438,Bank Server Error,3,Resolved
FAIL0001826,TXN00040458,Payment Gateway Error,1,Unresolved
FAIL0001827,TXN00040508,Limit Exceeded,2,Resolved
FAIL0001828,TXN00040509,Bank Server Error,1,Resolved
FAIL0001829,TXN00040528,Payment Gateway Error,1,Resolved
FAIL0001830,TXN00040549,Payment Gateway Error,1,Resolved
FAIL0001831,TXN00040579,Network Error,1,Unresolved
FAIL0001832,TXN00040597,Payment Gateway Error,1,Resolved
FAIL0001833,TXN00040613,Insufficient Balance,3,Resolved
FAIL0001834,TXN00040617,Insufficient Balance,1,Resolved
FAIL0001835,TXN00040624,Payment Gateway Error,1,Unresolved
FAIL0001836,TXN00040647,Payment Gateway Error,1,Resolved
FAIL0001837,TXN00040657,Limit Exceeded,2,Resolved
FAIL0001838,TXN00040680,Insufficient Balance,1,Resolved
FAIL0001839,TXN00040681,Insufficient Balance,1,Resolved
FAIL0001840,TXN00040714,Insufficient Balance,2,Resolved
FAIL0001841,TXN00040726,Payment Gateway Error,1,Unresolved
FAIL0001842,TXN00040736,Bank Server Error,2,Resolved
FAIL0001843,TXN00040804,Bank Server Error,2,Resolved
FAIL0001844,TXN00040825,Payment Gateway Error,1,Resolved
FAIL0001845,TXN00040838,Limit Exceeded,3,Resolved
FAIL0001846,TXN00040859,Bank Server Error,1,Unresolved
FAIL0001847,TXN00040860,Bank Server Error,1,Resolved
FAIL0001848,TXN00040866,Insufficient Balance,1,Resolved
FAIL0001849,TXN00040888,Insufficient Balance,2,Resolved
FAIL0001850,TXN00040906,Payment Gateway Error,1,Resolved
FAIL0001851,TXN00040929,Timeout,1,Resolved
FAIL0001852,TXN00040966,Payment Gateway Error,1,Resolved
FAIL0001853,TXN00040971,Invalid PIN,1,Unresolved
FAIL0001854,TXN00040993,Insufficient Balance,1,Resolved
FAIL0001855,TXN00040997,Bank Server Error,1,Unresolved
FAIL0001856,TXN00041009,Limit Exceeded,2,Resolved
FAIL0001857,TXN00041017,Limit Exceeded,2,Resolved
FAIL0001858,TXN00041022,Bank Server Error,1,Unresolved
FAIL0001859,TXN00041040,Bank Server Error,2,Resolved
FAIL0001860,TXN00041056,Bank Server Error,2,Resolved
FAIL0001861,TXN00041079,Insufficient Balance,3,Resolved
FAIL0001862,TXN00041080,Invalid PIN,2,Resolved
FAIL0001863,TXN00041090,Network Error,1,Resolved
FAIL0001864,TXN00041100,Insufficient Balance,2,Unresolved
FAIL0001865,TXN00041142,Payment Gateway Error,2,Resolved
FAIL0001866,TXN00041186,Bank Server Error,1,Resolved
FAIL0001867,TXN00041189,Bank Server Error,1,Resolved
FAIL0001868,TXN00041191,Bank Server Error,1,Unresolved
FAIL0001869,TXN00041205,Bank Server Error,2,Unresolved
FAIL0001870,TXN00041213,Limit Exceeded,1,Resolved
FAIL0001871,TXN00041222,Timeout,2,Resolved
FAIL0001872,TXN00041227,Limit Exceeded,1,Resolved
FAIL0001873,TXN00041231,Bank Server Error,1,Resolved
FAIL0001874,TXN00041233,Network Error,2,Unresolved
FAIL0001875,TXN00041262,Network Error,1,Resolved
FAIL0001876,TXN00041268,Insufficient Balance,1,Unresolved
FAIL0001877,TXN00041298,Bank Server Error,2,Resolved
FAIL0001878,TXN00041337,Bank Server Error,1,Unresolved
FAIL0001879,TXN00041343,Payment Gateway Error,1,Resolved
FAIL0001880,TXN00041350,Payment Gateway Error,1,Resolved
FAIL0001881,TXN00041367,Bank Server Error,1,Resolved
FAIL0001882,TXN00041399,Bank Server Error,1,Resolved
FAIL0001883,TXN00041404,Bank Server Error,2,Resolved
FAIL0001884,TXN00041405,Insufficient Balance,1,Resolved
FAIL0001885,TXN00041427,Limit Exceeded,1,Unresolved
FAIL0001886,TXN00041439,Limit Exceeded,2,Resolved
FAIL0001887,TXN00041477,Payment Gateway Error,1,Unresolved
FAIL0001888,TXN00041479,Network Error,1,Unresolved
FAIL0001889,TXN00041503,Bank Server Error,3,Resolved
FAIL0001890,TXN00041510,Bank Server Error,1,Resolved
FAIL0001891,TXN00041523,Network Error,3,Resolved
FAIL0001892,TXN00041556,Network Error,2,Resolved
FAIL0001893,TXN00041592,Insufficient Balance,1,Resolved
FAIL0001894,TXN00041646,Network Error,1,Unresolved
FAIL0001895,TXN00041676,Insufficient Balance,3,Resolved
FAIL0001896,TXN00041692,Bank Server Error,2,Unresolved
FAIL0001897,TXN00041699,Bank Server Error,1,Resolved
FAIL0001898,TXN00041748,Insufficient Balance,1,Resolved
FAIL0001899,TXN00041772,Payment Gateway Error,1,Unresolved
FAIL0001900,TXN00041825,Bank Server Error,3,Resolved
FAIL0001901,TXN00041866,Limit Exceeded,2,Unresolved
FAIL0001902,TXN00041887,Bank Server Error,1,Unresolved
FAIL0001903,TXN00041895,Bank Server Error,1,Resolved
FAIL0001904,TXN00041915,Insufficient Balance,1,Resolved
FAIL0001905,TXN00041924,Insufficient Balance,3,Resolved
FAIL0001906,TXN00041941,Network Error,2,Resolved
FAIL0001907,TXN00041949,Invalid PIN,1,Resolved
FAIL0001908,TXN00041962,Insufficient Balance,1,Unresolved
FAIL0001909,TXN00041992,Network Error,2,Resolved
FAIL0001910,TXN00041997,Bank Server Error,1,Resolved
FAIL0001911,TXN00042022,Insufficient Balance,3,Resolved
FAIL0001912,TXN00042046,Limit Exceeded,3,Unresolved
FAIL0001913,TXN00042069,Insufficient Balance,2,Resolved
FAIL0001914,TXN00042096,Payment Gateway Error,1,Unresolved
FAIL0001915,TXN00042102,Insufficient Balance,3,Resolved
FAIL0001916,TXN00042120,Bank Server Error,1,Unresolved
FAIL0001917,TXN00042147,Insufficient Balance,3,Resolved
FAIL0001918,TXN00042159,Insufficient Balance,2,Resolved
FAIL0001919,TXN00042174,Insufficient Balance,1,Unresolved
FAIL0001920,TXN00042175,Invalid PIN,1,Resolved
FAIL0001921,TXN00042186,Limit Exceeded,1,Resolved
FAIL0001922,TXN00042222,Payment Gateway Error,1,Resolved
FAIL0001923,TXN00042242,Insufficient Balance,3,Resolved
FAIL0001924,TXN00042269,Network Error,1,Resolved
FAIL0001925,TXN00042305,Bank Server Error,1,Unresolved
FAIL0001926,TXN00042307,Insufficient Balance,2,Resolved
FAIL0001927,TXN00042312,Network Error,1,Resolved
FAIL0001928,TXN00042335,Insufficient Balance,1,Unresolved
FAIL0001929,TXN00042341,Network Error,1,Unresolved
FAIL0001930,TXN00042349,Payment Gateway Error,2,Resolved
FAIL0001931,TXN00042357,Bank Server Error,1,Unresolved
FAIL0001932,TXN00042376,Bank Server Error,1,Unresolved
FAIL0001933,TXN00042386,Bank Server Error,1,Resolved
FAIL0001934,TXN00042389,Bank Server Error,1,Unresolved
FAIL0001935,TXN00042411,Insufficient Balance,1,Resolved
FAIL0001936,TXN00042437,Timeout,1,Resolved
FAIL0001937,TXN00042452,Bank Server Error,1,Unresolved
FAIL0001938,TXN00042501,Bank Server Error,1,Unresolved
FAIL0001939,TXN00042510,Bank Server Error,1,Unresolved
FAIL0001940,TXN00042556,Network Error,1,Resolved
FAIL0001941,TXN00042565,Timeout,1,Unresolved
FAIL0001942,TXN00042596,Limit Exceeded,1,Unresolved
FAIL0001943,TXN00042623,Payment Gateway Error,1,Resolved
FAIL0001944,TXN00042649,Payment Gateway Error,1,Resolved
FAIL0001945,TXN00042665,Limit Exceeded,2,Resolved
FAIL0001946,TXN00042704,Insufficient Balance,1,Unresolved
FAIL0001947,TXN00042718,Invalid PIN,1,Resolved
FAIL0001948,TXN00042729,Network Error,2,Resolved
FAIL0001949,TXN00042739,Insufficient Balance,1,Resolved
FAIL0001950,TXN00042759,Insufficient Balance,1,Resolved
FAIL0001951,TXN00042764,Bank Server Error,1,Resolved
FAIL0001952,TXN00042766,Insufficient Balance,1,Unresolved
FAIL0001953,TXN00042794,Payment Gateway Error,2,Unresolved
FAIL0001954,TXN00042869,Payment Gateway Error,1,Resolved
FAIL0001955,TXN00042895,Limit Exceeded,2,Unresolved
FAIL0001956,TXN00042901,Insufficient Balance,1,Unresolved
FAIL0001957,TXN00042952,Network Error,1,Resolved
FAIL0001958,TXN00042968,Invalid PIN,1,Unresolved
FAIL0001959,TXN00042971,Network Error,1,Unresolved
FAIL0001960,TXN00042982,Insufficient Balance,1,Resolved
FAIL0001961,TXN00043022,Bank Server Error,1,Resolved
FAIL0001962,TXN00043034,Payment Gateway Error,1,Resolved
FAIL0001963,TXN00043054,Network Error,2,Resolved
FAIL0001964,TXN00043116,Timeout,1,Unresolved
FAIL0001965,TXN00043127,Limit Exceeded,1,Unresolved
FAIL0001966,TXN00043144,Limit Exceeded,1,Resolved
FAIL0001967,TXN00043165,Bank Server Error,1,Resolved
FAIL0001968,TXN00043224,Invalid PIN,1,Resolved
FAIL0001969,TXN00043230,Payment Gateway Error,1,Unresolved
FAIL0001970,TXN00043246,Network Error,1,Unresolved
FAIL0001971,TXN00043253,Network Error,1,Resolved
FAIL0001972,TXN00043255,Network Error,1,Resolved
FAIL0001973,TXN00043258,Bank Server Error,1,Resolved
FAIL0001974,TXN00043264,Network Error,1,Unresolved
FAIL0001975,TXN00043266,Network Error,1,Unresolved
FAIL0001976,TXN00043283,Network Error,2,Resolved
FAIL0001977,TXN00043292,Invalid PIN,1,Unresolved
FAIL0001978,TXN00043300,Payment Gateway Error,1,Unresolved
FAIL0001979,TXN00043316,Limit Exceeded,1,Unresolved
FAIL0001980,TXN00043318,Insufficient Balance,3,Resolved
FAIL0001981,TXN00043364,Timeout,1,Resolved
FAIL0001982,TXN00043383,Insufficient Balance,1,Unresolved
FAIL0001983,TXN00043419,Limit Exceeded,2,Resolved
FAIL0001984,TXN00043445,Payment Gateway Error,1,Resolved
FAIL0001985,TXN00043447,Bank Server Error,2,Resolved
FAIL0001986,TXN00043458,Bank Server Error,1,Unresolved
FAIL0001987,TXN00043495,Payment Gateway Error,1,Unresolved
FAIL0001988,TXN00043508,Insufficient Balance,1,Unresolved
FAIL0001989,TXN00043526,Network Error,1,Unresolved
FAIL0001990,TXN00043552,Payment Gateway Error,1,Resolved
FAIL0001991,TXN00043607,Limit Exceeded,2,Resolved
FAIL0001992,TXN00043619,Invalid PIN,1,Resolved
FAIL0001993,TXN00043636,Bank Server Error,1,Unresolved
FAIL0001994,TXN00043678,Bank Server Error,1,Unresolved
FAIL0001995,TXN00043697,Insufficient Balance,1,Unresolved
FAIL0001996,TXN00043714,Insufficient Balance,1,Unresolved
FAIL0001997,TXN00043756,Bank Server Error,1,Unresolved
FAIL0001998,TXN00043776,Bank Server Error,1,Unresolved
FAIL0001999,TXN00043778,Timeout,1,Unresolved
FAIL0002000,TXN00043800,Payment Gateway Error,1,Resolved
FAIL0002001,TXN00043803,Bank Server Error,2,Resolved
FAIL0002002,TXN00043808,Bank Server Error,1,Unresolved
FAIL0002003,TXN00043810,Bank Server Error,2,Resolved
FAIL0002004,TXN00043836,Invalid PIN,2,Unresolved
FAIL0002005,TXN00043878,Invalid PIN,1,Unresolved
FAIL0002006,TXN00043887,Invalid PIN,1,Resolved
FAIL0002007,TXN00043908,Bank Server Error,1,Unresolved
FAIL0002008,TXN00043921,Insufficient Balance,1,Resolved
FAIL0002009,TXN00043928,Insufficient Balance,1,Unresolved
FAIL0002010,TXN00043930,Limit Exceeded,1,Resolved
FAIL0002011,TXN00043948,Network Error,1,Unresolved
FAIL0002012,TXN00043955,Limit Exceeded,1,Resolved
FAIL0002013,TXN00043971,Payment Gateway Error,1,Unresolved
FAIL0002014,TXN00043976,Insufficient Balance,1,Unresolved
FAIL0002015,TXN00044076,Insufficient Balance,1,Unresolved
FAIL0002016,TXN00044080,Limit Exceeded,1,Resolved
FAIL0002017,TXN00044082,Payment Gateway Error,2,Resolved
FAIL0002018,TXN00044093,Timeout,1,Resolved
FAIL0002019,TXN00044110,Insufficient Balance,1,Unresolved
FAIL0002020,TXN00044118,Insufficient Balance,1,Unresolved
FAIL0002021,TXN00044131,Payment Gateway Error,1,Unresolved
FAIL0002022,TXN00044147,Insufficient Balance,1,Resolved
FAIL0002023,TXN00044191,Limit Exceeded,1,Unresolved
FAIL0002024,TXN00044198,Network Error,1,Unresolved
FAIL0002025,TXN00044209,Limit Exceeded,1,Resolved
FAIL0002026,TXN00044291,Insufficient Balance,2,Unresolved
FAIL0002027,TXN00044292,Insufficient Balance,2,Resolved
FAIL0002028,TXN00044295,Network Error,1,Resolved
FAIL0002029,TXN00044314,Network Error,1,Resolved
FAIL0002030,TXN00044330,Limit Exceeded,1,Unresolved
FAIL0002031,TXN00044340,Network Error,1,Resolved
FAIL0002032,TXN00044378,Payment Gateway Error,1,Resolved
FAIL0002033,TXN00044405,Bank Server Error,1,Resolved
FAIL0002034,TXN00044425,Invalid PIN,1,Resolved
FAIL0002035,TXN00044444,Limit Exceeded,1,Resolved
FAIL0002036,TXN00044498,Timeout,1,Resolved
FAIL0002037,TXN00044515,Bank Server Error,1,Unresolved
FAIL0002038,TXN00044524,Bank Server Error,1,Resolved
FAIL0002039,TXN00044527,Payment Gateway Error,1,Resolved
FAIL0002040,TXN00044547,Insufficient Balance,1,Resolved
FAIL0002041,TXN00044572,Invalid PIN,2,Unresolved
FAIL0002042,TXN00044573,Timeout,1,Resolved
FAIL0002043,TXN00044627,Payment Gateway Error,1,Resolved
FAIL0002044,TXN00044631,Timeout,1,Resolved
FAIL0002045,TXN00044641,Bank Server Error,2,Unresolved
FAIL0002046,TXN00044689,Insufficient Balance,1,Resolved
FAIL0002047,TXN00044709,Insufficient Balance,1,Resolved
FAIL0002048,TXN00044742,Network Error,3,Resolved
FAIL0002049,TXN00044785,Network Error,2,Resolved
FAIL0002050,TXN00044833,Bank Server Error,1,Unresolved
FAIL0002051,TXN00044868,Insufficient Balance,2,Resolved
FAIL0002052,TXN00044883,Payment Gateway Error,1,Resolved
FAIL0002053,TXN00044942,Payment Gateway Error,1,Unresolved
FAIL0002054,TXN00044954,Limit Exceeded,1,Resolved
FAIL0002055,TXN00044978,Insufficient Balance,1,Resolved
FAIL0002056,TXN00045002,Limit Exceeded,1,Unresolved
FAIL0002057,TXN00045011,Limit Exceeded,2,Resolved
FAIL0002058,TXN00045015,Payment Gateway Error,1,Resolved
FAIL0002059,TXN00045032,Insufficient Balance,2,Resolved
FAIL0002060,TXN00045054,Limit Exceeded,1,Resolved
FAIL0002061,TXN00045058,Bank Server Error,1,Resolved
FAIL0002062,TXN00045088,Insufficient Balance,1,Unresolved
FAIL0002063,TXN00045135,Timeout,2,Resolved
FAIL0002064,TXN00045140,Network Error,2,Resolved
FAIL0002065,TXN00045144,Insufficient Balance,1,Unresolved
FAIL0002066,TXN00045150,Timeout,2,Resolved
FAIL0002067,TXN00045168,Network Error,2,Resolved
FAIL0002068,TXN00045183,Invalid PIN,3,Resolved
FAIL0002069,TXN00045196,Network Error,1,Unresolved
FAIL0002070,TXN00045280,Network Error,3,Resolved
FAIL0002071,TXN00045292,Insufficient Balance,2,Resolved
FAIL0002072,TXN00045306,Insufficient Balance,3,Unresolved
FAIL0002073,TXN00045318,Insufficient Balance,1,Unresolved
FAIL0002074,TXN00045325,Invalid PIN,2,Resolved
FAIL0002075,TXN00045329,Limit Exceeded,3,Resolved
FAIL0002076,TXN00045346,Payment Gateway Error,1,Resolved
FAIL0002077,TXN00045368,Payment Gateway Error,1,Unresolved
FAIL0002078,TXN00045375,Insufficient Balance,1,Resolved
FAIL0002079,TXN00045383,Insufficient Balance,2,Unresolved
FAIL0002080,TXN00045461,Insufficient Balance,1,Unresolved
FAIL0002081,TXN00045499,Limit Exceeded,1,Resolved
FAIL0002082,TXN00045502,Invalid PIN,1,Unresolved
FAIL0002083,TXN00045572,Payment Gateway Error,2,Resolved
FAIL0002084,TXN00045594,Bank Server Error,1,Unresolved
FAIL0002085,TXN00045601,Limit Exceeded,1,Resolved
FAIL0002086,TXN00045602,Network Error,2,Resolved
FAIL0002087,TXN00045672,Insufficient Balance,1,Resolved
FAIL0002088,TXN00045673,Limit Exceeded,1,Unresolved
FAIL0002089,TXN00045680,Insufficient Balance,1,Unresolved
FAIL0002090,TXN00045741,Network Error,1,Unresolved
FAIL0002091,TXN00045767,Insufficient Balance,1,Resolved
FAIL0002092,TXN00045770,Payment Gateway Error,3,Resolved
FAIL0002093,TXN00045801,Payment Gateway Error,1,Resolved
FAIL0002094,TXN00045818,Network Error,1,Resolved
FAIL0002095,TXN00045869,Network Error,2,Resolved
FAIL0002096,TXN00045871,Insufficient Balance,1,Resolved
FAIL0002097,TXN00045887,Invalid PIN,1,Resolved
FAIL0002098,TXN00045910,Insufficient Balance,3,Resolved
FAIL0002099,TXN00045944,Insufficient Balance,2,Resolved
FAIL0002100,TXN00045968,Insufficient Balance,1,Resolved
FAIL0002101,TXN00045997,Insufficient Balance,1,Resolved
FAIL0002102,TXN00046011,Bank Server Error,2,Resolved
FAIL0002103,TXN00046032,Insufficient Balance,1,Resolved
FAIL0002104,TXN00046039,Bank Server Error,1,Resolved
FAIL0002105,TXN00046043,Limit Exceeded,1,Unresolved
FAIL0002106,TXN00046065,Network Error,1,Unresolved
FAIL0002107,TXN00046078,Bank Server Error,1,Unresolved
FAIL0002108,TXN00046090,Payment Gateway Error,1,Resolved
FAIL0002109,TXN00046113,Insufficient Balance,1,Unresolved
FAIL0002110,TXN00046187,Limit Exceeded,1,Resolved
FAIL0002111,TXN00046198,Network Error,1,Unresolved
FAIL0002112,TXN00046206,Insufficient Balance,1,Resolved
FAIL0002113,TXN00046207,Bank Server Error,1,Resolved
FAIL0002114,TXN00046248,Insufficient Balance,1,Unresolved
FAIL0002115,TXN00046258,Bank Server Error,1,Resolved
FAIL0002116,TXN00046259,Insufficient Balance,2,Resolved
FAIL0002117,TXN00046330,Network Error,1,Resolved
FAIL0002118,TXN00046366,Invalid PIN,2,Resolved
FAIL0002119,TXN00046381,Invalid PIN,1,Unresolved
FAIL0002120,TXN00046386,Insufficient Balance,1,Unresolved
FAIL0002121,TXN00046394,Network Error,1,Resolved
FAIL0002122,TXN00046399,Bank Server Error,1,Unresolved
FAIL0002123,TXN00046406,Invalid PIN,1,Resolved
FAIL0002124,TXN00046493,Timeout,2,Resolved
FAIL0002125,TXN00046496,Timeout,1,Resolved
FAIL0002126,TXN00046513,Limit Exceeded,1,Resolved
FAIL0002127,TXN00046524,Insufficient Balance,1,Unresolved
FAIL0002128,TXN00046579,Insufficient Balance,1,Resolved
FAIL0002129,TXN00046584,Network Error,2,Resolved
FAIL0002130,TXN00046608,Payment Gateway Error,1,Resolved
FAIL0002131,TXN00046622,Timeout,1,Resolved
FAIL0002132,TXN00046649,Network Error,1,Unresolved
FAIL0002133,TXN00046650,Network Error,1,Unresolved
FAIL0002134,TXN00046683,Bank Server Error,3,Resolved
FAIL0002135,TXN00046724,Insufficient Balance,1,Unresolved
FAIL0002136,TXN00046727,Timeout,1,Resolved
FAIL0002137,TXN00046739,Network Error,1,Unresolved
FAIL0002138,TXN00046826,Insufficient Balance,1,Unresolved
FAIL0002139,TXN00046858,Network Error,2,Resolved
FAIL0002140,TXN00046883,Insufficient Balance,2,Resolved
FAIL0002141,TXN00046897,Network Error,2,Unresolved
FAIL0002142,TXN00046908,Payment Gateway Error,1,Resolved
FAIL0002143,TXN00046991,Bank Server Error,1,Resolved
FAIL0002144,TXN00046993,Insufficient Balance,2,Resolved
FAIL0002145,TXN00047017,Bank Server Error,1,Unresolved
FAIL0002146,TXN00047051,Payment Gateway Error,2,Unresolved
FAIL0002147,TXN00047086,Bank Server Error,1,Unresolved
FAIL0002148,TXN00047098,Invalid PIN,1,Resolved
FAIL0002149,TXN00047100,Bank Server Error,1,Unresolved
FAIL0002150,TXN00047123,Limit Exceeded,1,Resolved
FAIL0002151,TXN00047145,Payment Gateway Error,1,Unresolved
FAIL0002152,TXN00047178,Limit Exceeded,3,Resolved
FAIL0002153,TXN00047242,Invalid PIN,1,Resolved
FAIL0002154,TXN00047243,Payment Gateway Error,1,Resolved
FAIL0002155,TXN00047248,Bank Server Error,1,Unresolved
FAIL0002156,TXN00047285,Network Error,1,Resolved
FAIL0002157,TXN00047320,Limit Exceeded,1,Unresolved
FAIL0002158,TXN00047363,Payment Gateway Error,1,Resolved
FAIL0002159,TXN00047383,Payment Gateway Error,1,Resolved
FAIL0002160,TXN00047399,Payment Gateway Error,1,Resolved
FAIL0002161,TXN00047409,Insufficient Balance,3,Resolved
FAIL0002162,TXN00047412,Network Error,2,Resolved
FAIL0002163,TXN00047434,Insufficient Balance,2,Resolved
FAIL0002164,TXN00047458,Insufficient Balance,1,Unresolved
FAIL0002165,TXN00047479,Limit Exceeded,1,Unresolved
FAIL0002166,TXN00047516,Bank Server Error,1,Resolved
FAIL0002167,TXN00047518,Network Error,1,Resolved
FAIL0002168,TXN00047534,Timeout,3,Resolved
FAIL0002169,TXN00047536,Bank Server Error,2,Unresolved
FAIL0002170,TXN00047549,Insufficient Balance,1,Unresolved
FAIL0002171,TXN00047569,Limit Exceeded,1,Resolved
FAIL0002172,TXN00047682,Limit Exceeded,1,Resolved
FAIL0002173,TXN00047686,Limit Exceeded,1,Resolved
FAIL0002174,TXN00047694,Bank Server Error,3,Resolved
FAIL0002175,TXN00047695,Payment Gateway Error,2,Resolved
FAIL0002176,TXN00047696,Bank Server Error,1,Unresolved
FAIL0002177,TXN00047729,Insufficient Balance,1,Resolved
FAIL0002178,TXN00047734,Limit Exceeded,1,Unresolved
FAIL0002179,TXN00047741,Payment Gateway Error,1,Unresolved
FAIL0002180,TXN00047751,Insufficient Balance,1,Resolved
FAIL0002181,TXN00047762,Insufficient Balance,3,Resolved
FAIL0002182,TXN00047781,Limit Exceeded,2,Resolved
FAIL0002183,TXN00047783,Payment Gateway Error,2,Resolved
FAIL0002184,TXN00047793,Network Error,2,Resolved
FAIL0002185,TXN00047806,Bank Server Error,1,Unresolved
FAIL0002186,TXN00047816,Network Error,2,Resolved
FAIL0002187,TXN00047869,Bank Server Error,2,Resolved
FAIL0002188,TXN00047887,Limit Exceeded,1,Resolved
FAIL0002189,TXN00047903,Invalid PIN,3,Resolved
FAIL0002190,TXN00047916,Bank Server Error,1,Resolved
FAIL0002191,TXN00047919,Network Error,1,Resolved
FAIL0002192,TXN00047933,Payment Gateway Error,1,Unresolved
FAIL0002193,TXN00047985,Limit Exceeded,1,Unresolved
FAIL0002194,TXN00047989,Payment Gateway Error,3,Resolved
FAIL0002195,TXN00048012,Bank Server Error,2,Resolved
FAIL0002196,TXN00048019,Insufficient Balance,1,Resolved
FAIL0002197,TXN00048049,Limit Exceeded,1,Unresolved
FAIL0002198,TXN00048053,Limit Exceeded,2,Unresolved
FAIL0002199,TXN00048074,Network Error,1,Resolved
FAIL0002200,TXN00048093,Limit Exceeded,1,Resolved
FAIL0002201,TXN00048096,Timeout,1,Unresolved
FAIL0002202,TXN00048112,Payment Gateway Error,2,Resolved
FAIL0002203,TXN00048116,Network Error,1,Resolved
FAIL0002204,TXN00048161,Bank Server Error,1,Unresolved
FAIL0002205,TXN00048254,Bank Server Error,1,Unresolved
FAIL0002206,TXN00048275,Timeout,1,Resolved
FAIL0002207,TXN00048291,Invalid PIN,1,Unresolved
FAIL0002208,TXN00048317,Invalid PIN,1,Resolved
FAIL0002209,TXN00048320,Limit Exceeded,1,Unresolved
FAIL0002210,TXN00048338,Insufficient Balance,1,Resolved
FAIL0002211,TXN00048353,Limit Exceeded,2,Unresolved
FAIL0002212,TXN00048361,Bank Server Error,1,Unresolved
FAIL0002213,TXN00048374,Insufficient Balance,1,Unresolved
FAIL0002214,TXN00048389,Insufficient Balance,1,Unresolved
FAIL0002215,TXN00048395,Insufficient Balance,1,Unresolved
FAIL0002216,TXN00048415,Timeout,1,Resolved
FAIL0002217,TXN00048441,Bank Server Error,1,Unresolved
FAIL0002218,TXN00048442,Insufficient Balance,1,Resolved
FAIL0002219,TXN00048448,Insufficient Balance,1,Unresolved
FAIL0002220,TXN00048451,Network Error,1,Resolved
FAIL0002221,TXN00048454,Network Error,1,Resolved
FAIL0002222,TXN00048471,Insufficient Balance,1,Resolved
FAIL0002223,TXN00048534,Network Error,1,Unresolved
FAIL0002224,TXN00048539,Bank Server Error,2,Resolved
FAIL0002225,TXN00048565,Limit Exceeded,1,Resolved
FAIL0002226,TXN00048574,Invalid PIN,2,Resolved
FAIL0002227,TXN00048600,Insufficient Balance,1,Resolved
FAIL0002228,TXN00048627,Insufficient Balance,1,Resolved
FAIL0002229,TXN00048654,Insufficient Balance,1,Unresolved
FAIL0002230,TXN00048682,Bank Server Error,2,Resolved
FAIL0002231,TXN00048700,Payment Gateway Error,2,Unresolved
FAIL0002232,TXN00048706,Payment Gateway Error,3,Resolved
FAIL0002233,TXN00048800,Bank Server Error,1,Resolved
FAIL0002234,TXN00048827,Limit Exceeded,2,Resolved
FAIL0002235,TXN00048866,Insufficient Balance,1,Resolved
FAIL0002236,TXN00048900,Limit Exceeded,2,Resolved
FAIL0002237,TXN00048908,Insufficient Balance,1,Resolved
FAIL0002238,TXN00048915,Insufficient Balance,2,Unresolved
FAIL0002239,TXN00048926,Bank Server Error,1,Unresolved
FAIL0002240,TXN00048945,Payment Gateway Error,2,Resolved
FAIL0002241,TXN00049031,Network Error,2,Resolved
FAIL0002242,TXN00049037,Bank Server Error,2,Resolved
FAIL0002243,TXN00049068,Insufficient Balance,2,Unresolved
FAIL0002244,TXN00049077,Insufficient Balance,1,Resolved
FAIL0002245,TXN00049108,Limit Exceeded,1,Unresolved
FAIL0002246,TXN00049185,Bank Server Error,1,Resolved
FAIL0002247,TXN00049274,Bank Server Error,1,Unresolved
FAIL0002248,TXN00049278,Limit Exceeded,1,Resolved
FAIL0002249,TXN00049282,Timeout,1,Resolved
FAIL0002250,TXN00049301,Bank Server Error,1,Resolved
FAIL0002251,TXN00049334,Network Error,1,Unresolved
FAIL0002252,TXN00049336,Network Error,1,Unresolved
FAIL0002253,TXN00049342,Bank Server Error,1,Unresolved
FAIL0002254,TXN00049372,Network Error,1,Resolved
FAIL0002255,TXN00049448,Payment Gateway Error,2,Resolved
FAIL0002256,TXN00049449,Network Error,1,Resolved
FAIL0002257,TXN00049546,Payment Gateway Error,1,Unresolved
FAIL0002258,TXN00049551,Bank Server Error,1,Unresolved
FAIL0002259,TXN00049552,Insufficient Balance,1,Resolved
FAIL0002260,TXN00049597,Invalid PIN,1,Resolved
FAIL0002261,TXN00049625,Insufficient Balance,3,Resolved
FAIL0002262,TXN00049657,Bank Server Error,2,Resolved
FAIL0002263,TXN00049665,Limit Exceeded,2,Unresolved
FAIL0002264,TXN00049709,Limit Exceeded,1,Unresolved
FAIL0002265,TXN00049728,Insufficient Balance,2,Unresolved
FAIL0002266,TXN00049744,Insufficient Balance,1,Unresolved
FAIL0002267,TXN00049750,Network Error,1,Unresolved
FAIL0002268,TXN00049753,Limit Exceeded,1,Resolved
FAIL0002269,TXN00049761,Network Error,1,Resolved
FAIL0002270,TXN00049767,Payment Gateway Error,1,Unresolved
FAIL0002271,TXN00049772,Network Error,1,Unresolved
FAIL0002272,TXN00049820,Limit Exceeded,1,Resolved
FAIL0002273,TXN00049847,Payment Gateway Error,1,Resolved
FAIL0002274,TXN00049862,Insufficient Balance,1,Unresolved
FAIL0002275,TXN00049920,Payment Gateway Error,1,Resolved
FAIL0002276,TXN00049926,Limit Exceeded,2,Resolved
FAIL0002277,TXN00049930,Insufficient Balance,1,Resolved
FAIL0002278,TXN00049942,Bank Server Error,2,Resolved
FAIL0002279,TXN00049957,Insufficient Balance,1,Resolved
FAIL0002280,TXN00049977,Bank Server Error,1,Resolved
FAIL0002281,TXN00049993,Insufficient Balance,1,Unresolved
FAIL0002282,TXN00050044,Payment Gateway Error,1,Resolved
FAIL0002283,TXN00050046,Payment Gateway Error,1,Resolved
FAIL0002284,TXN00050067,Payment Gateway Error,1,Unresolved
FAIL0002285,TXN00050112,Limit Exceeded,2,Resolved
FAIL0002286,TXN00050113,Bank Server Error,1,Resolved
FAIL0002287,TXN00050143,Limit Exceeded,1,Unresolved
FAIL0002288,TXN00050147,Limit Exceeded,2,Resolved
FAIL0002289,TXN00050227,Network Error,1,Resolved
FAIL0002290,TXN00050256,Network Error,1,Resolved
FAIL0002291,TXN00050258,Network Error,1,Resolved
FAIL0002292,TXN00050293,Bank Server Error,1,Unresolved
FAIL0002293,TXN00050299,Insufficient Balance,1,Unresolved
FAIL0002294,TXN00050306,Payment Gateway Error,1,Unresolved
FAIL0002295,TXN00050314,Limit Exceeded,1,Resolved
FAIL0002296,TXN00050348,Limit Exceeded,1,Resolved
FAIL0002297,TXN00050386,Insufficient Balance,1,Resolved
FAIL0002298,TXN00050416,Bank Server Error,1,Unresolved
FAIL0002299,TXN00050429,Limit Exceeded,2,Resolved
FAIL0002300,TXN00050441,Payment Gateway Error,2,Resolved
FAIL0002301,TXN00050489,Bank Server Error,2,Resolved
FAIL0002302,TXN00050518,Bank Server Error,1,Resolved
FAIL0002303,TXN00050563,Bank Server Error,2,Unresolved
FAIL0002304,TXN00050571,Limit Exceeded,2,Resolved
FAIL0002305,TXN00050582,Payment Gateway Error,2,Resolved
FAIL0002306,TXN00050602,Payment Gateway Error,2,Resolved
FAIL0002307,TXN00050662,Bank Server Error,1,Resolved
FAIL0002308,TXN00050672,Timeout,1,Unresolved
FAIL0002309,TXN00050694,Network Error,1,Unresolved
FAIL0002310,TXN00050696,Bank Server Error,1,Unresolved
FAIL0002311,TXN00050723,Limit Exceeded,1,Resolved
FAIL0002312,TXN00050729,Payment Gateway Error,1,Resolved
FAIL0002313,TXN00050730,Bank Server Error,2,Resolved
FAIL0002314,TXN00050749,Limit Exceeded,1,Resolved
FAIL0002315,TXN00050784,Network Error,1,Unresolved
FAIL0002316,TXN00050789,Network Error,1,Resolved
FAIL0002317,TXN00050804,Bank Server Error,1,Unresolved
FAIL0002318,TXN00050807,Payment Gateway Error,1,Resolved
FAIL0002319,TXN00050854,Invalid PIN,2,Unresolved
FAIL0002320,TXN00050858,Invalid PIN,1,Resolved
FAIL0002321,TXN00050880,Network Error,1,Resolved
FAIL0002322,TXN00050904,Bank Server Error,1,Unresolved
FAIL0002323,TXN00050915,Bank Server Error,1,Resolved
FAIL0002324,TXN00050920,Limit Exceeded,1,Resolved
FAIL0002325,TXN00050947,Limit Exceeded,1,Resolved
FAIL0002326,TXN00050949,Bank Server Error,1,Unresolved
FAIL0002327,TXN00050960,Payment Gateway Error,1,Resolved
FAIL0002328,TXN00050962,Invalid PIN,1,Unresolved
FAIL0002329,TXN00050970,Insufficient Balance,2,Resolved
FAIL0002330,TXN00050978,Invalid PIN,2,Resolved
FAIL0002331,TXN00050979,Payment Gateway Error,2,Unresolved
FAIL0002332,TXN00051008,Payment Gateway Error,1,Resolved
FAIL0002333,TXN00051045,Limit Exceeded,1,Unresolved
FAIL0002334,TXN00051081,Payment Gateway Error,1,Resolved
FAIL0002335,TXN00051185,Payment Gateway Error,2,Resolved
FAIL0002336,TXN00051186,Payment Gateway Error,2,Resolved
FAIL0002337,TXN00051187,Insufficient Balance,1,Unresolved
FAIL0002338,TXN00051195,Insufficient Balance,3,Resolved
FAIL0002339,TXN00051204,Timeout,3,Resolved
FAIL0002340,TXN00051219,Payment Gateway Error,1,Resolved
FAIL0002341,TXN00051227,Bank Server Error,1,Unresolved
FAIL0002342,TXN00051287,Bank Server Error,1,Resolved
FAIL0002343,TXN00051337,Invalid PIN,1,Unresolved
FAIL0002344,TXN00051352,Invalid PIN,3,Resolved
FAIL0002345,TXN00051358,Insufficient Balance,1,Unresolved
FAIL0002346,TXN00051377,Insufficient Balance,1,Resolved
FAIL0002347,TXN00051392,Insufficient Balance,1,Unresolved
FAIL0002348,TXN00051403,Limit Exceeded,1,Resolved
FAIL0002349,TXN00051404,Payment Gateway Error,1,Resolved
FAIL0002350,TXN00051412,Invalid PIN,1,Resolved
FAIL0002351,TXN00051430,Insufficient Balance,2,Unresolved
FAIL0002352,TXN00051437,Limit Exceeded,3,Resolved
FAIL0002353,TXN00051464,Invalid PIN,1,Unresolved
FAIL0002354,TXN00051490,Bank Server Error,2,Resolved
FAIL0002355,TXN00051502,Payment Gateway Error,1,Unresolved
FAIL0002356,TXN00051506,Bank Server Error,2,Resolved
FAIL0002357,TXN00051537,Payment Gateway Error,2,Resolved
FAIL0002358,TXN00051543,Limit Exceeded,1,Resolved
FAIL0002359,TXN00051598,Network Error,1,Unresolved
FAIL0002360,TXN00051635,Payment Gateway Error,1,Resolved
FAIL0002361,TXN00051639,Invalid PIN,1,Unresolved
FAIL0002362,TXN00051736,Limit Exceeded,1,Resolved
FAIL0002363,TXN00051742,Invalid PIN,1,Resolved
FAIL0002364,TXN00051743,Limit Exceeded,1,Unresolved
FAIL0002365,TXN00051752,Insufficient Balance,3,Resolved
FAIL0002366,TXN00051777,Bank Server Error,2,Resolved
FAIL0002367,TXN00051827,Payment Gateway Error,1,Unresolved
FAIL0002368,TXN00051850,Insufficient Balance,3,Resolved
FAIL0002369,TXN00051867,Network Error,2,Unresolved
FAIL0002370,TXN00051876,Network Error,1,Resolved
FAIL0002371,TXN00051879,Limit Exceeded,1,Unresolved
FAIL0002372,TXN00051888,Invalid PIN,2,Resolved
FAIL0002373,TXN00051908,Bank Server Error,1,Unresolved
FAIL0002374,TXN00051910,Payment Gateway Error,1,Resolved
FAIL0002375,TXN00051918,Invalid PIN,1,Resolved
FAIL0002376,TXN00051962,Insufficient Balance,1,Resolved
FAIL0002377,TXN00051993,Payment Gateway Error,2,Resolved
FAIL0002378,TXN00051999,Insufficient Balance,1,Resolved
FAIL0002379,TXN00052029,Insufficient Balance,2,Resolved
FAIL0002380,TXN00052048,Limit Exceeded,1,Resolved
FAIL0002381,TXN00052065,Limit Exceeded,1,Resolved
FAIL0002382,TXN00052089,Network Error,1,Unresolved
FAIL0002383,TXN00052091,Bank Server Error,3,Unresolved
FAIL0002384,TXN00052097,Network Error,1,Unresolved
FAIL0002385,TXN00052158,Payment Gateway Error,1,Resolved
FAIL0002386,TXN00052234,Timeout,2,Unresolved
FAIL0002387,TXN00052237,Network Error,1,Unresolved
FAIL0002388,TXN00052245,Insufficient Balance,1,Resolved
FAIL0002389,TXN00052257,Bank Server Error,2,Unresolved
FAIL0002390,TXN00052287,Payment Gateway Error,1,Resolved
FAIL0002391,TXN00052290,Insufficient Balance,3,Unresolved
FAIL0002392,TXN00052291,Network Error,1,Unresolved
FAIL0002393,TXN00052295,Bank Server Error,2,Resolved
FAIL0002394,TXN00052296,Network Error,1,Resolved
FAIL0002395,TXN00052380,Limit Exceeded,1,Unresolved
FAIL0002396,TXN00052424,Network Error,2,Resolved
FAIL0002397,TXN00052443,Invalid PIN,1,Unresolved
FAIL0002398,TXN00052454,Payment Gateway Error,1,Unresolved
FAIL0002399,TXN00052457,Timeout,1,Resolved
FAIL0002400,TXN00052458,Payment Gateway Error,1,Resolved
FAIL0002401,TXN00052463,Limit Exceeded,2,Unresolved
FAIL0002402,TXN00052474,Insufficient Balance,1,Unresolved
FAIL0002403,TXN00052496,Bank Server Error,3,Resolved
FAIL0002404,TXN00052499,Payment Gateway Error,1,Unresolved
FAIL0002405,TXN00052536,Bank Server Error,2,Unresolved
FAIL0002406,TXN00052540,Insufficient Balance,1,Unresolved
FAIL0002407,TXN00052556,Bank Server Error,1,Resolved
FAIL0002408,TXN00052566,Limit Exceeded,1,Resolved
FAIL0002409,TXN00052615,Limit Exceeded,1,Unresolved
FAIL0002410,TXN00052625,Insufficient Balance,1,Resolved
FAIL0002411,TXN00052653,Network Error,1,Resolved
FAIL0002412,TXN00052662,Payment Gateway Error,1,Resolved
FAIL0002413,TXN00052666,Bank Server Error,1,Unresolved
FAIL0002414,TXN00052680,Bank Server Error,1,Unresolved
FAIL0002415,TXN00052691,Network Error,2,Resolved
FAIL0002416,TXN00052716,Invalid PIN,1,Resolved
FAIL0002417,TXN00052720,Timeout,2,Resolved
FAIL0002418,TXN00052721,Bank Server Error,2,Resolved
FAIL0002419,TXN00052727,Bank Server Error,1,Resolved
FAIL0002420,TXN00052730,Network Error,1,Unresolved
FAIL0002421,TXN00052741,Network Error,1,Unresolved
FAIL0002422,TXN00052793,Insufficient Balance,2,Resolved
FAIL0002423,TXN00052795,Limit Exceeded,1,Unresolved
FAIL0002424,TXN00052816,Insufficient Balance,1,Resolved
FAIL0002425,TXN00052824,Insufficient Balance,2,Resolved
FAIL0002426,TXN00052828,Network Error,1,Resolved
FAIL0002427,TXN00052840,Invalid PIN,1,Resolved
FAIL0002428,TXN00052849,Payment Gateway Error,2,Resolved
FAIL0002429,TXN00052854,Network Error,1,Resolved
FAIL0002430,TXN00052920,Invalid PIN,3,Resolved
FAIL0002431,TXN00052921,Insufficient Balance,1,Resolved
FAIL0002432,TXN00052940,Payment Gateway Error,1,Resolved
FAIL0002433,TXN00052955,Timeout,1,Resolved
FAIL0002434,TXN00052974,Bank Server Error,1,Unresolved
FAIL0002435,TXN00052983,Limit Exceeded,3,Resolved
FAIL0002436,TXN00053000,Network Error,1,Resolved
FAIL0002437,TXN00053014,Network Error,2,Resolved
FAIL0002438,TXN00053035,Insufficient Balance,1,Unresolved
FAIL0002439,TXN00053066,Bank Server Error,1,Unresolved
FAIL0002440,TXN00053079,Limit Exceeded,1,Unresolved
FAIL0002441,TXN00053080,Invalid PIN,2,Unresolved
FAIL0002442,TXN00053138,Timeout,1,Unresolved
FAIL0002443,TXN00053170,Network Error,1,Resolved
FAIL0002444,TXN00053193,Bank Server Error,1,Resolved
FAIL0002445,TXN00053201,Bank Server Error,1,Resolved
FAIL0002446,TXN00053231,Timeout,1,Resolved
FAIL0002447,TXN00053232,Insufficient Balance,1,Unresolved
FAIL0002448,TXN00053254,Invalid PIN,1,Unresolved
FAIL0002449,TXN00053258,Network Error,1,Resolved
FAIL0002450,TXN00053283,Insufficient Balance,1,Unresolved
FAIL0002451,TXN00053311,Bank Server Error,1,Unresolved
FAIL0002452,TXN00053328,Bank Server Error,1,Resolved
FAIL0002453,TXN00053329,Network Error,1,Resolved
FAIL0002454,TXN00053370,Payment Gateway Error,1,Resolved
FAIL0002455,TXN00053427,Payment Gateway Error,3,Resolved
FAIL0002456,TXN00053478,Limit Exceeded,2,Resolved
FAIL0002457,TXN00053503,Network Error,1,Unresolved
FAIL0002458,TXN00053507,Timeout,1,Unresolved
FAIL0002459,TXN00053510,Limit Exceeded,2,Resolved
FAIL0002460,TXN00053513,Limit Exceeded,2,Unresolved
FAIL0002461,TXN00053541,Network Error,1,Resolved
FAIL0002462,TXN00053550,Insufficient Balance,1,Resolved
FAIL0002463,TXN00053554,Insufficient Balance,1,Resolved
FAIL0002464,TXN00053561,Bank Server Error,1,Resolved
FAIL0002465,TXN00053587,Payment Gateway Error,2,Resolved
FAIL0002466,TXN00053604,Network Error,1,Resolved
FAIL0002467,TXN00053647,Insufficient Balance,2,Resolved
FAIL0002468,TXN00053651,Network Error,3,Resolved
FAIL0002469,TXN00053654,Network Error,2,Unresolved
FAIL0002470,TXN00053676,Insufficient Balance,2,Resolved
FAIL0002471,TXN00053727,Network Error,1,Resolved
FAIL0002472,TXN00053774,Network Error,2,Resolved
FAIL0002473,TXN00053793,Payment Gateway Error,1,Resolved
FAIL0002474,TXN00053820,Limit Exceeded,1,Unresolved
FAIL0002475,TXN00053827,Bank Server Error,1,Unresolved
FAIL0002476,TXN00053846,Insufficient Balance,1,Resolved
FAIL0002477,TXN00053852,Bank Server Error,1,Unresolved
FAIL0002478,TXN00053858,Invalid PIN,1,Resolved
FAIL0002479,TXN00053877,Limit Exceeded,1,Unresolved
FAIL0002480,TXN00053886,Limit Exceeded,1,Unresolved
FAIL0002481,TXN00053923,Bank Server Error,1,Resolved
FAIL0002482,TXN00053939,Limit Exceeded,1,Resolved
FAIL0002483,TXN00053972,Network Error,1,Resolved
FAIL0002484,TXN00054039,Bank Server Error,1,Unresolved
FAIL0002485,TXN00054073,Timeout,1,Unresolved
FAIL0002486,TXN00054080,Insufficient Balance,1,Unresolved
FAIL0002487,TXN00054106,Bank Server Error,1,Unresolved
FAIL0002488,TXN00054117,Network Error,1,Resolved
FAIL0002489,TXN00054131,Limit Exceeded,1,Resolved
FAIL0002490,TXN00054140,Bank Server Error,1,Resolved
FAIL0002491,TXN00054147,Limit Exceeded,1,Unresolved
FAIL0002492,TXN00054158,Bank Server Error,1,Resolved
FAIL0002493,TXN00054162,Insufficient Balance,1,Unresolved
FAIL0002494,TXN00054236,Payment Gateway Error,1,Resolved
FAIL0002495,TXN00054250,Bank Server Error,2,Resolved
FAIL0002496,TXN00054255,Payment Gateway Error,1,Unresolved
FAIL0002497,TXN00054300,Insufficient Balance,1,Unresolved
FAIL0002498,TXN00054304,Limit Exceeded,1,Unresolved
FAIL0002499,TXN00054323,Bank Server Error,1,Unresolved
FAIL0002500,TXN00054325,Insufficient Balance,2,Unresolved
FAIL0002501,TXN00054332,Payment Gateway Error,1,Resolved
FAIL0002502,TXN00054334,Insufficient Balance,2,Resolved
FAIL0002503,TXN00054338,Network Error,2,Resolved
FAIL0002504,TXN00054349,Payment Gateway Error,2,Resolved
FAIL0002505,TXN00054415,Limit Exceeded,2,Resolved
FAIL0002506,TXN00054449,Bank Server Error,3,Unresolved
FAIL0002507,TXN00054455,Limit Exceeded,1,Unresolved
FAIL0002508,TXN00054461,Limit Exceeded,2,Resolved
FAIL0002509,TXN00054490,Timeout,1,Resolved
FAIL0002510,TXN00054503,Payment Gateway Error,1,Resolved
FAIL0002511,TXN00054513,Bank Server Error,1,Resolved
FAIL0002512,TXN00054528,Network Error,1,Unresolved
FAIL0002513,TXN00054544,Payment Gateway Error,2,Unresolved
FAIL0002514,TXN00054578,Bank Server Error,2,Resolved
FAIL0002515,TXN00054651,Payment Gateway Error,2,Resolved
FAIL0002516,TXN00054688,Invalid PIN,1,Resolved
FAIL0002517,TXN00054755,Limit Exceeded,1,Resolved
FAIL0002518,TXN00054759,Bank Server Error,2,Unresolved
FAIL0002519,TXN00054770,Limit Exceeded,1,Resolved
FAIL0002520,TXN00054817,Payment Gateway Error,1,Resolved
FAIL0002521,TXN00054823,Bank Server Error,1,Resolved
FAIL0002522,TXN00054835,Insufficient Balance,3,Resolved
FAIL0002523,TXN00054862,Bank Server Error,1,Resolved
FAIL0002524,TXN00054923,Invalid PIN,2,Resolved
FAIL0002525,TXN00054961,Bank Server Error,1,Resolved
FAIL0002526,TXN00054987,Network Error,1,Resolved
FAIL0002527,TXN00054992,Invalid PIN,1,Resolved
FAIL0002528,TXN00055025,Payment Gateway Error,1,Resolved
FAIL0002529,TXN00055033,Insufficient Balance,3,Resolved
FAIL0002530,TXN00055043,Bank Server Error,1,Unresolved
FAIL0002531,TXN00055069,Limit Exceeded,1,Unresolved
FAIL0002532,TXN00055075,Network Error,1,Unresolved
FAIL0002533,TXN00055130,Payment Gateway Error,1,Unresolved
FAIL0002534,TXN00055180,Insufficient Balance,1,Unresolved
FAIL0002535,TXN00055226,Limit Exceeded,1,Unresolved
FAIL0002536,TXN00055269,Insufficient Balance,1,Resolved
FAIL0002537,TXN00055281,Bank Server Error,2,Resolved
FAIL0002538,TXN00055301,Insufficient Balance,1,Unresolved
FAIL0002539,TXN00055312,Bank Server Error,1,Unresolved
FAIL0002540,TXN00055351,Payment Gateway Error,1,Resolved
FAIL0002541,TXN00055385,Bank Server Error,2,Resolved
FAIL0002542,TXN00055466,Payment Gateway Error,2,Resolved
FAIL0002543,TXN00055467,Limit Exceeded,2,Unresolved
FAIL0002544,TXN00055507,Bank Server Error,1,Unresolved
FAIL0002545,TXN00055523,Network Error,1,Resolved
FAIL0002546,TXN00055540,Limit Exceeded,1,Resolved
FAIL0002547,TXN00055550,Limit Exceeded,1,Unresolved
FAIL0002548,TXN00055594,Payment Gateway Error,2,Resolved
FAIL0002549,TXN00055595,Bank Server Error,1,Resolved
FAIL0002550,TXN00055612,Insufficient Balance,1,Unresolved
FAIL0002551,TXN00055626,Network Error,1,Unresolved
FAIL0002552,TXN00055630,Network Error,1,Resolved
FAIL0002553,TXN00055634,Timeout,1,Unresolved
FAIL0002554,TXN00055667,Invalid PIN,1,Resolved
FAIL0002555,TXN00055691,Payment Gateway Error,1,Unresolved
FAIL0002556,TXN00055692,Limit Exceeded,1,Resolved
FAIL0002557,TXN00055693,Bank Server Error,2,Resolved
FAIL0002558,TXN00055728,Payment Gateway Error,1,Unresolved
FAIL0002559,TXN00055747,Bank Server Error,1,Unresolved
FAIL0002560,TXN00055765,Insufficient Balance,1,Unresolved
FAIL0002561,TXN00055767,Payment Gateway Error,2,Resolved
FAIL0002562,TXN00055779,Invalid PIN,3,Unresolved
FAIL0002563,TXN00055823,Payment Gateway Error,2,Resolved
FAIL0002564,TXN00055853,Invalid PIN,1,Resolved
FAIL0002565,TXN00055867,Bank Server Error,2,Resolved
FAIL0002566,TXN00055870,Bank Server Error,3,Resolved
FAIL0002567,TXN00055872,Timeout,1,Resolved
FAIL0002568,TXN00055875,Payment Gateway Error,1,Resolved
FAIL0002569,TXN00055893,Network Error,1,Unresolved
FAIL0002570,TXN00055912,Network Error,2,Resolved
FAIL0002571,TXN00055915,Limit Exceeded,1,Resolved
FAIL0002572,TXN00055929,Network Error,1,Unresolved
FAIL0002573,TXN00055956,Payment Gateway Error,1,Unresolved
FAIL0002574,TXN00055963,Limit Exceeded,1,Unresolved
FAIL0002575,TXN00055996,Payment Gateway Error,1,Resolved
FAIL0002576,TXN00056041,Payment Gateway Error,1,Resolved
FAIL0002577,TXN00056097,Insufficient Balance,1,Resolved
FAIL0002578,TXN00056101,Network Error,2,Resolved
FAIL0002579,TXN00056103,Invalid PIN,1,Resolved
FAIL0002580,TXN00056104,Limit Exceeded,1,Resolved
FAIL0002581,TXN00056117,Insufficient Balance,3,Resolved
FAIL0002582,TXN00056136,Insufficient Balance,1,Unresolved
FAIL0002583,TXN00056209,Network Error,2,Resolved
FAIL0002584,TXN00056211,Bank Server Error,1,Resolved
FAIL0002585,TXN00056230,Invalid PIN,1,Resolved
FAIL0002586,TXN00056256,Insufficient Balance,3,Resolved
FAIL0002587,TXN00056258,Insufficient Balance,1,Resolved
FAIL0002588,TXN00056268,Insufficient Balance,1,Resolved
FAIL0002589,TXN00056439,Payment Gateway Error,1,Resolved
FAIL0002590,TXN00056470,Payment Gateway Error,1,Resolved
FAIL0002591,TXN00056515,Limit Exceeded,1,Resolved
FAIL0002592,TXN00056539,Bank Server Error,1,Resolved
FAIL0002593,TXN00056558,Payment Gateway Error,1,Resolved
FAIL0002594,TXN00056595,Bank Server Error,2,Resolved
FAIL0002595,TXN00056598,Payment Gateway Error,1,Unresolved
FAIL0002596,TXN00056621,Invalid PIN,1,Resolved
FAIL0002597,TXN00056642,Insufficient Balance,1,Unresolved
FAIL0002598,TXN00056656,Timeout,2,Resolved
FAIL0002599,TXN00056668,Network Error,2,Resolved
FAIL0002600,TXN00056680,Invalid PIN,2,Unresolved
FAIL0002601,TXN00056758,Invalid PIN,1,Unresolved
FAIL0002602,TXN00056790,Insufficient Balance,1,Unresolved
FAIL0002603,TXN00056807,Bank Server Error,1,Resolved
FAIL0002604,TXN00056821,Payment Gateway Error,2,Resolved
FAIL0002605,TXN00056836,Network Error,1,Resolved
FAIL0002606,TXN00056922,Timeout,1,Resolved
FAIL0002607,TXN00056927,Bank Server Error,2,Resolved
FAIL0002608,TXN00057006,Insufficient Balance,1,Resolved
FAIL0002609,TXN00057008,Network Error,2,Resolved
FAIL0002610,TXN00057064,Limit Exceeded,1,Resolved
FAIL0002611,TXN00057068,Payment Gateway Error,1,Unresolved
FAIL0002612,TXN00057082,Limit Exceeded,1,Resolved
FAIL0002613,TXN00057096,Network Error,1,Resolved
FAIL0002614,TXN00057099,Insufficient Balance,1,Unresolved
FAIL0002615,TXN00057143,Payment Gateway Error,1,Resolved
FAIL0002616,TXN00057162,Limit Exceeded,1,Resolved
FAIL0002617,TXN00057183,Limit Exceeded,1,Unresolved
FAIL0002618,TXN00057208,Insufficient Balance,1,Unresolved
FAIL0002619,TXN00057249,Limit Exceeded,1,Resolved
FAIL0002620,TXN00057251,Payment Gateway Error,2,Resolved
FAIL0002621,TXN00057277,Limit Exceeded,2,Resolved
FAIL0002622,TXN00057291,Payment Gateway Error,2,Resolved
FAIL0002623,TXN00057292,Limit Exceeded,1,Resolved
FAIL0002624,TXN00057299,Payment Gateway Error,1,Unresolved
FAIL0002625,TXN00057312,Bank Server Error,1,Unresolved
FAIL0002626,TXN00057326,Bank Server Error,1,Unresolved
FAIL0002627,TXN00057328,Insufficient Balance,2,Unresolved
FAIL0002628,TXN00057352,Payment Gateway Error,2,Resolved
FAIL0002629,TXN00057357,Limit Exceeded,1,Unresolved
FAIL0002630,TXN00057358,Invalid PIN,1,Resolved
FAIL0002631,TXN00057409,Invalid PIN,1,Resolved
FAIL0002632,TXN00057429,Limit Exceeded,1,Resolved
FAIL0002633,TXN00057430,Bank Server Error,1,Resolved
FAIL0002634,TXN00057456,Timeout,1,Resolved
FAIL0002635,TXN00057476,Payment Gateway Error,1,Unresolved
FAIL0002636,TXN00057487,Limit Exceeded,1,Resolved
FAIL0002637,TXN00057491,Bank Server Error,1,Resolved
FAIL0002638,TXN00057506,Bank Server Error,2,Resolved
FAIL0002639,TXN00057532,Payment Gateway Error,1,Resolved
FAIL0002640,TXN00057573,Timeout,1,Unresolved
FAIL0002641,TXN00057601,Limit Exceeded,1,Resolved
FAIL0002642,TXN00057603,Timeout,3,Resolved
FAIL0002643,TXN00057623,Insufficient Balance,1,Unresolved
FAIL0002644,TXN00057629,Network Error,1,Resolved
FAIL0002645,TXN00057638,Network Error,1,Unresolved
FAIL0002646,TXN00057673,Bank Server Error,3,Resolved
FAIL0002647,TXN00057683,Insufficient Balance,2,Unresolved
FAIL0002648,TXN00057696,Payment Gateway Error,1,Unresolved
FAIL0002649,TXN00057729,Bank Server Error,1,Unresolved
FAIL0002650,TXN00057731,Network Error,1,Unresolved
FAIL0002651,TXN00057764,Insufficient Balance,1,Resolved
FAIL0002652,TXN00057825,Bank Server Error,1,Resolved
FAIL0002653,TXN00057854,Bank Server Error,3,Resolved
FAIL0002654,TXN00057916,Limit Exceeded,2,Resolved
FAIL0002655,TXN00057927,Bank Server Error,1,Unresolved
FAIL0002656,TXN00057933,Payment Gateway Error,1,Unresolved
FAIL0002657,TXN00057944,Insufficient Balance,1,Resolved
FAIL0002658,TXN00057955,Limit Exceeded,1,Resolved
FAIL0002659,TXN00057997,Payment Gateway Error,1,Resolved
FAIL0002660,TXN00058021,Bank Server Error,1,Resolved
FAIL0002661,TXN00058048,Insufficient Balance,2,Resolved
FAIL0002662,TXN00058052,Payment Gateway Error,1,Unresolved
FAIL0002663,TXN00058073,Network Error,1,Unresolved
FAIL0002664,TXN00058076,Bank Server Error,1,Unresolved
FAIL0002665,TXN00058094,Timeout,1,Unresolved
FAIL0002666,TXN00058116,Network Error,1,Resolved
FAIL0002667,TXN00058206,Payment Gateway Error,3,Resolved
FAIL0002668,TXN00058208,Bank Server Error,1,Resolved
FAIL0002669,TXN00058214,Payment Gateway Error,1,Unresolved
FAIL0002670,TXN00058263,Insufficient Balance,1,Unresolved
FAIL0002671,TXN00058279,Network Error,1,Unresolved
FAIL0002672,TXN00058305,Limit Exceeded,1,Unresolved
FAIL0002673,TXN00058318,Timeout,1,Resolved
FAIL0002674,TXN00058332,Bank Server Error,1,Unresolved
FAIL0002675,TXN00058339,Invalid PIN,1,Unresolved
FAIL0002676,TXN00058391,Limit Exceeded,3,Resolved
FAIL0002677,TXN00058393,Limit Exceeded,2,Resolved
FAIL0002678,TXN00058434,Payment Gateway Error,1,Resolved
FAIL0002679,TXN00058453,Insufficient Balance,1,Resolved
FAIL0002680,TXN00058525,Limit Exceeded,1,Resolved
FAIL0002681,TXN00058545,Invalid PIN,2,Unresolved
FAIL0002682,TXN00058554,Limit Exceeded,2,Resolved
FAIL0002683,TXN00058570,Bank Server Error,2,Resolved
FAIL0002684,TXN00058588,Bank Server Error,1,Resolved
FAIL0002685,TXN00058591,Insufficient Balance,1,Resolved
FAIL0002686,TXN00058643,Limit Exceeded,1,Resolved
FAIL0002687,TXN00058653,Limit Exceeded,1,Resolved
FAIL0002688,TXN00058667,Payment Gateway Error,1,Resolved
FAIL0002689,TXN00058678,Bank Server Error,3,Resolved
FAIL0002690,TXN00058685,Invalid PIN,1,Unresolved
FAIL0002691,TXN00058690,Bank Server Error,2,Resolved
FAIL0002692,TXN00058708,Network Error,1,Unresolved
FAIL0002693,TXN00058709,Limit Exceeded,1,Unresolved
FAIL0002694,TXN00058738,Insufficient Balance,1,Resolved
FAIL0002695,TXN00058740,Insufficient Balance,1,Unresolved
FAIL0002696,TXN00058759,Bank Server Error,1,Unresolved
FAIL0002697,TXN00058762,Network Error,1,Unresolved
FAIL0002698,TXN00058764,Invalid PIN,1,Unresolved
FAIL0002699,TXN00058766,Payment Gateway Error,1,Unresolved
FAIL0002700,TXN00058769,Payment Gateway Error,1,Resolved
FAIL0002701,TXN00058789,Bank Server Error,2,Resolved
FAIL0002702,TXN00058803,Insufficient Balance,2,Unresolved
FAIL0002703,TXN00058832,Insufficient Balance,1,Unresolved
FAIL0002704,TXN00058844,Limit Exceeded,2,Resolved
FAIL0002705,TXN00058845,Network Error,1,Unresolved
FAIL0002706,TXN00058854,Insufficient Balance,1,Unresolved
FAIL0002707,TXN00058879,Invalid PIN,1,Resolved
FAIL0002708,TXN00058904,Network Error,2,Resolved
FAIL0002709,TXN00058915,Payment Gateway Error,1,Unresolved
FAIL0002710,TXN00058916,Payment Gateway Error,1,Resolved
FAIL0002711,TXN00058936,Insufficient Balance,1,Unresolved
FAIL0002712,TXN00058952,Invalid PIN,1,Unresolved
FAIL0002713,TXN00059035,Insufficient Balance,1,Resolved
FAIL0002714,TXN00059099,Network Error,1,Unresolved
FAIL0002715,TXN00059125,Bank Server Error,1,Resolved
FAIL0002716,TXN00059139,Bank Server Error,1,Resolved
FAIL0002717,TXN00059144,Bank Server Error,1,Resolved
FAIL0002718,TXN00059206,Bank Server Error,1,Unresolved
FAIL0002719,TXN00059211,Bank Server Error,1,Unresolved
FAIL0002720,TXN00059225,Bank Server Error,1,Resolved
FAIL0002721,TXN00059276,Limit Exceeded,1,Unresolved
FAIL0002722,TXN00059278,Limit Exceeded,2,Unresolved
FAIL0002723,TXN00059279,Limit Exceeded,1,Resolved
FAIL0002724,TXN00059310,Payment Gateway Error,1,Resolved
FAIL0002725,TXN00059314,Payment Gateway Error,3,Resolved
FAIL0002726,TXN00059331,Bank Server Error,1,Resolved
FAIL0002727,TXN00059367,Bank Server Error,1,Resolved
FAIL0002728,TXN00059372,Payment Gateway Error,2,Resolved
FAIL0002729,TXN00059413,Payment Gateway Error,1,Unresolved
FAIL0002730,TXN00059418,Insufficient Balance,1,Unresolved
FAIL0002731,TXN00059427,Insufficient Balance,1,Unresolved
FAIL0002732,TXN00059474,Network Error,2,Resolved
FAIL0002733,TXN00059483,Network Error,1,Resolved
FAIL0002734,TXN00059492,Insufficient Balance,1,Resolved
FAIL0002735,TXN00059497,Network Error,1,Unresolved
FAIL0002736,TXN00059525,Payment Gateway Error,1,Unresolved
FAIL0002737,TXN00059531,Bank Server Error,1,Resolved
FAIL0002738,TXN00059543,Bank Server Error,1,Resolved
FAIL0002739,TXN00059552,Payment Gateway Error,3,Resolved
FAIL0002740,TXN00059583,Network Error,2,Resolved
FAIL0002741,TXN00059585,Bank Server Error,3,Resolved
FAIL0002742,TXN00059588,Network Error,1,Resolved
FAIL0002743,TXN00059601,Insufficient Balance,1,Unresolved
FAIL0002744,TXN00059621,Insufficient Balance,1,Unresolved
FAIL0002745,TXN00059632,Invalid PIN,2,Resolved
FAIL0002746,TXN00059634,Limit Exceeded,1,Unresolved
FAIL0002747,TXN00059643,Bank Server Error,1,Resolved
FAIL0002748,TXN00059666,Payment Gateway Error,1,Unresolved
FAIL0002749,TXN00059667,Timeout,2,Resolved
FAIL0002750,TXN00059671,Bank Server Error,3,Resolved
FAIL0002751,TXN00059680,Payment Gateway Error,1,Resolved
FAIL0002752,TXN00059683,Bank Server Error,1,Unresolved
FAIL0002753,TXN00059696,Network Error,1,Resolved
FAIL0002754,TXN00059722,Network Error,3,Resolved
FAIL0002755,TXN00059758,Invalid PIN,2,Resolved
FAIL0002756,TXN00059767,Network Error,2,Resolved
FAIL0002757,TXN00059775,Payment Gateway Error,2,Resolved
FAIL0002758,TXN00059780,Network Error,1,Unresolved
FAIL0002759,TXN00059795,Payment Gateway Error,1,Unresolved
FAIL0002760,TXN00059810,Network Error,1,Resolved
FAIL0002761,TXN00059848,Payment Gateway Error,2,Resolved
FAIL0002762,TXN00059859,Insufficient Balance,2,Unresolved
FAIL0002763,TXN00059876,Limit Exceeded,1,Unresolved
FAIL0002764,TXN00059910,Insufficient Balance,1,Unresolved
FAIL0002765,TXN00059936,Network Error,1,Resolved
FAIL0002766,TXN00059937,Limit Exceeded,2,Unresolved
FAIL0002767,TXN00059977,Payment Gateway Error,1,Resolved
FAIL0002768,TXN00060003,Payment Gateway Error,2,Unresolved
FAIL0002769,TXN00060021,Bank Server Error,2,Resolved
FAIL0002770,TXN00060049,Insufficient Balance,2,Unresolved
FAIL0002771,TXN00060065,Timeout,1,Resolved
FAIL0002772,TXN00060108,Invalid PIN,1,Resolved
FAIL0002773,TXN00060154,Network Error,1,Unresolved
FAIL0002774,TXN00060155,Insufficient Balance,1,Unresolved
FAIL0002775,TXN00060189,Bank Server Error,2,Unresolved
FAIL0002776,TXN00060196,Bank Server Error,1,Unresolved
FAIL0002777,TXN00060214,Limit Exceeded,1,Unresolved
FAIL0002778,TXN00060237,Bank Server Error,3,Unresolved
FAIL0002779,TXN00060250,Network Error,1,Resolved
FAIL0002780,TXN00060260,Network Error,2,Unresolved
FAIL0002781,TXN00060295,Invalid PIN,2,Resolved
FAIL0002782,TXN00060317,Network Error,1,Unresolved
FAIL0002783,TXN00060344,Payment Gateway Error,1,Unresolved
FAIL0002784,TXN00060360,Insufficient Balance,1,Unresolved
FAIL0002785,TXN00060368,Network Error,1,Resolved
FAIL0002786,TXN00060382,Payment Gateway Error,3,Resolved
FAIL0002787,TXN00060387,Insufficient Balance,2,Resolved
FAIL0002788,TXN00060434,Bank Server Error,1,Unresolved
FAIL0002789,TXN00060436,Invalid PIN,2,Resolved
FAIL0002790,TXN00060443,Timeout,2,Resolved
FAIL0002791,TXN00060492,Insufficient Balance,3,Resolved
FAIL0002792,TXN00060498,Bank Server Error,1,Unresolved
FAIL0002793,TXN00060520,Timeout,1,Unresolved
FAIL0002794,TXN00060526,Payment Gateway Error,1,Unresolved
FAIL0002795,TXN00060528,Insufficient Balance,1,Resolved
FAIL0002796,TXN00060537,Insufficient Balance,2,Resolved
FAIL0002797,TXN00060538,Invalid PIN,2,Resolved
FAIL0002798,TXN00060539,Insufficient Balance,2,Resolved
FAIL0002799,TXN00060541,Network Error,1,Resolved
FAIL0002800,TXN00060583,Bank Server Error,1,Unresolved
FAIL0002801,TXN00060597,Payment Gateway Error,1,Resolved
FAIL0002802,TXN00060606,Network Error,1,Resolved
FAIL0002803,TXN00060609,Invalid PIN,2,Resolved
FAIL0002804,TXN00060617,Insufficient Balance,2,Unresolved
FAIL0002805,TXN00060629,Limit Exceeded,1,Unresolved
FAIL0002806,TXN00060654,Insufficient Balance,1,Resolved
FAIL0002807,TXN00060658,Timeout,1,Resolved
FAIL0002808,TXN00060683,Insufficient Balance,1,Resolved
FAIL0002809,TXN00060716,Insufficient Balance,2,Resolved
FAIL0002810,TXN00060739,Network Error,1,Unresolved
FAIL0002811,TXN00060766,Timeout,1,Resolved
FAIL0002812,TXN00060774,Payment Gateway Error,2,Unresolved
FAIL0002813,TXN00060776,Network Error,1,Resolved
FAIL0002814,TXN00060846,Insufficient Balance,1,Unresolved
FAIL0002815,TXN00060849,Timeout,1,Resolved
FAIL0002816,TXN00060854,Payment Gateway Error,1,Unresolved
FAIL0002817,TXN00060898,Payment Gateway Error,1,Resolved
FAIL0002818,TXN00060906,Bank Server Error,1,Resolved
FAIL0002819,TXN00060923,Payment Gateway Error,2,Resolved
FAIL0002820,TXN00060929,Network Error,1,Unresolved
FAIL0002821,TXN00060960,Bank Server Error,2,Resolved
FAIL0002822,TXN00060965,Limit Exceeded,1,Unresolved
FAIL0002823,TXN00060971,Bank Server Error,2,Resolved
FAIL0002824,TXN00060975,Payment Gateway Error,1,Resolved
FAIL0002825,TXN00060983,Payment Gateway Error,2,Resolved
FAIL0002826,TXN00061041,Invalid PIN,1,Unresolved
FAIL0002827,TXN00061046,Limit Exceeded,2,Resolved
FAIL0002828,TXN00061072,Invalid PIN,1,Resolved
FAIL0002829,TXN00061132,Bank Server Error,1,Unresolved
FAIL0002830,TXN00061139,Limit Exceeded,2,Resolved
FAIL0002831,TXN00061143,Bank Server Error,1,Unresolved
FAIL0002832,TXN00061147,Limit Exceeded,1,Resolved
FAIL0002833,TXN00061161,Insufficient Balance,2,Unresolved
FAIL0002834,TXN00061193,Limit Exceeded,1,Unresolved
FAIL0002835,TXN00061226,Limit Exceeded,1,Unresolved
FAIL0002836,TXN00061227,Limit Exceeded,2,Resolved
FAIL0002837,TXN00061231,Bank Server Error,1,Resolved
FAIL0002838,TXN00061252,Invalid PIN,1,Unresolved
FAIL0002839,TXN00061262,Bank Server Error,1,Resolved
FAIL0002840,TXN00061268,Bank Server Error,1,Resolved
FAIL0002841,TXN00061317,Limit Exceeded,1,Resolved
FAIL0002842,TXN00061318,Bank Server Error,1,Unresolved
FAIL0002843,TXN00061319,Insufficient Balance,2,Resolved
FAIL0002844,TXN00061346,Insufficient Balance,1,Resolved
FAIL0002845,TXN00061349,Bank Server Error,1,Resolved
FAIL0002846,TXN00061364,Bank Server Error,2,Resolved
FAIL0002847,TXN00061383,Payment Gateway Error,1,Resolved
FAIL0002848,TXN00061390,Bank Server Error,1,Resolved
FAIL0002849,TXN00061440,Limit Exceeded,1,Unresolved
FAIL0002850,TXN00061488,Bank Server Error,1,Unresolved
FAIL0002851,TXN00061497,Limit Exceeded,1,Unresolved
FAIL0002852,TXN00061565,Network Error,1,Resolved
FAIL0002853,TXN00061573,Payment Gateway Error,1,Unresolved
FAIL0002854,TXN00061575,Payment Gateway Error,1,Unresolved
FAIL0002855,TXN00061615,Timeout,1,Resolved
FAIL0002856,TXN00061632,Bank Server Error,1,Resolved
FAIL0002857,TXN00061662,Payment Gateway Error,1,Unresolved
FAIL0002858,TXN00061663,Bank Server Error,1,Resolved
FAIL0002859,TXN00061677,Payment Gateway Error,2,Resolved
FAIL0002860,TXN00061683,Limit Exceeded,1,Resolved
FAIL0002861,TXN00061684,Payment Gateway Error,1,Unresolved
FAIL0002862,TXN00061734,Limit Exceeded,1,Unresolved
FAIL0002863,TXN00061770,Insufficient Balance,1,Resolved
FAIL0002864,TXN00061778,Invalid PIN,1,Resolved
FAIL0002865,TXN00061780,Limit Exceeded,3,Resolved
FAIL0002866,TXN00061788,Insufficient Balance,1,Resolved
FAIL0002867,TXN00061796,Insufficient Balance,2,Unresolved
FAIL0002868,TXN00061833,Payment Gateway Error,1,Unresolved
FAIL0002869,TXN00061870,Limit Exceeded,1,Resolved
FAIL0002870,TXN00061873,Network Error,1,Resolved
FAIL0002871,TXN00061876,Payment Gateway Error,1,Unresolved
FAIL0002872,TXN00061880,Insufficient Balance,1,Resolved
FAIL0002873,TXN00061887,Limit Exceeded,2,Resolved
FAIL0002874,TXN00061894,Network Error,1,Unresolved
FAIL0002875,TXN00061938,Network Error,3,Resolved
FAIL0002876,TXN00061955,Bank Server Error,2,Resolved
FAIL0002877,TXN00061993,Insufficient Balance,3,Resolved
FAIL0002878,TXN00062014,Payment Gateway Error,2,Resolved
FAIL0002879,TXN00062030,Insufficient Balance,1,Resolved
FAIL0002880,TXN00062034,Insufficient Balance,1,Unresolved
FAIL0002881,TXN00062036,Network Error,2,Unresolved
FAIL0002882,TXN00062053,Payment Gateway Error,2,Resolved
FAIL0002883,TXN00062072,Bank Server Error,1,Unresolved
FAIL0002884,TXN00062127,Bank Server Error,1,Resolved
FAIL0002885,TXN00062149,Bank Server Error,1,Unresolved
FAIL0002886,TXN00062166,Payment Gateway Error,1,Unresolved
FAIL0002887,TXN00062173,Invalid PIN,1,Unresolved
FAIL0002888,TXN00062193,Bank Server Error,2,Unresolved
FAIL0002889,TXN00062230,Network Error,2,Unresolved
FAIL0002890,TXN00062242,Network Error,2,Resolved
FAIL0002891,TXN00062271,Bank Server Error,1,Unresolved
FAIL0002892,TXN00062300,Insufficient Balance,2,Resolved
FAIL0002893,TXN00062306,Limit Exceeded,1,Unresolved
FAIL0002894,TXN00062330,Bank Server Error,1,Unresolved
FAIL0002895,TXN00062375,Limit Exceeded,1,Resolved
FAIL0002896,TXN00062392,Network Error,1,Resolved
FAIL0002897,TXN00062412,Bank Server Error,1,Resolved
FAIL0002898,TXN00062461,Network Error,1,Resolved
FAIL0002899,TXN00062478,Bank Server Error,2,Resolved
FAIL0002900,TXN00062499,Bank Server Error,1,Unresolved
FAIL0002901,TXN00062504,Insufficient Balance,1,Unresolved
FAIL0002902,TXN00062526,Bank Server Error,2,Unresolved
FAIL0002903,TXN00062549,Network Error,1,Resolved
FAIL0002904,TXN00062556,Insufficient Balance,1,Resolved
FAIL0002905,TXN00062580,Bank Server Error,1,Unresolved
FAIL0002906,TXN00062610,Bank Server Error,1,Resolved
FAIL0002907,TXN00062653,Limit Exceeded,1,Resolved
FAIL0002908,TXN00062654,Bank Server Error,1,Unresolved
FAIL0002909,TXN00062659,Network Error,2,Resolved
FAIL0002910,TXN00062709,Network Error,1,Resolved
FAIL0002911,TXN00062735,Payment Gateway Error,1,Unresolved
FAIL0002912,TXN00062748,Limit Exceeded,1,Resolved
FAIL0002913,TXN00062756,Invalid PIN,1,Resolved
FAIL0002914,TXN00062789,Network Error,1,Unresolved
FAIL0002915,TXN00062795,Limit Exceeded,1,Unresolved
FAIL0002916,TXN00062797,Invalid PIN,2,Resolved
FAIL0002917,TXN00062823,Insufficient Balance,1,Unresolved
FAIL0002918,TXN00062850,Timeout,2,Unresolved
FAIL0002919,TXN00062852,Insufficient Balance,2,Resolved
FAIL0002920,TXN00062860,Insufficient Balance,1,Resolved
FAIL0002921,TXN00062861,Insufficient Balance,1,Resolved
FAIL0002922,TXN00062883,Timeout,1,Resolved
FAIL0002923,TXN00062892,Insufficient Balance,1,Unresolved
FAIL0002924,TXN00062911,Payment Gateway Error,1,Resolved
FAIL0002925,TXN00062915,Bank Server Error,1,Resolved
FAIL0002926,TXN00062964,Payment Gateway Error,1,Resolved
FAIL0002927,TXN00062983,Limit Exceeded,2,Resolved
FAIL0002928,TXN00063036,Network Error,3,Resolved
FAIL0002929,TXN00063061,Timeout,2,Resolved
FAIL0002930,TXN00063102,Bank Server Error,1,Unresolved
FAIL0002931,TXN00063104,Network Error,3,Resolved
FAIL0002932,TXN00063115,Bank Server Error,1,Resolved
FAIL0002933,TXN00063116,Bank Server Error,1,Resolved
FAIL0002934,TXN00063151,Bank Server Error,3,Resolved
FAIL0002935,TXN00063185,Payment Gateway Error,1,Resolved
FAIL0002936,TXN00063231,Invalid PIN,1,Resolved
FAIL0002937,TXN00063242,Limit Exceeded,2,Resolved
FAIL0002938,TXN00063244,Bank Server Error,2,Unresolved
FAIL0002939,TXN00063247,Bank Server Error,1,Unresolved
FAIL0002940,TXN00063284,Payment Gateway Error,1,Unresolved
FAIL0002941,TXN00063316,Network Error,3,Resolved
FAIL0002942,TXN00063330,Bank Server Error,1,Resolved
FAIL0002943,TXN00063338,Limit Exceeded,1,Resolved
FAIL0002944,TXN00063364,Bank Server Error,3,Resolved
FAIL0002945,TXN00063378,Bank Server Error,1,Resolved
FAIL0002946,TXN00063412,Limit Exceeded,1,Resolved
FAIL0002947,TXN00063420,Insufficient Balance,1,Resolved
FAIL0002948,TXN00063425,Bank Server Error,1,Resolved
FAIL0002949,TXN00063434,Invalid PIN,1,Unresolved
FAIL0002950,TXN00063438,Bank Server Error,1,Resolved
FAIL0002951,TXN00063487,Timeout,2,Unresolved
FAIL0002952,TXN00063495,Invalid PIN,1,Resolved
FAIL0002953,TXN00063515,Bank Server Error,1,Resolved
FAIL0002954,TXN00063526,Bank Server Error,2,Resolved
FAIL0002955,TXN00063559,Bank Server Error,1,Resolved
FAIL0002956,TXN00063578,Invalid PIN,2,Resolved
FAIL0002957,TXN00063592,Insufficient Balance,2,Resolved
FAIL0002958,TXN00063617,Timeout,1,Unresolved
FAIL0002959,TXN00063638,Invalid PIN,1,Unresolved
FAIL0002960,TXN00063645,Bank Server Error,2,Resolved
FAIL0002961,TXN00063671,Network Error,1,Unresolved
FAIL0002962,TXN00063692,Bank Server Error,1,Unresolved
FAIL0002963,TXN00063698,Network Error,1,Unresolved
FAIL0002964,TXN00063699,Insufficient Balance,1,Resolved
FAIL0002965,TXN00063707,Payment Gateway Error,1,Unresolved
FAIL0002966,TXN00063722,Invalid PIN,1,Resolved
FAIL0002967,TXN00063759,Timeout,1,Resolved
FAIL0002968,TXN00063778,Network Error,1,Resolved
FAIL0002969,TXN00063810,Limit Exceeded,1,Resolved
FAIL0002970,TXN00063816,Bank Server Error,1,Resolved
FAIL0002971,TXN00063844,Payment Gateway Error,3,Resolved
FAIL0002972,TXN00063859,Limit Exceeded,2,Resolved
FAIL0002973,TXN00063916,Payment Gateway Error,1,Resolved
FAIL0002974,TXN00063919,Insufficient Balance,1,Resolved
FAIL0002975,TXN00063933,Timeout,3,Resolved
FAIL0002976,TXN00063938,Bank Server Error,1,Resolved
FAIL0002977,TXN00063943,Payment Gateway Error,1,Resolved
FAIL0002978,TXN00063964,Limit Exceeded,1,Resolved
FAIL0002979,TXN00064026,Bank Server Error,1,Unresolved
FAIL0002980,TXN00064030,Bank Server Error,1,Resolved
FAIL0002981,TXN00064063,Network Error,2,Resolved
FAIL0002982,TXN00064066,Timeout,1,Resolved
FAIL0002983,TXN00064077,Timeout,1,Resolved
FAIL0002984,TXN00064091,Insufficient Balance,1,Unresolved
FAIL0002985,TXN00064103,Bank Server Error,1,Resolved
FAIL0002986,TXN00064117,Limit Exceeded,1,Unresolved
FAIL0002987,TXN00064161,Bank Server Error,1,Unresolved
FAIL0002988,TXN00064179,Insufficient Balance,2,Resolved
FAIL0002989,TXN00064193,Bank Server Error,1,Resolved
FAIL0002990,TXN00064201,Timeout,2,Resolved
FAIL0002991,TXN00064306,Limit Exceeded,1,Unresolved
FAIL0002992,TXN00064310,Payment Gateway Error,2,Resolved
FAIL0002993,TXN00064363,Network Error,1,Unresolved
FAIL0002994,TXN00064411,Network Error,1,Resolved
FAIL0002995,TXN00064433,Insufficient Balance,1,Unresolved
FAIL0002996,TXN00064442,Limit Exceeded,2,Resolved
FAIL0002997,TXN00064449,Limit Exceeded,1,Unresolved
FAIL0002998,TXN00064472,Payment Gateway Error,1,Unresolved
FAIL0002999,TXN00064473,Network Error,1,Resolved
FAIL0003000,TXN00064485,Bank Server Error,2,Resolved
FAIL0003001,TXN00064490,Insufficient Balance,1,Unresolved
FAIL0003002,TXN00064514,Bank Server Error,1,Resolved
FAIL0003003,TXN00064540,Payment Gateway Error,1,Resolved
FAIL0003004,TXN00064556,Insufficient Balance,2,Resolved
FAIL0003005,TXN00064566,Timeout,1,Resolved
FAIL0003006,TXN00064598,Bank Server Error,1,Resolved
FAIL0003007,TXN00064606,Timeout,3,Resolved
FAIL0003008,TXN00064638,Limit Exceeded,1,Resolved
FAIL0003009,TXN00064655,Insufficient Balance,1,Resolved
FAIL0003010,TXN00064672,Limit Exceeded,1,Resolved
FAIL0003011,TXN00064677,Timeout,1,Resolved
FAIL0003012,TXN00064694,Bank Server Error,1,Unresolved
FAIL0003013,TXN00064780,Insufficient Balance,1,Resolved
FAIL0003014,TXN00064791,Limit Exceeded,1,Unresolved
FAIL0003015,TXN00064795,Payment Gateway Error,1,Resolved
FAIL0003016,TXN00064802,Network Error,1,Unresolved
FAIL0003017,TXN00064803,Insufficient Balance,1,Unresolved
FAIL0003018,TXN00064808,Payment Gateway Error,1,Resolved
FAIL0003019,TXN00064812,Insufficient Balance,1,Resolved
FAIL0003020,TXN00064828,Bank Server Error,1,Resolved
FAIL0003021,TXN00064850,Bank Server Error,2,Resolved
FAIL0003022,TXN00064890,Limit Exceeded,1,Resolved
FAIL0003023,TXN00064903,Bank Server Error,3,Unresolved
FAIL0003024,TXN00064908,Network Error,1,Resolved
FAIL0003025,TXN00064911,Timeout,2,Resolved
FAIL0003026,TXN00064961,Bank Server Error,2,Resolved
FAIL0003027,TXN00064974,Insufficient Balance,1,Unresolved
FAIL0003028,TXN00065006,Network Error,1,Resolved
FAIL0003029,TXN00065009,Invalid PIN,1,Unresolved
FAIL0003030,TXN00065045,Limit Exceeded,1,Resolved
FAIL0003031,TXN00065068,Limit Exceeded,1,Unresolved
FAIL0003032,TXN00065073,Payment Gateway Error,1,Resolved
FAIL0003033,TXN00065086,Invalid PIN,1,Resolved
FAIL0003034,TXN00065088,Payment Gateway Error,1,Unresolved
FAIL0003035,TXN00065123,Invalid PIN,2,Resolved
FAIL0003036,TXN00065142,Bank Server Error,1,Resolved
FAIL0003037,TXN00065174,Payment Gateway Error,1,Unresolved
FAIL0003038,TXN00065182,Insufficient Balance,1,Unresolved
FAIL0003039,TXN00065196,Limit Exceeded,1,Resolved
FAIL0003040,TXN00065216,Limit Exceeded,2,Resolved
FAIL0003041,TXN00065251,Bank Server Error,1,Unresolved
FAIL0003042,TXN00065257,Insufficient Balance,2,Unresolved
FAIL0003043,TXN00065269,Bank Server Error,1,Unresolved
FAIL0003044,TXN00065297,Limit Exceeded,1,Unresolved
FAIL0003045,TXN00065311,Insufficient Balance,1,Unresolved
FAIL0003046,TXN00065356,Limit Exceeded,2,Resolved
FAIL0003047,TXN00065371,Network Error,1,Unresolved
FAIL0003048,TXN00065399,Payment Gateway Error,1,Resolved
FAIL0003049,TXN00065414,Limit Exceeded,1,Unresolved
FAIL0003050,TXN00065419,Bank Server Error,1,Unresolved
FAIL0003051,TXN00065432,Bank Server Error,1,Unresolved
FAIL0003052,TXN00065468,Payment Gateway Error,1,Unresolved
FAIL0003053,TXN00065538,Payment Gateway Error,2,Resolved
FAIL0003054,TXN00065546,Payment Gateway Error,1,Unresolved
FAIL0003055,TXN00065549,Bank Server Error,1,Resolved
FAIL0003056,TXN00065554,Bank Server Error,2,Resolved
FAIL0003057,TXN00065564,Bank Server Error,1,Unresolved
FAIL0003058,TXN00065568,Timeout,1,Resolved
FAIL0003059,TXN00065621,Timeout,1,Unresolved
FAIL0003060,TXN00065634,Bank Server Error,1,Resolved
FAIL0003061,TXN00065668,Insufficient Balance,1,Resolved
FAIL0003062,TXN00065686,Payment Gateway Error,2,Resolved
FAIL0003063,TXN00065718,Insufficient Balance,2,Resolved
FAIL0003064,TXN00065729,Bank Server Error,1,Unresolved
FAIL0003065,TXN00065767,Network Error,1,Unresolved
FAIL0003066,TXN00065770,Payment Gateway Error,1,Unresolved
FAIL0003067,TXN00065773,Insufficient Balance,1,Resolved
FAIL0003068,TXN00065776,Bank Server Error,2,Unresolved
FAIL0003069,TXN00065817,Timeout,2,Resolved
FAIL0003070,TXN00065818,Bank Server Error,1,Resolved
FAIL0003071,TXN00065864,Bank Server Error,2,Resolved
FAIL0003072,TXN00065879,Network Error,1,Unresolved
FAIL0003073,TXN00065880,Limit Exceeded,2,Unresolved
FAIL0003074,TXN00065886,Network Error,1,Unresolved
FAIL0003075,TXN00065912,Invalid PIN,3,Resolved
FAIL0003076,TXN00065934,Network Error,1,Unresolved
FAIL0003077,TXN00065948,Bank Server Error,2,Resolved
FAIL0003078,TXN00065962,Insufficient Balance,2,Resolved
FAIL0003079,TXN00065984,Bank Server Error,1,Resolved
FAIL0003080,TXN00066028,Timeout,1,Resolved
FAIL0003081,TXN00066036,Bank Server Error,2,Resolved
FAIL0003082,TXN00066053,Network Error,1,Resolved
FAIL0003083,TXN00066062,Timeout,2,Resolved
FAIL0003084,TXN00066076,Bank Server Error,2,Resolved
FAIL0003085,TXN00066080,Network Error,1,Unresolved
FAIL0003086,TXN00066107,Timeout,1,Unresolved
FAIL0003087,TXN00066161,Network Error,1,Resolved
FAIL0003088,TXN00066189,Limit Exceeded,3,Resolved
FAIL0003089,TXN00066200,Bank Server Error,1,Unresolved
FAIL0003090,TXN00066205,Payment Gateway Error,1,Resolved
FAIL0003091,TXN00066224,Payment Gateway Error,2,Resolved
FAIL0003092,TXN00066246,Bank Server Error,2,Resolved
FAIL0003093,TXN00066250,Payment Gateway Error,2,Resolved
FAIL0003094,TXN00066262,Insufficient Balance,2,Unresolved
FAIL0003095,TXN00066263,Payment Gateway Error,3,Resolved
FAIL0003096,TXN00066295,Invalid PIN,1,Unresolved
FAIL0003097,TXN00066297,Insufficient Balance,3,Resolved
FAIL0003098,TXN00066342,Limit Exceeded,1,Resolved
FAIL0003099,TXN00066347,Payment Gateway Error,2,Resolved
FAIL0003100,TXN00066395,Bank Server Error,1,Unresolved
FAIL0003101,TXN00066409,Bank Server Error,2,Resolved
FAIL0003102,TXN00066424,Payment Gateway Error,1,Resolved
FAIL0003103,TXN00066463,Network Error,1,Resolved
FAIL0003104,TXN00066561,Payment Gateway Error,2,Resolved
FAIL0003105,TXN00066604,Limit Exceeded,3,Resolved
FAIL0003106,TXN00066606,Limit Exceeded,2,Resolved
FAIL0003107,TXN00066657,Invalid PIN,2,Resolved
FAIL0003108,TXN00066665,Insufficient Balance,1,Unresolved
FAIL0003109,TXN00066694,Insufficient Balance,1,Resolved
FAIL0003110,TXN00066738,Limit Exceeded,2,Resolved
FAIL0003111,TXN00066747,Network Error,1,Resolved
FAIL0003112,TXN00066765,Limit Exceeded,2,Resolved
FAIL0003113,TXN00066817,Bank Server Error,1,Resolved
FAIL0003114,TXN00066818,Timeout,1,Unresolved
FAIL0003115,TXN00066822,Network Error,1,Unresolved
FAIL0003116,TXN00066844,Payment Gateway Error,3,Resolved
FAIL0003117,TXN00066877,Payment Gateway Error,2,Resolved
FAIL0003118,TXN00066889,Network Error,1,Resolved
FAIL0003119,TXN00066934,Network Error,2,Resolved
FAIL0003120,TXN00066948,Limit Exceeded,2,Unresolved
FAIL0003121,TXN00066967,Payment Gateway Error,1,Resolved
FAIL0003122,TXN00066996,Payment Gateway Error,1,Resolved
FAIL0003123,TXN00067021,Limit Exceeded,1,Unresolved
FAIL0003124,TXN00067037,Payment Gateway Error,1,Unresolved
FAIL0003125,TXN00067094,Limit Exceeded,1,Resolved
FAIL0003126,TXN00067109,Insufficient Balance,1,Unresolved
FAIL0003127,TXN00067121,Network Error,1,Resolved
FAIL0003128,TXN00067137,Limit Exceeded,1,Unresolved
FAIL0003129,TXN00067157,Invalid PIN,2,Resolved
FAIL0003130,TXN00067218,Limit Exceeded,2,Resolved
FAIL0003131,TXN00067227,Limit Exceeded,1,Resolved
FAIL0003132,TXN00067244,Invalid PIN,1,Unresolved
FAIL0003133,TXN00067257,Timeout,2,Resolved
FAIL0003134,TXN00067301,Network Error,1,Unresolved
FAIL0003135,TXN00067307,Network Error,1,Resolved
FAIL0003136,TXN00067334,Network Error,3,Resolved
FAIL0003137,TXN00067340,Insufficient Balance,1,Unresolved
FAIL0003138,TXN00067381,Limit Exceeded,1,Unresolved
FAIL0003139,TXN00067389,Network Error,1,Unresolved
FAIL0003140,TXN00067394,Bank Server Error,1,Resolved
FAIL0003141,TXN00067407,Insufficient Balance,2,Resolved
FAIL0003142,TXN00067409,Network Error,1,Resolved
FAIL0003143,TXN00067431,Payment Gateway Error,2,Resolved
FAIL0003144,TXN00067444,Bank Server Error,1,Unresolved
FAIL0003145,TXN00067489,Limit Exceeded,1,Resolved
FAIL0003146,TXN00067563,Timeout,2,Unresolved
FAIL0003147,TXN00067589,Bank Server Error,3,Resolved
FAIL0003148,TXN00067592,Bank Server Error,1,Unresolved
FAIL0003149,TXN00067603,Bank Server Error,1,Resolved
FAIL0003150,TXN00067638,Bank Server Error,2,Resolved
FAIL0003151,TXN00067650,Invalid PIN,1,Resolved
FAIL0003152,TXN00067656,Payment Gateway Error,2,Resolved
FAIL0003153,TXN00067674,Limit Exceeded,1,Unresolved
FAIL0003154,TXN00067714,Limit Exceeded,2,Unresolved
FAIL0003155,TXN00067777,Invalid PIN,1,Resolved
FAIL0003156,TXN00067788,Network Error,1,Unresolved
FAIL0003157,TXN00067792,Payment Gateway Error,1,Unresolved
FAIL0003158,TXN00067812,Payment Gateway Error,1,Resolved
FAIL0003159,TXN00067818,Limit Exceeded,1,Resolved
FAIL0003160,TXN00067880,Timeout,1,Unresolved
FAIL0003161,TXN00067896,Payment Gateway Error,2,Unresolved
FAIL0003162,TXN00067909,Network Error,1,Unresolved
FAIL0003163,TXN00067927,Payment Gateway Error,1,Unresolved
FAIL0003164,TXN00067943,Payment Gateway Error,1,Resolved
FAIL0003165,TXN00067946,Limit Exceeded,1,Unresolved
FAIL0003166,TXN00067993,Timeout,2,Resolved
FAIL0003167,TXN00068005,Limit Exceeded,1,Resolved
FAIL0003168,TXN00068017,Payment Gateway Error,1,Resolved
FAIL0003169,TXN00068019,Insufficient Balance,1,Unresolved
FAIL0003170,TXN00068067,Limit Exceeded,1,Unresolved
FAIL0003171,TXN00068086,Limit Exceeded,1,Resolved
FAIL0003172,TXN00068106,Insufficient Balance,2,Resolved
FAIL0003173,TXN00068118,Payment Gateway Error,2,Resolved
FAIL0003174,TXN00068137,Payment Gateway Error,1,Unresolved
FAIL0003175,TXN00068138,Limit Exceeded,1,Unresolved
FAIL0003176,TXN00068139,Payment Gateway Error,1,Unresolved
FAIL0003177,TXN00068161,Invalid PIN,1,Unresolved
FAIL0003178,TXN00068170,Payment Gateway Error,1,Resolved
FAIL0003179,TXN00068237,Network Error,2,Unresolved
FAIL0003180,TXN00068247,Insufficient Balance,2,Unresolved
FAIL0003181,TXN00068252,Bank Server Error,1,Unresolved
FAIL0003182,TXN00068289,Limit Exceeded,2,Resolved
FAIL0003183,TXN00068312,Invalid PIN,1,Unresolved
FAIL0003184,TXN00068344,Timeout,1,Unresolved
FAIL0003185,TXN00068367,Network Error,2,Resolved
FAIL0003186,TXN00068403,Bank Server Error,1,Unresolved
FAIL0003187,TXN00068412,Bank Server Error,1,Resolved
FAIL0003188,TXN00068421,Timeout,1,Resolved
FAIL0003189,TXN00068427,Network Error,1,Resolved
FAIL0003190,TXN00068485,Bank Server Error,2,Resolved
FAIL0003191,TXN00068507,Limit Exceeded,1,Resolved
FAIL0003192,TXN00068526,Invalid PIN,1,Resolved
FAIL0003193,TXN00068528,Payment Gateway Error,1,Resolved
FAIL0003194,TXN00068577,Bank Server Error,2,Resolved
FAIL0003195,TXN00068580,Invalid PIN,1,Unresolved
FAIL0003196,TXN00068584,Network Error,2,Resolved
FAIL0003197,TXN00068591,Limit Exceeded,1,Unresolved
FAIL0003198,TXN00068597,Limit Exceeded,1,Unresolved
FAIL0003199,TXN00068613,Insufficient Balance,1,Resolved
FAIL0003200,TXN00068633,Bank Server Error,1,Unresolved
FAIL0003201,TXN00068661,Payment Gateway Error,2,Unresolved
FAIL0003202,TXN00068785,Insufficient Balance,2,Resolved
FAIL0003203,TXN00068786,Network Error,1,Resolved
FAIL0003204,TXN00068804,Payment Gateway Error,1,Unresolved
FAIL0003205,TXN00068842,Limit Exceeded,1,Resolved
FAIL0003206,TXN00068879,Insufficient Balance,1,Resolved
FAIL0003207,TXN00068901,Timeout,3,Resolved
FAIL0003208,TXN00068907,Payment Gateway Error,2,Resolved
FAIL0003209,TXN00068951,Insufficient Balance,1,Resolved
FAIL0003210,TXN00068965,Payment Gateway Error,1,Resolved
FAIL0003211,TXN00068970,Bank Server Error,2,Resolved
FAIL0003212,TXN00068974,Invalid PIN,1,Resolved
FAIL0003213,TXN00068981,Timeout,1,Resolved
FAIL0003214,TXN00068985,Limit Exceeded,1,Resolved
FAIL0003215,TXN00069010,Invalid PIN,1,Unresolved
FAIL0003216,TXN00069022,Payment Gateway Error,2,Resolved
FAIL0003217,TXN00069024,Bank Server Error,1,Unresolved
FAIL0003218,TXN00069048,Bank Server Error,1,Unresolved
FAIL0003219,TXN00069060,Bank Server Error,1,Resolved
FAIL0003220,TXN00069071,Limit Exceeded,2,Resolved
FAIL0003221,TXN00069073,Network Error,1,Resolved
FAIL0003222,TXN00069084,Payment Gateway Error,2,Unresolved
FAIL0003223,TXN00069103,Limit Exceeded,2,Resolved
FAIL0003224,TXN00069123,Network Error,1,Unresolved
FAIL0003225,TXN00069143,Insufficient Balance,1,Unresolved
FAIL0003226,TXN00069166,Insufficient Balance,1,Resolved
FAIL0003227,TXN00069171,Insufficient Balance,1,Unresolved
FAIL0003228,TXN00069218,Bank Server Error,1,Resolved
FAIL0003229,TXN00069232,Payment Gateway Error,2,Resolved
FAIL0003230,TXN00069234,Insufficient Balance,1,Unresolved
FAIL0003231,TXN00069323,Bank Server Error,1,Resolved
FAIL0003232,TXN00069338,Network Error,1,Resolved
FAIL0003233,TXN00069341,Bank Server Error,1,Resolved
FAIL0003234,TXN00069362,Timeout,1,Unresolved
FAIL0003235,TXN00069363,Limit Exceeded,2,Resolved
FAIL0003236,TXN00069367,Insufficient Balance,1,Unresolved
FAIL0003237,TXN00069373,Limit Exceeded,2,Resolved
FAIL0003238,TXN00069388,Insufficient Balance,1,Resolved
FAIL0003239,TXN00069455,Bank Server Error,1,Unresolved
FAIL0003240,TXN00069501,Insufficient Balance,1,Unresolved
FAIL0003241,TXN00069514,Bank Server Error,1,Unresolved
FAIL0003242,TXN00069547,Bank Server Error,1,Resolved
FAIL0003243,TXN00069552,Bank Server Error,2,Resolved
FAIL0003244,TXN00069578,Bank Server Error,2,Resolved
FAIL0003245,TXN00069589,Payment Gateway Error,1,Resolved
FAIL0003246,TXN00069613,Payment Gateway Error,1,Resolved
FAIL0003247,TXN00069629,Invalid PIN,1,Resolved
FAIL0003248,TXN00069753,Invalid PIN,1,Unresolved
FAIL0003249,TXN00069775,Insufficient Balance,1,Resolved
FAIL0003250,TXN00069811,Payment Gateway Error,1,Unresolved
FAIL0003251,TXN00069816,Invalid PIN,2,Resolved
FAIL0003252,TXN00069857,Network Error,1,Resolved
FAIL0003253,TXN00069885,Limit Exceeded,2,Resolved
FAIL0003254,TXN00069889,Limit Exceeded,1,Unresolved
FAIL0003255,TXN00069940,Limit Exceeded,1,Unresolved
FAIL0003256,TXN00069947,Payment Gateway Error,1,Resolved
FAIL0003257,TXN00069956,Network Error,1,Resolved
FAIL0003258,TXN00069967,Bank Server Error,1,Unresolved
FAIL0003259,TXN00069977,Bank Server Error,3,Resolved
FAIL0003260,TXN00069989,Payment Gateway Error,1,Resolved
FAIL0003261,TXN00070016,Insufficient Balance,2,Unresolved
FAIL0003262,TXN00070040,Network Error,1,Resolved
FAIL0003263,TXN00070063,Payment Gateway Error,1,Resolved
FAIL0003264,TXN00070073,Timeout,1,Unresolved
FAIL0003265,TXN00070076,Payment Gateway Error,2,Resolved
FAIL0003266,TXN00070101,Invalid PIN,1,Resolved
FAIL0003267,TXN00070118,Limit Exceeded,2,Unresolved
FAIL0003268,TXN00070135,Insufficient Balance,1,Unresolved
FAIL0003269,TXN00070138,Timeout,1,Unresolved
FAIL0003270,TXN00070165,Bank Server Error,1,Unresolved
FAIL0003271,TXN00070167,Insufficient Balance,3,Resolved
FAIL0003272,TXN00070168,Network Error,1,Unresolved
FAIL0003273,TXN00070241,Payment Gateway Error,1,Resolved
FAIL0003274,TXN00070252,Insufficient Balance,1,Resolved
FAIL0003275,TXN00070254,Insufficient Balance,1,Unresolved
FAIL0003276,TXN00070257,Network Error,1,Unresolved
FAIL0003277,TXN00070326,Network Error,1,Resolved
FAIL0003278,TXN00070346,Bank Server Error,1,Unresolved
FAIL0003279,TXN00070369,Bank Server Error,3,Resolved
FAIL0003280,TXN00070386,Payment Gateway Error,1,Unresolved
FAIL0003281,TXN00070396,Insufficient Balance,2,Resolved
FAIL0003282,TXN00070424,Invalid PIN,1,Unresolved
FAIL0003283,TXN00070450,Bank Server Error,3,Unresolved
FAIL0003284,TXN00070474,Insufficient Balance,1,Unresolved
FAIL0003285,TXN00070479,Bank Server Error,2,Resolved
FAIL0003286,TXN00070485,Payment Gateway Error,3,Resolved
FAIL0003287,TXN00070512,Network Error,1,Unresolved
FAIL0003288,TXN00070551,Limit Exceeded,1,Resolved
FAIL0003289,TXN00070560,Network Error,1,Unresolved
FAIL0003290,TXN00070561,Insufficient Balance,1,Resolved
FAIL0003291,TXN00070566,Bank Server Error,3,Resolved
FAIL0003292,TXN00070584,Insufficient Balance,2,Unresolved
FAIL0003293,TXN00070627,Bank Server Error,1,Resolved
FAIL0003294,TXN00070629,Bank Server Error,1,Unresolved
FAIL0003295,TXN00070633,Bank Server Error,1,Unresolved
FAIL0003296,TXN00070654,Bank Server Error,1,Resolved
FAIL0003297,TXN00070677,Limit Exceeded,1,Unresolved
FAIL0003298,TXN00070714,Insufficient Balance,1,Unresolved
FAIL0003299,TXN00070716,Insufficient Balance,1,Unresolved
FAIL0003300,TXN00070743,Timeout,3,Resolved
FAIL0003301,TXN00070745,Payment Gateway Error,1,Unresolved
FAIL0003302,TXN00070764,Payment Gateway Error,1,Unresolved
FAIL0003303,TXN00070793,Insufficient Balance,1,Resolved
FAIL0003304,TXN00070801,Timeout,1,Resolved
FAIL0003305,TXN00070813,Payment Gateway Error,1,Unresolved
FAIL0003306,TXN00070816,Bank Server Error,1,Unresolved
FAIL0003307,TXN00070903,Insufficient Balance,1,Unresolved
FAIL0003308,TXN00070958,Payment Gateway Error,2,Resolved
FAIL0003309,TXN00070976,Invalid PIN,1,Unresolved
FAIL0003310,TXN00071052,Insufficient Balance,1,Resolved
FAIL0003311,TXN00071147,Network Error,1,Resolved
FAIL0003312,TXN00071198,Bank Server Error,1,Unresolved
FAIL0003313,TXN00071208,Insufficient Balance,1,Unresolved
FAIL0003314,TXN00071242,Network Error,1,Unresolved
FAIL0003315,TXN00071252,Limit Exceeded,1,Resolved
FAIL0003316,TXN00071264,Network Error,1,Resolved
FAIL0003317,TXN00071284,Timeout,1,Resolved
FAIL0003318,TXN00071289,Limit Exceeded,3,Resolved
FAIL0003319,TXN00071291,Limit Exceeded,1,Unresolved
FAIL0003320,TXN00071297,Bank Server Error,1,Resolved
FAIL0003321,TXN00071330,Bank Server Error,2,Unresolved
FAIL0003322,TXN00071331,Bank Server Error,1,Unresolved
FAIL0003323,TXN00071344,Insufficient Balance,1,Unresolved
FAIL0003324,TXN00071350,Limit Exceeded,1,Resolved
FAIL0003325,TXN00071351,Insufficient Balance,1,Resolved
FAIL0003326,TXN00071352,Insufficient Balance,1,Resolved
FAIL0003327,TXN00071387,Bank Server Error,1,Resolved
FAIL0003328,TXN00071388,Limit Exceeded,2,Resolved
FAIL0003329,TXN00071399,Insufficient Balance,2,Unresolved
FAIL0003330,TXN00071401,Network Error,1,Unresolved
FAIL0003331,TXN00071418,Network Error,2,Resolved
FAIL0003332,TXN00071426,Payment Gateway Error,1,Resolved
FAIL0003333,TXN00071430,Network Error,1,Unresolved
FAIL0003334,TXN00071431,Payment Gateway Error,1,Resolved
FAIL0003335,TXN00071450,Payment Gateway Error,1,Resolved
FAIL0003336,TXN00071467,Timeout,2,Resolved
FAIL0003337,TXN00071518,Bank Server Error,1,Unresolved
FAIL0003338,TXN00071532,Invalid PIN,1,Resolved
FAIL0003339,TXN00071533,Bank Server Error,1,Unresolved
FAIL0003340,TXN00071557,Bank Server Error,1,Resolved
FAIL0003341,TXN00071582,Network Error,1,Resolved
FAIL0003342,TXN00071604,Insufficient Balance,1,Unresolved
FAIL0003343,TXN00071608,Limit Exceeded,1,Unresolved
FAIL0003344,TXN00071611,Bank Server Error,2,Unresolved
FAIL0003345,TXN00071613,Invalid PIN,2,Resolved
FAIL0003346,TXN00071614,Network Error,1,Unresolved
FAIL0003347,TXN00071634,Bank Server Error,1,Resolved
FAIL0003348,TXN00071636,Timeout,2,Unresolved
FAIL0003349,TXN00071638,Insufficient Balance,1,Unresolved
FAIL0003350,TXN00071706,Network Error,1,Unresolved
FAIL0003351,TXN00071738,Limit Exceeded,1,Resolved
FAIL0003352,TXN00071755,Insufficient Balance,1,Unresolved
FAIL0003353,TXN00071786,Insufficient Balance,1,Resolved
FAIL0003354,TXN00071854,Insufficient Balance,1,Unresolved
FAIL0003355,TXN00071855,Timeout,3,Resolved
FAIL0003356,TXN00071863,Bank Server Error,2,Resolved
FAIL0003357,TXN00071866,Bank Server Error,1,Resolved
FAIL0003358,TXN00071868,Insufficient Balance,1,Unresolved
FAIL0003359,TXN00071872,Network Error,1,Resolved
FAIL0003360,TXN00071930,Limit Exceeded,3,Unresolved
FAIL0003361,TXN00071935,Network Error,1,Resolved
FAIL0003362,TXN00071944,Insufficient Balance,2,Resolved
FAIL0003363,TXN00071969,Bank Server Error,2,Resolved
FAIL0003364,TXN00071981,Insufficient Balance,2,Resolved
FAIL0003365,TXN00071988,Limit Exceeded,1,Unresolved
FAIL0003366,TXN00071992,Bank Server Error,1,Unresolved
FAIL0003367,TXN00072052,Network Error,1,Unresolved
FAIL0003368,TXN00072099,Network Error,1,Resolved
FAIL0003369,TXN00072119,Bank Server Error,2,Resolved
FAIL0003370,TXN00072145,Insufficient Balance,2,Resolved
FAIL0003371,TXN00072156,Limit Exceeded,1,Unresolved
FAIL0003372,TXN00072170,Invalid PIN,1,Unresolved
FAIL0003373,TXN00072181,Insufficient Balance,2,Resolved
FAIL0003374,TXN00072183,Timeout,2,Unresolved
FAIL0003375,TXN00072188,Payment Gateway Error,2,Resolved
FAIL0003376,TXN00072193,Bank Server Error,2,Unresolved
FAIL0003377,TXN00072252,Bank Server Error,1,Resolved
FAIL0003378,TXN00072254,Payment Gateway Error,2,Resolved
FAIL0003379,TXN00072273,Timeout,1,Resolved
FAIL0003380,TXN00072298,Bank Server Error,1,Unresolved
FAIL0003381,TXN00072304,Payment Gateway Error,1,Resolved
FAIL0003382,TXN00072333,Insufficient Balance,2,Resolved
FAIL0003383,TXN00072376,Bank Server Error,1,Resolved
FAIL0003384,TXN00072386,Insufficient Balance,1,Resolved
FAIL0003385,TXN00072392,Network Error,1,Unresolved
FAIL0003386,TXN00072421,Timeout,1,Resolved
FAIL0003387,TXN00072445,Network Error,1,Resolved
FAIL0003388,TXN00072454,Limit Exceeded,1,Unresolved
FAIL0003389,TXN00072455,Network Error,1,Unresolved
FAIL0003390,TXN00072469,Bank Server Error,1,Resolved
FAIL0003391,TXN00072496,Timeout,1,Unresolved
FAIL0003392,TXN00072514,Payment Gateway Error,1,Resolved
FAIL0003393,TXN00072520,Payment Gateway Error,1,Unresolved
FAIL0003394,TXN00072537,Bank Server Error,1,Unresolved
FAIL0003395,TXN00072569,Timeout,2,Resolved
FAIL0003396,TXN00072579,Payment Gateway Error,1,Resolved
FAIL0003397,TXN00072580,Bank Server Error,1,Unresolved
FAIL0003398,TXN00072583,Network Error,1,Unresolved
FAIL0003399,TXN00072588,Bank Server Error,1,Resolved
FAIL0003400,TXN00072616,Timeout,1,Resolved
FAIL0003401,TXN00072620,Bank Server Error,2,Resolved
FAIL0003402,TXN00072643,Insufficient Balance,1,Unresolved
FAIL0003403,TXN00072651,Bank Server Error,2,Unresolved
FAIL0003404,TXN00072658,Limit Exceeded,1,Unresolved
FAIL0003405,TXN00072677,Timeout,2,Unresolved
FAIL0003406,TXN00072684,Insufficient Balance,2,Resolved
FAIL0003407,TXN00072688,Bank Server Error,1,Resolved
FAIL0003408,TXN00072702,Bank Server Error,1,Unresolved
FAIL0003409,TXN00072716,Limit Exceeded,1,Unresolved
FAIL0003410,TXN00072758,Insufficient Balance,1,Resolved
FAIL0003411,TXN00072778,Timeout,2,Resolved
FAIL0003412,TXN00072799,Bank Server Error,1,Unresolved
FAIL0003413,TXN00072801,Bank Server Error,1,Unresolved
FAIL0003414,TXN00072841,Network Error,1,Unresolved
FAIL0003415,TXN00072928,Bank Server Error,1,Unresolved
FAIL0003416,TXN00072954,Limit Exceeded,1,Unresolved
FAIL0003417,TXN00073037,Limit Exceeded,1,Resolved
FAIL0003418,TXN00073039,Insufficient Balance,1,Resolved
FAIL0003419,TXN00073089,Network Error,1,Resolved
FAIL0003420,TXN00073091,Bank Server Error,1,Resolved
FAIL0003421,TXN00073093,Network Error,2,Unresolved
FAIL0003422,TXN00073094,Insufficient Balance,1,Resolved
FAIL0003423,TXN00073102,Timeout,1,Unresolved
FAIL0003424,TXN00073107,Bank Server Error,1,Unresolved
FAIL0003425,TXN00073145,Insufficient Balance,1,Resolved
FAIL0003426,TXN00073169,Bank Server Error,3,Resolved
FAIL0003427,TXN00073207,Timeout,1,Resolved
FAIL0003428,TXN00073230,Bank Server Error,2,Resolved
FAIL0003429,TXN00073244,Limit Exceeded,2,Resolved
FAIL0003430,TXN00073250,Payment Gateway Error,1,Resolved
FAIL0003431,TXN00073268,Insufficient Balance,1,Resolved
FAIL0003432,TXN00073280,Insufficient Balance,1,Unresolved
FAIL0003433,TXN00073289,Network Error,1,Unresolved
FAIL0003434,TXN00073314,Bank Server Error,1,Unresolved
FAIL0003435,TXN00073324,Network Error,2,Resolved
FAIL0003436,TXN00073335,Invalid PIN,1,Resolved
FAIL0003437,TXN00073341,Network Error,1,Unresolved
FAIL0003438,TXN00073344,Limit Exceeded,1,Unresolved
FAIL0003439,TXN00073363,Insufficient Balance,3,Resolved
FAIL0003440,TXN00073386,Network Error,1,Unresolved
FAIL0003441,TXN00073388,Payment Gateway Error,1,Resolved
FAIL0003442,TXN00073404,Network Error,1,Resolved
FAIL0003443,TXN00073405,Network Error,1,Unresolved
FAIL0003444,TXN00073425,Timeout,1,Resolved
FAIL0003445,TXN00073445,Payment Gateway Error,2,Resolved
FAIL0003446,TXN00073449,Timeout,2,Resolved
FAIL0003447,TXN00073483,Payment Gateway Error,1,Unresolved
FAIL0003448,TXN00073533,Bank Server Error,1,Resolved
FAIL0003449,TXN00073535,Limit Exceeded,1,Unresolved
FAIL0003450,TXN00073582,Payment Gateway Error,3,Resolved
FAIL0003451,TXN00073592,Bank Server Error,1,Resolved
FAIL0003452,TXN00073601,Limit Exceeded,1,Unresolved
FAIL0003453,TXN00073602,Bank Server Error,2,Unresolved
FAIL0003454,TXN00073615,Insufficient Balance,1,Unresolved
FAIL0003455,TXN00073647,Insufficient Balance,1,Unresolved
FAIL0003456,TXN00073657,Bank Server Error,2,Resolved
FAIL0003457,TXN00073661,Timeout,3,Resolved
FAIL0003458,TXN00073662,Timeout,2,Resolved
FAIL0003459,TXN00073680,Limit Exceeded,1,Resolved
FAIL0003460,TXN00073698,Payment Gateway Error,1,Unresolved
FAIL0003461,TXN00073709,Limit Exceeded,1,Resolved
FAIL0003462,TXN00073752,Bank Server Error,2,Resolved
FAIL0003463,TXN00073791,Network Error,2,Resolved
FAIL0003464,TXN00073802,Insufficient Balance,1,Resolved
FAIL0003465,TXN00073806,Insufficient Balance,1,Unresolved
FAIL0003466,TXN00073896,Payment Gateway Error,1,Unresolved
FAIL0003467,TXN00073919,Timeout,1,Unresolved
FAIL0003468,TXN00073970,Payment Gateway Error,1,Unresolved
FAIL0003469,TXN00073985,Invalid PIN,3,Resolved
FAIL0003470,TXN00073991,Network Error,1,Unresolved
FAIL0003471,TXN00074021,Limit Exceeded,3,Resolved
FAIL0003472,TXN00074040,Insufficient Balance,2,Resolved
FAIL0003473,TXN00074042,Limit Exceeded,1,Resolved
FAIL0003474,TXN00074051,Limit Exceeded,2,Resolved
FAIL0003475,TXN00074057,Bank Server Error,1,Unresolved
FAIL0003476,TXN00074064,Bank Server Error,1,Resolved
FAIL0003477,TXN00074107,Limit Exceeded,1,Resolved
FAIL0003478,TXN00074126,Network Error,1,Unresolved
FAIL0003479,TXN00074154,Invalid PIN,1,Unresolved
FAIL0003480,TXN00074245,Bank Server Error,1,Resolved
FAIL0003481,TXN00074246,Bank Server Error,1,Resolved
FAIL0003482,TXN00074253,Timeout,1,Resolved
FAIL0003483,TXN00074263,Payment Gateway Error,1,Unresolved
FAIL0003484,TXN00074294,Payment Gateway Error,2,Resolved
FAIL0003485,TXN00074362,Limit Exceeded,1,Resolved
FAIL0003486,TXN00074386,Network Error,1,Unresolved
FAIL0003487,TXN00074402,Timeout,2,Unresolved
FAIL0003488,TXN00074403,Limit Exceeded,1,Resolved
FAIL0003489,TXN00074404,Payment Gateway Error,2,Unresolved
FAIL0003490,TXN00074425,Bank Server Error,1,Unresolved
FAIL0003491,TXN00074462,Bank Server Error,1,Unresolved
FAIL0003492,TXN00074468,Insufficient Balance,1,Resolved
FAIL0003493,TXN00074477,Insufficient Balance,1,Resolved
FAIL0003494,TXN00074484,Insufficient Balance,1,Resolved
FAIL0003495,TXN00074491,Timeout,1,Unresolved
FAIL0003496,TXN00074510,Limit Exceeded,2,Unresolved
FAIL0003497,TXN00074523,Limit Exceeded,1,Unresolved
FAIL0003498,TXN00074528,Payment Gateway Error,1,Resolved
FAIL0003499,TXN00074555,Insufficient Balance,3,Resolved
FAIL0003500,TXN00074565,Bank Server Error,1,Resolved
FAIL0003501,TXN00074600,Insufficient Balance,1,Unresolved
FAIL0003502,TXN00074601,Bank Server Error,1,Unresolved
FAIL0003503,TXN00074623,Invalid PIN,1,Unresolved
FAIL0003504,TXN00074670,Payment Gateway Error,3,Resolved
FAIL0003505,TXN00074757,Payment Gateway Error,1,Unresolved
FAIL0003506,TXN00074760,Invalid PIN,1,Unresolved
FAIL0003507,TXN00074781,Network Error,1,Resolved
FAIL0003508,TXN00074790,Bank Server Error,2,Unresolved
FAIL0003509,TXN00074798,Insufficient Balance,1,Resolved
FAIL0003510,TXN00074836,Payment Gateway Error,1,Unresolved
FAIL0003511,TXN00074839,Bank Server Error,1,Unresolved
FAIL0003512,TXN00074891,Bank Server Error,1,Resolved
FAIL0003513,TXN00074929,Bank Server Error,2,Resolved
FAIL0003514,TXN00074944,Insufficient Balance,2,Unresolved
FAIL0003515,TXN00074955,Bank Server Error,3,Resolved
FAIL0003516,TXN00074958,Insufficient Balance,1,Resolved
FAIL0003517,TXN00074966,Bank Server Error,2,Resolved
FAIL0003518,TXN00074991,Bank Server Error,3,Resolved
FAIL0003519,TXN00074998,Bank Server Error,1,Unresolved
FAIL0003520,TXN00075017,Network Error,2,Unresolved
FAIL0003521,TXN00075040,Invalid PIN,1,Unresolved
FAIL0003522,TXN00075051,Insufficient Balance,2,Unresolved
FAIL0003523,TXN00075062,Timeout,2,Unresolved
FAIL0003524,TXN00075079,Insufficient Balance,2,Unresolved
FAIL0003525,TXN00075108,Invalid PIN,3,Resolved
FAIL0003526,TXN00075112,Insufficient Balance,2,Unresolved
FAIL0003527,TXN00075119,Timeout,2,Resolved
FAIL0003528,TXN00075147,Insufficient Balance,1,Unresolved
FAIL0003529,TXN00075150,Insufficient Balance,2,Resolved
FAIL0003530,TXN00075195,Payment Gateway Error,2,Unresolved
FAIL0003531,TXN00075196,Limit Exceeded,1,Unresolved
FAIL0003532,TXN00075246,Network Error,1,Unresolved
FAIL0003533,TXN00075280,Payment Gateway Error,2,Resolved
FAIL0003534,TXN00075302,Insufficient Balance,1,Unresolved
FAIL0003535,TXN00075317,Network Error,1,Resolved
FAIL0003536,TXN00075323,Insufficient Balance,1,Unresolved
FAIL0003537,TXN00075340,Bank Server Error,1,Unresolved
FAIL0003538,TXN00075344,Network Error,1,Unresolved
FAIL0003539,TXN00075364,Payment Gateway Error,1,Resolved
FAIL0003540,TXN00075390,Bank Server Error,1,Unresolved
FAIL0003541,TXN00075403,Invalid PIN,2,Resolved
FAIL0003542,TXN00075404,Network Error,1,Unresolved
FAIL0003543,TXN00075447,Insufficient Balance,1,Unresolved
FAIL0003544,TXN00075470,Limit Exceeded,1,Unresolved
FAIL0003545,TXN00075478,Timeout,1,Unresolved
FAIL0003546,TXN00075508,Invalid PIN,2,Resolved
FAIL0003547,TXN00075509,Bank Server Error,1,Resolved
FAIL0003548,TXN00075514,Bank Server Error,1,Resolved
FAIL0003549,TXN00075515,Bank Server Error,1,Unresolved
FAIL0003550,TXN00075520,Limit Exceeded,2,Resolved
FAIL0003551,TXN00075527,Invalid PIN,3,Unresolved
FAIL0003552,TXN00075578,Bank Server Error,3,Resolved
FAIL0003553,TXN00075602,Network Error,1,Resolved
FAIL0003554,TXN00075605,Insufficient Balance,1,Resolved
FAIL0003555,TXN00075612,Invalid PIN,1,Unresolved
FAIL0003556,TXN00075662,Limit Exceeded,1,Resolved
FAIL0003557,TXN00075676,Payment Gateway Error,1,Resolved
FAIL0003558,TXN00075683,Timeout,1,Resolved
FAIL0003559,TXN00075688,Insufficient Balance,1,Resolved
FAIL0003560,TXN00075693,Bank Server Error,1,Unresolved
FAIL0003561,TXN00075695,Bank Server Error,1,Resolved
FAIL0003562,TXN00075729,Limit Exceeded,1,Unresolved
FAIL0003563,TXN00075755,Invalid PIN,1,Resolved
FAIL0003564,TXN00075793,Insufficient Balance,1,Resolved
FAIL0003565,TXN00075844,Insufficient Balance,1,Resolved
FAIL0003566,TXN00075882,Bank Server Error,2,Unresolved
FAIL0003567,TXN00075906,Limit Exceeded,1,Unresolved
FAIL0003568,TXN00075935,Insufficient Balance,1,Resolved
FAIL0003569,TXN00075958,Payment Gateway Error,3,Unresolved
FAIL0003570,TXN00075988,Limit Exceeded,2,Resolved
FAIL0003571,TXN00075993,Limit Exceeded,1,Unresolved
FAIL0003572,TXN00076018,Network Error,1,Unresolved
FAIL0003573,TXN00076073,Invalid PIN,1,Resolved
FAIL0003574,TXN00076104,Timeout,1,Resolved
FAIL0003575,TXN00076133,Insufficient Balance,1,Unresolved
FAIL0003576,TXN00076138,Timeout,1,Unresolved
FAIL0003577,TXN00076142,Insufficient Balance,2,Resolved
FAIL0003578,TXN00076171,Network Error,1,Resolved
FAIL0003579,TXN00076253,Insufficient Balance,1,Resolved
FAIL0003580,TXN00076345,Timeout,1,Unresolved
FAIL0003581,TXN00076377,Insufficient Balance,1,Unresolved
FAIL0003582,TXN00076390,Invalid PIN,1,Unresolved
FAIL0003583,TXN00076481,Payment Gateway Error,1,Resolved
FAIL0003584,TXN00076499,Limit Exceeded,3,Resolved
FAIL0003585,TXN00076506,Limit Exceeded,1,Unresolved
FAIL0003586,TXN00076518,Limit Exceeded,1,Resolved
FAIL0003587,TXN00076522,Invalid PIN,1,Resolved
FAIL0003588,TXN00076536,Bank Server Error,1,Unresolved
FAIL0003589,TXN00076549,Insufficient Balance,1,Unresolved
FAIL0003590,TXN00076561,Network Error,3,Resolved
FAIL0003591,TXN00076588,Network Error,2,Unresolved
FAIL0003592,TXN00076594,Network Error,1,Resolved
FAIL0003593,TXN00076622,Payment Gateway Error,1,Resolved
FAIL0003594,TXN00076623,Insufficient Balance,1,Unresolved
FAIL0003595,TXN00076634,Payment Gateway Error,1,Unresolved
FAIL0003596,TXN00076636,Bank Server Error,1,Unresolved
FAIL0003597,TXN00076637,Insufficient Balance,3,Resolved
FAIL0003598,TXN00076640,Bank Server Error,1,Unresolved
FAIL0003599,TXN00076648,Insufficient Balance,3,Resolved
FAIL0003600,TXN00076651,Payment Gateway Error,1,Resolved
FAIL0003601,TXN00076665,Network Error,1,Unresolved
FAIL0003602,TXN00076670,Insufficient Balance,1,Resolved
FAIL0003603,TXN00076673,Insufficient Balance,1,Unresolved
FAIL0003604,TXN00076683,Bank Server Error,1,Unresolved
FAIL0003605,TXN00076695,Insufficient Balance,1,Resolved
FAIL0003606,TXN00076708,Insufficient Balance,1,Resolved
FAIL0003607,TXN00076775,Timeout,3,Resolved
FAIL0003608,TXN00076785,Bank Server Error,1,Resolved
FAIL0003609,TXN00076825,Payment Gateway Error,1,Resolved
FAIL0003610,TXN00076850,Invalid PIN,1,Resolved
FAIL0003611,TXN00076880,Payment Gateway Error,1,Unresolved
FAIL0003612,TXN00076922,Payment Gateway Error,1,Unresolved
FAIL0003613,TXN00076971,Payment Gateway Error,1,Unresolved
FAIL0003614,TXN00076974,Bank Server Error,2,Resolved
FAIL0003615,TXN00077000,Insufficient Balance,1,Unresolved
FAIL0003616,TXN00077029,Bank Server Error,2,Resolved
FAIL0003617,TXN00077035,Limit Exceeded,1,Resolved
FAIL0003618,TXN00077038,Bank Server Error,1,Resolved
FAIL0003619,TXN00077054,Bank Server Error,1,Resolved
FAIL0003620,TXN00077077,Payment Gateway Error,1,Resolved
FAIL0003621,TXN00077083,Network Error,1,Resolved
FAIL0003622,TXN00077096,Network Error,3,Resolved
FAIL0003623,TXN00077111,Insufficient Balance,1,Resolved
FAIL0003624,TXN00077119,Insufficient Balance,1,Resolved
FAIL0003625,TXN00077137,Payment Gateway Error,1,Resolved
FAIL0003626,TXN00077160,Invalid PIN,1,Unresolved
FAIL0003627,TXN00077222,Invalid PIN,2,Unresolved
FAIL0003628,TXN00077246,Limit Exceeded,2,Unresolved
FAIL0003629,TXN00077265,Bank Server Error,1,Resolved
FAIL0003630,TXN00077270,Insufficient Balance,3,Unresolved
FAIL0003631,TXN00077283,Insufficient Balance,1,Resolved
FAIL0003632,TXN00077287,Network Error,2,Resolved
FAIL0003633,TXN00077324,Bank Server Error,1,Resolved
FAIL0003634,TXN00077358,Insufficient Balance,3,Resolved
FAIL0003635,TXN00077407,Network Error,2,Resolved
FAIL0003636,TXN00077411,Bank Server Error,1,Resolved
FAIL0003637,TXN00077469,Network Error,1,Resolved
FAIL0003638,TXN00077490,Insufficient Balance,3,Resolved
FAIL0003639,TXN00077513,Payment Gateway Error,1,Unresolved
FAIL0003640,TXN00077559,Payment Gateway Error,3,Resolved
FAIL0003641,TXN00077586,Timeout,1,Unresolved
FAIL0003642,TXN00077632,Bank Server Error,1,Resolved
FAIL0003643,TXN00077652,Insufficient Balance,2,Resolved
FAIL0003644,TXN00077684,Invalid PIN,1,Unresolved
FAIL0003645,TXN00077715,Network Error,1,Unresolved
FAIL0003646,TXN00077744,Payment Gateway Error,1,Resolved
FAIL0003647,TXN00077749,Payment Gateway Error,1,Resolved
FAIL0003648,TXN00077759,Timeout,1,Resolved
FAIL0003649,TXN00077778,Insufficient Balance,2,Resolved
FAIL0003650,TXN00077818,Insufficient Balance,1,Unresolved
FAIL0003651,TXN00077819,Timeout,3,Resolved
FAIL0003652,TXN00077821,Bank Server Error,1,Unresolved
FAIL0003653,TXN00077826,Insufficient Balance,1,Unresolved
FAIL0003654,TXN00077835,Timeout,1,Resolved
FAIL0003655,TXN00077845,Invalid PIN,1,Unresolved
FAIL0003656,TXN00077846,Network Error,2,Resolved
FAIL0003657,TXN00077852,Payment Gateway Error,1,Resolved
FAIL0003658,TXN00077865,Insufficient Balance,1,Resolved
FAIL0003659,TXN00077909,Limit Exceeded,1,Resolved
FAIL0003660,TXN00077926,Timeout,1,Unresolved
FAIL0003661,TXN00077936,Payment Gateway Error,1,Resolved
FAIL0003662,TXN00077937,Invalid PIN,1,Unresolved
FAIL0003663,TXN00077954,Bank Server Error,1,Unresolved
FAIL0003664,TXN00077962,Network Error,2,Resolved
FAIL0003665,TXN00077999,Bank Server Error,1,Unresolved
FAIL0003666,TXN00078004,Payment Gateway Error,1,Unresolved
FAIL0003667,TXN00078006,Insufficient Balance,1,Unresolved
FAIL0003668,TXN00078023,Insufficient Balance,3,Resolved
FAIL0003669,TXN00078025,Insufficient Balance,1,Resolved
FAIL0003670,TXN00078027,Invalid PIN,1,Resolved
FAIL0003671,TXN00078043,Limit Exceeded,1,Resolved
FAIL0003672,TXN00078061,Insufficient Balance,1,Resolved
FAIL0003673,TXN00078081,Bank Server Error,2,Resolved
FAIL0003674,TXN00078120,Bank Server Error,1,Resolved
FAIL0003675,TXN00078121,Insufficient Balance,2,Resolved
FAIL0003676,TXN00078160,Invalid PIN,2,Resolved
FAIL0003677,TXN00078181,Payment Gateway Error,1,Resolved
FAIL0003678,TXN00078184,Payment Gateway Error,1,Unresolved
FAIL0003679,TXN00078192,Insufficient Balance,1,Resolved
FAIL0003680,TXN00078204,Payment Gateway Error,3,Resolved
FAIL0003681,TXN00078211,Insufficient Balance,2,Unresolved
FAIL0003682,TXN00078223,Bank Server Error,2,Resolved
FAIL0003683,TXN00078239,Insufficient Balance,1,Resolved
FAIL0003684,TXN00078258,Bank Server Error,2,Resolved
FAIL0003685,TXN00078260,Insufficient Balance,2,Resolved
FAIL0003686,TXN00078269,Insufficient Balance,1,Resolved
FAIL0003687,TXN00078271,Insufficient Balance,1,Unresolved
FAIL0003688,TXN00078318,Bank Server Error,1,Resolved
FAIL0003689,TXN00078338,Bank Server Error,2,Resolved
FAIL0003690,TXN00078344,Insufficient Balance,1,Resolved
FAIL0003691,TXN00078366,Limit Exceeded,1,Unresolved
FAIL0003692,TXN00078369,Network Error,2,Resolved
FAIL0003693,TXN00078393,Invalid PIN,1,Resolved
FAIL0003694,TXN00078414,Bank Server Error,1,Unresolved
FAIL0003695,TXN00078437,Insufficient Balance,1,Resolved
FAIL0003696,TXN00078442,Timeout,1,Resolved
FAIL0003697,TXN00078450,Payment Gateway Error,1,Resolved
FAIL0003698,TXN00078452,Network Error,1,Unresolved
FAIL0003699,TXN00078503,Network Error,1,Resolved
FAIL0003700,TXN00078564,Limit Exceeded,1,Unresolved
FAIL0003701,TXN00078624,Insufficient Balance,1,Unresolved
FAIL0003702,TXN00078646,Timeout,1,Unresolved
FAIL0003703,TXN00078667,Payment Gateway Error,1,Unresolved
FAIL0003704,TXN00078686,Payment Gateway Error,1,Resolved
FAIL0003705,TXN00078745,Timeout,1,Resolved
FAIL0003706,TXN00078748,Insufficient Balance,1,Resolved
FAIL0003707,TXN00078771,Limit Exceeded,1,Resolved
FAIL0003708,TXN00078775,Limit Exceeded,3,Resolved
FAIL0003709,TXN00078797,Limit Exceeded,1,Resolved
FAIL0003710,TXN00078829,Payment Gateway Error,1,Unresolved
FAIL0003711,TXN00078832,Insufficient Balance,1,Resolved
FAIL0003712,TXN00078836,Payment Gateway Error,2,Unresolved
FAIL0003713,TXN00078863,Network Error,3,Resolved
FAIL0003714,TXN00078876,Bank Server Error,2,Resolved
FAIL0003715,TXN00078903,Bank Server Error,2,Resolved
FAIL0003716,TXN00078931,Limit Exceeded,1,Unresolved
FAIL0003717,TXN00078933,Invalid PIN,1,Unresolved
FAIL0003718,TXN00078940,Network Error,1,Resolved
FAIL0003719,TXN00078956,Bank Server Error,1,Unresolved
FAIL0003720,TXN00078971,Payment Gateway Error,1,Unresolved
FAIL0003721,TXN00079018,Bank Server Error,1,Resolved
FAIL0003722,TXN00079028,Bank Server Error,1,Resolved
FAIL0003723,TXN00079031,Insufficient Balance,1,Unresolved
FAIL0003724,TXN00079043,Bank Server Error,1,Unresolved
FAIL0003725,TXN00079121,Payment Gateway Error,1,Resolved
FAIL0003726,TXN00079133,Invalid PIN,2,Unresolved
FAIL0003727,TXN00079138,Payment Gateway Error,1,Resolved
FAIL0003728,TXN00079141,Network Error,3,Unresolved
FAIL0003729,TXN00079155,Payment Gateway Error,1,Resolved
FAIL0003730,TXN00079161,Insufficient Balance,1,Unresolved
FAIL0003731,TXN00079205,Network Error,1,Resolved
FAIL0003732,TXN00079226,Insufficient Balance,1,Resolved
FAIL0003733,TXN00079228,Insufficient Balance,1,Resolved
FAIL0003734,TXN00079257,Insufficient Balance,1,Unresolved
FAIL0003735,TXN00079336,Limit Exceeded,1,Unresolved
FAIL0003736,TXN00079349,Limit Exceeded,1,Unresolved
FAIL0003737,TXN00079386,Payment Gateway Error,1,Resolved
FAIL0003738,TXN00079401,Payment Gateway Error,1,Unresolved
FAIL0003739,TXN00079422,Insufficient Balance,1,Resolved
FAIL0003740,TXN00079439,Network Error,1,Resolved
FAIL0003741,TXN00079480,Timeout,2,Unresolved
FAIL0003742,TXN00079484,Bank Server Error,2,Resolved
FAIL0003743,TXN00079487,Bank Server Error,1,Unresolved
FAIL0003744,TXN00079493,Insufficient Balance,1,Resolved
FAIL0003745,TXN00079498,Limit Exceeded,1,Resolved
FAIL0003746,TXN00079527,Payment Gateway Error,1,Unresolved
FAIL0003747,TXN00079561,Bank Server Error,2,Unresolved
FAIL0003748,TXN00079563,Insufficient Balance,1,Resolved
FAIL0003749,TXN00079566,Bank Server Error,1,Unresolved
FAIL0003750,TXN00079568,Network Error,1,Resolved
FAIL0003751,TXN00079582,Limit Exceeded,1,Resolved
FAIL0003752,TXN00079587,Bank Server Error,1,Unresolved
FAIL0003753,TXN00079632,Payment Gateway Error,1,Resolved
FAIL0003754,TXN00079638,Bank Server Error,3,Resolved
FAIL0003755,TXN00079650,Bank Server Error,2,Unresolved
FAIL0003756,TXN00079687,Bank Server Error,3,Resolved
FAIL0003757,TXN00079732,Insufficient Balance,2,Resolved
FAIL0003758,TXN00079766,Limit Exceeded,1,Resolved
FAIL0003759,TXN00079769,Bank Server Error,1,Resolved
FAIL0003760,TXN00079797,Limit Exceeded,3,Unresolved
FAIL0003761,TXN00079818,Payment Gateway Error,2,Unresolved
FAIL0003762,TXN00079819,Insufficient Balance,1,Unresolved
FAIL0003763,TXN00079849,Bank Server Error,2,Resolved
FAIL0003764,TXN00079855,Bank Server Error,1,Unresolved
FAIL0003765,TXN00079856,Insufficient Balance,2,Resolved
FAIL0003766,TXN00079890,Timeout,1,Unresolved
FAIL0003767,TXN00079902,Timeout,2,Unresolved
FAIL0003768,TXN00079933,Insufficient Balance,1,Resolved
FAIL0003769,TXN00079944,Limit Exceeded,1,Unresolved
FAIL0003770,TXN00079972,Payment Gateway Error,2,Resolved
FAIL0003771,TXN00079980,Invalid PIN,1,Resolved
FAIL0003772,TXN00079990,Invalid PIN,1,Unresolved
FAIL0003773,TXN00080029,Bank Server Error,3,Resolved
FAIL0003774,TXN00080061,Payment Gateway Error,1,Unresolved
FAIL0003775,TXN00080093,Insufficient Balance,1,Resolved
FAIL0003776,TXN00080102,Network Error,2,Unresolved
FAIL0003777,TXN00080147,Timeout,1,Unresolved
FAIL0003778,TXN00080165,Network Error,1,Resolved
FAIL0003779,TXN00080172,Bank Server Error,1,Resolved
FAIL0003780,TXN00080175,Bank Server Error,2,Unresolved
FAIL0003781,TXN00080200,Payment Gateway Error,2,Unresolved
FAIL0003782,TXN00080213,Insufficient Balance,2,Resolved
FAIL0003783,TXN00080216,Bank Server Error,1,Unresolved
FAIL0003784,TXN00080225,Network Error,1,Unresolved
FAIL0003785,TXN00080249,Invalid PIN,1,Unresolved
FAIL0003786,TXN00080257,Limit Exceeded,2,Resolved
FAIL0003787,TXN00080263,Network Error,1,Unresolved
FAIL0003788,TXN00080326,Network Error,1,Resolved
FAIL0003789,TXN00080334,Payment Gateway Error,2,Unresolved
FAIL0003790,TXN00080377,Bank Server Error,1,Resolved
FAIL0003791,TXN00080464,Invalid PIN,1,Resolved
FAIL0003792,TXN00080476,Insufficient Balance,1,Resolved
FAIL0003793,TXN00080561,Limit Exceeded,2,Resolved
FAIL0003794,TXN00080562,Insufficient Balance,3,Resolved
FAIL0003795,TXN00080582,Network Error,1,Unresolved
FAIL0003796,TXN00080587,Insufficient Balance,1,Unresolved
FAIL0003797,TXN00080644,Bank Server Error,3,Resolved
FAIL0003798,TXN00080680,Bank Server Error,1,Unresolved
FAIL0003799,TXN00080683,Payment Gateway Error,1,Unresolved
FAIL0003800,TXN00080700,Insufficient Balance,2,Resolved
FAIL0003801,TXN00080735,Network Error,2,Resolved
FAIL0003802,TXN00080778,Timeout,1,Resolved
FAIL0003803,TXN00080792,Limit Exceeded,1,Resolved
FAIL0003804,TXN00080799,Bank Server Error,3,Resolved
FAIL0003805,TXN00080807,Limit Exceeded,1,Resolved
FAIL0003806,TXN00080812,Network Error,2,Resolved
FAIL0003807,TXN00080838,Limit Exceeded,1,Unresolved
FAIL0003808,TXN00080860,Insufficient Balance,1,Resolved
FAIL0003809,TXN00080865,Bank Server Error,2,Resolved
FAIL0003810,TXN00080868,Timeout,1,Resolved
FAIL0003811,TXN00080879,Timeout,1,Resolved
FAIL0003812,TXN00080906,Limit Exceeded,1,Resolved
FAIL0003813,TXN00080924,Bank Server Error,1,Unresolved
FAIL0003814,TXN00080987,Invalid PIN,1,Resolved
FAIL0003815,TXN00080994,Payment Gateway Error,2,Resolved
FAIL0003816,TXN00081007,Insufficient Balance,1,Unresolved
FAIL0003817,TXN00081015,Network Error,1,Unresolved
FAIL0003818,TXN00081037,Limit Exceeded,1,Resolved
FAIL0003819,TXN00081041,Payment Gateway Error,1,Resolved
FAIL0003820,TXN00081055,Limit Exceeded,1,Resolved
FAIL0003821,TXN00081077,Invalid PIN,2,Resolved
FAIL0003822,TXN00081087,Network Error,3,Resolved
FAIL0003823,TXN00081102,Invalid PIN,2,Resolved
FAIL0003824,TXN00081119,Insufficient Balance,2,Resolved
FAIL0003825,TXN00081124,Bank Server Error,1,Resolved
FAIL0003826,TXN00081125,Insufficient Balance,2,Resolved
FAIL0003827,TXN00081134,Network Error,2,Resolved
FAIL0003828,TXN00081148,Insufficient Balance,2,Resolved
FAIL0003829,TXN00081149,Invalid PIN,1,Unresolved
FAIL0003830,TXN00081180,Insufficient Balance,1,Resolved
FAIL0003831,TXN00081184,Payment Gateway Error,1,Unresolved
FAIL0003832,TXN00081202,Insufficient Balance,3,Resolved
FAIL0003833,TXN00081206,Timeout,1,Unresolved
FAIL0003834,TXN00081221,Bank Server Error,1,Unresolved
FAIL0003835,TXN00081244,Bank Server Error,1,Resolved
FAIL0003836,TXN00081264,Network Error,1,Resolved
FAIL0003837,TXN00081289,Network Error,1,Resolved
FAIL0003838,TXN00081302,Limit Exceeded,2,Resolved
FAIL0003839,TXN00081304,Bank Server Error,1,Unresolved
FAIL0003840,TXN00081321,Invalid PIN,1,Resolved
FAIL0003841,TXN00081342,Payment Gateway Error,1,Resolved
FAIL0003842,TXN00081355,Bank Server Error,1,Unresolved
FAIL0003843,TXN00081380,Timeout,2,Resolved
FAIL0003844,TXN00081415,Insufficient Balance,2,Unresolved
FAIL0003845,TXN00081488,Timeout,1,Resolved
FAIL0003846,TXN00081506,Insufficient Balance,1,Resolved
FAIL0003847,TXN00081514,Invalid PIN,1,Unresolved
FAIL0003848,TXN00081529,Insufficient Balance,1,Resolved
FAIL0003849,TXN00081547,Insufficient Balance,1,Unresolved
FAIL0003850,TXN00081678,Payment Gateway Error,1,Unresolved
FAIL0003851,TXN00081726,Bank Server Error,1,Unresolved
FAIL0003852,TXN00081741,Bank Server Error,1,Unresolved
FAIL0003853,TXN00081743,Network Error,2,Resolved
FAIL0003854,TXN00081775,Insufficient Balance,1,Resolved
FAIL0003855,TXN00081804,Network Error,3,Resolved
FAIL0003856,TXN00081848,Bank Server Error,2,Resolved
FAIL0003857,TXN00081868,Bank Server Error,1,Resolved
FAIL0003858,TXN00081951,Invalid PIN,1,Resolved
FAIL0003859,TXN00081988,Insufficient Balance,1,Unresolved
FAIL0003860,TXN00081991,Insufficient Balance,1,Resolved
FAIL0003861,TXN00082000,Insufficient Balance,1,Resolved
FAIL0003862,TXN00082003,Limit Exceeded,1,Unresolved
FAIL0003863,TXN00082007,Limit Exceeded,1,Unresolved
FAIL0003864,TXN00082014,Insufficient Balance,1,Resolved
FAIL0003865,TXN00082048,Bank Server Error,2,Resolved
FAIL0003866,TXN00082054,Payment Gateway Error,1,Resolved
FAIL0003867,TXN00082062,Insufficient Balance,3,Resolved
FAIL0003868,TXN00082071,Payment Gateway Error,1,Resolved
FAIL0003869,TXN00082092,Limit Exceeded,3,Resolved
FAIL0003870,TXN00082109,Insufficient Balance,2,Unresolved
FAIL0003871,TXN00082155,Bank Server Error,2,Resolved
FAIL0003872,TXN00082183,Bank Server Error,1,Unresolved
FAIL0003873,TXN00082193,Network Error,1,Unresolved
FAIL0003874,TXN00082247,Payment Gateway Error,2,Resolved
FAIL0003875,TXN00082254,Payment Gateway Error,1,Resolved
FAIL0003876,TXN00082258,Insufficient Balance,1,Unresolved
FAIL0003877,TXN00082330,Insufficient Balance,1,Unresolved
FAIL0003878,TXN00082340,Bank Server Error,3,Resolved
FAIL0003879,TXN00082358,Bank Server Error,2,Unresolved
FAIL0003880,TXN00082366,Insufficient Balance,1,Resolved
FAIL0003881,TXN00082368,Bank Server Error,1,Unresolved
FAIL0003882,TXN00082372,Insufficient Balance,1,Unresolved
FAIL0003883,TXN00082380,Insufficient Balance,1,Resolved
FAIL0003884,TXN00082408,Bank Server Error,1,Unresolved
FAIL0003885,TXN00082419,Payment Gateway Error,1,Resolved
FAIL0003886,TXN00082421,Bank Server Error,1,Resolved
FAIL0003887,TXN00082491,Bank Server Error,1,Resolved
FAIL0003888,TXN00082499,Bank Server Error,1,Resolved
FAIL0003889,TXN00082512,Insufficient Balance,1,Resolved
FAIL0003890,TXN00082524,Limit Exceeded,2,Resolved
FAIL0003891,TXN00082586,Payment Gateway Error,1,Resolved
FAIL0003892,TXN00082627,Network Error,1,Resolved
FAIL0003893,TXN00082648,Timeout,1,Unresolved
FAIL0003894,TXN00082664,Payment Gateway Error,1,Resolved
FAIL0003895,TXN00082727,Bank Server Error,1,Resolved
FAIL0003896,TXN00082786,Invalid PIN,1,Unresolved
FAIL0003897,TXN00082804,Limit Exceeded,1,Unresolved
FAIL0003898,TXN00082811,Network Error,1,Resolved
FAIL0003899,TXN00082812,Payment Gateway Error,1,Resolved
FAIL0003900,TXN00082820,Limit Exceeded,3,Resolved
FAIL0003901,TXN00082829,Insufficient Balance,1,Resolved
FAIL0003902,TXN00082841,Timeout,1,Resolved
FAIL0003903,TXN00082866,Limit Exceeded,3,Unresolved
FAIL0003904,TXN00082877,Insufficient Balance,1,Unresolved
FAIL0003905,TXN00082933,Insufficient Balance,3,Resolved
FAIL0003906,TXN00082945,Limit Exceeded,1,Unresolved
FAIL0003907,TXN00082955,Bank Server Error,2,Resolved
FAIL0003908,TXN00083023,Insufficient Balance,1,Unresolved
FAIL0003909,TXN00083050,Insufficient Balance,2,Resolved
FAIL0003910,TXN00083059,Network Error,1,Resolved
FAIL0003911,TXN00083093,Network Error,2,Resolved
FAIL0003912,TXN00083130,Payment Gateway Error,1,Unresolved
FAIL0003913,TXN00083144,Timeout,1,Resolved
FAIL0003914,TXN00083163,Insufficient Balance,2,Resolved
FAIL0003915,TXN00083168,Payment Gateway Error,1,Unresolved
FAIL0003916,TXN00083235,Network Error,1,Resolved
FAIL0003917,TXN00083314,Payment Gateway Error,1,Resolved
FAIL0003918,TXN00083331,Invalid PIN,1,Unresolved
FAIL0003919,TXN00083335,Bank Server Error,1,Resolved
FAIL0003920,TXN00083353,Payment Gateway Error,1,Unresolved
FAIL0003921,TXN00083401,Payment Gateway Error,2,Resolved
FAIL0003922,TXN00083421,Bank Server Error,1,Resolved
FAIL0003923,TXN00083436,Limit Exceeded,2,Resolved
FAIL0003924,TXN00083469,Bank Server Error,1,Resolved
FAIL0003925,TXN00083470,Network Error,1,Resolved
FAIL0003926,TXN00083493,Limit Exceeded,1,Unresolved
FAIL0003927,TXN00083497,Bank Server Error,3,Resolved
FAIL0003928,TXN00083518,Insufficient Balance,2,Unresolved
FAIL0003929,TXN00083533,Payment Gateway Error,2,Unresolved
FAIL0003930,TXN00083604,Bank Server Error,2,Resolved
FAIL0003931,TXN00083606,Insufficient Balance,1,Unresolved
FAIL0003932,TXN00083607,Insufficient Balance,1,Unresolved
FAIL0003933,TXN00083616,Network Error,1,Resolved
FAIL0003934,TXN00083617,Bank Server Error,1,Resolved
FAIL0003935,TXN00083677,Insufficient Balance,1,Resolved
FAIL0003936,TXN00083679,Network Error,1,Resolved
FAIL0003937,TXN00083736,Insufficient Balance,2,Resolved
FAIL0003938,TXN00083756,Invalid PIN,1,Resolved
FAIL0003939,TXN00083762,Payment Gateway Error,1,Resolved
FAIL0003940,TXN00083797,Payment Gateway Error,1,Resolved
FAIL0003941,TXN00083851,Limit Exceeded,1,Unresolved
FAIL0003942,TXN00083878,Invalid PIN,1,Resolved
FAIL0003943,TXN00083888,Payment Gateway Error,2,Resolved
FAIL0003944,TXN00083933,Bank Server Error,1,Resolved
FAIL0003945,TXN00083958,Bank Server Error,1,Resolved
FAIL0003946,TXN00083974,Insufficient Balance,1,Unresolved
FAIL0003947,TXN00084026,Payment Gateway Error,3,Resolved
FAIL0003948,TXN00084062,Bank Server Error,2,Unresolved
FAIL0003949,TXN00084066,Bank Server Error,1,Resolved
FAIL0003950,TXN00084068,Invalid PIN,2,Resolved
FAIL0003951,TXN00084070,Insufficient Balance,1,Resolved
FAIL0003952,TXN00084087,Insufficient Balance,1,Resolved
FAIL0003953,TXN00084100,Limit Exceeded,2,Resolved
FAIL0003954,TXN00084113,Bank Server Error,1,Resolved
FAIL0003955,TXN00084131,Invalid PIN,1,Unresolved
FAIL0003956,TXN00084152,Insufficient Balance,1,Unresolved
FAIL0003957,TXN00084209,Insufficient Balance,2,Resolved
FAIL0003958,TXN00084222,Network Error,1,Resolved
FAIL0003959,TXN00084232,Invalid PIN,2,Unresolved
FAIL0003960,TXN00084245,Payment Gateway Error,1,Unresolved
FAIL0003961,TXN00084283,Bank Server Error,1,Unresolved
FAIL0003962,TXN00084317,Bank Server Error,2,Resolved
FAIL0003963,TXN00084338,Bank Server Error,1,Unresolved
FAIL0003964,TXN00084414,Network Error,3,Resolved
FAIL0003965,TXN00084426,Insufficient Balance,2,Unresolved
FAIL0003966,TXN00084428,Network Error,2,Unresolved
FAIL0003967,TXN00084454,Bank Server Error,1,Unresolved
FAIL0003968,TXN00084489,Invalid PIN,1,Unresolved
FAIL0003969,TXN00084514,Limit Exceeded,1,Unresolved
FAIL0003970,TXN00084547,Bank Server Error,1,Unresolved
FAIL0003971,TXN00084577,Network Error,2,Resolved
FAIL0003972,TXN00084582,Limit Exceeded,1,Resolved
FAIL0003973,TXN00084593,Limit Exceeded,1,Unresolved
FAIL0003974,TXN00084597,Invalid PIN,1,Resolved
FAIL0003975,TXN00084612,Insufficient Balance,1,Resolved
FAIL0003976,TXN00084628,Payment Gateway Error,1,Resolved
FAIL0003977,TXN00084648,Insufficient Balance,1,Resolved
FAIL0003978,TXN00084659,Insufficient Balance,1,Unresolved
FAIL0003979,TXN00084671,Payment Gateway Error,2,Resolved
FAIL0003980,TXN00084686,Network Error,1,Resolved
FAIL0003981,TXN00084696,Bank Server Error,1,Resolved
FAIL0003982,TXN00084697,Insufficient Balance,1,Resolved
FAIL0003983,TXN00084710,Bank Server Error,1,Unresolved
FAIL0003984,TXN00084735,Invalid PIN,1,Resolved
FAIL0003985,TXN00084747,Limit Exceeded,1,Unresolved
FAIL0003986,TXN00084756,Limit Exceeded,1,Unresolved
FAIL0003987,TXN00084799,Bank Server Error,1,Resolved
FAIL0003988,TXN00084854,Insufficient Balance,1,Unresolved
FAIL0003989,TXN00084877,Insufficient Balance,1,Resolved
FAIL0003990,TXN00084889,Timeout,1,Resolved
FAIL0003991,TXN00084890,Limit Exceeded,1,Unresolved
FAIL0003992,TXN00084907,Limit Exceeded,1,Unresolved
FAIL0003993,TXN00084909,Insufficient Balance,2,Resolved
FAIL0003994,TXN00084930,Insufficient Balance,2,Resolved
FAIL0003995,TXN00084931,Invalid PIN,2,Resolved
FAIL0003996,TXN00085016,Payment Gateway Error,1,Unresolved
FAIL0003997,TXN00085032,Bank Server Error,1,Unresolved
FAIL0003998,TXN00085047,Insufficient Balance,1,Resolved
FAIL0003999,TXN00085066,Bank Server Error,1,Unresolved
FAIL0004000,TXN00085146,Limit Exceeded,1,Resolved
FAIL0004001,TXN00085172,Insufficient Balance,1,Resolved
FAIL0004002,TXN00085198,Payment Gateway Error,2,Unresolved
FAIL0004003,TXN00085218,Insufficient Balance,2,Resolved
FAIL0004004,TXN00085242,Network Error,2,Resolved
FAIL0004005,TXN00085246,Insufficient Balance,1,Resolved
FAIL0004006,TXN00085259,Invalid PIN,2,Resolved
FAIL0004007,TXN00085270,Limit Exceeded,1,Resolved
FAIL0004008,TXN00085273,Timeout,1,Resolved
FAIL0004009,TXN00085276,Bank Server Error,2,Resolved
FAIL0004010,TXN00085287,Network Error,1,Unresolved
FAIL0004011,TXN00085304,Bank Server Error,1,Resolved
FAIL0004012,TXN00085308,Insufficient Balance,1,Unresolved
FAIL0004013,TXN00085327,Payment Gateway Error,1,Unresolved
FAIL0004014,TXN00085341,Insufficient Balance,3,Unresolved
FAIL0004015,TXN00085342,Bank Server Error,2,Resolved
FAIL0004016,TXN00085350,Bank Server Error,1,Unresolved
FAIL0004017,TXN00085382,Insufficient Balance,1,Resolved
FAIL0004018,TXN00085410,Bank Server Error,1,Unresolved
FAIL0004019,TXN00085414,Network Error,1,Unresolved
FAIL0004020,TXN00085433,Network Error,2,Unresolved
FAIL0004021,TXN00085441,Bank Server Error,1,Unresolved
FAIL0004022,TXN00085442,Insufficient Balance,1,Unresolved
FAIL0004023,TXN00085447,Invalid PIN,1,Unresolved
FAIL0004024,TXN00085469,Network Error,1,Unresolved
FAIL0004025,TXN00085505,Payment Gateway Error,1,Unresolved
FAIL0004026,TXN00085515,Bank Server Error,3,Resolved
FAIL0004027,TXN00085522,Bank Server Error,1,Resolved
FAIL0004028,TXN00085541,Payment Gateway Error,1,Resolved
FAIL0004029,TXN00085546,Bank Server Error,2,Unresolved
FAIL0004030,TXN00085577,Limit Exceeded,2,Unresolved
FAIL0004031,TXN00085623,Insufficient Balance,1,Resolved
FAIL0004032,TXN00085645,Payment Gateway Error,1,Resolved
FAIL0004033,TXN00085648,Timeout,2,Resolved
FAIL0004034,TXN00085676,Limit Exceeded,1,Unresolved
FAIL0004035,TXN00085750,Bank Server Error,1,Resolved
FAIL0004036,TXN00085780,Network Error,3,Resolved
FAIL0004037,TXN00085785,Network Error,1,Resolved
FAIL0004038,TXN00085812,Limit Exceeded,1,Unresolved
FAIL0004039,TXN00085840,Invalid PIN,1,Unresolved
FAIL0004040,TXN00085868,Limit Exceeded,1,Resolved
FAIL0004041,TXN00085946,Invalid PIN,1,Unresolved
FAIL0004042,TXN00085987,Payment Gateway Error,2,Unresolved
FAIL0004043,TXN00086003,Bank Server Error,1,Unresolved
FAIL0004044,TXN00086025,Bank Server Error,1,Resolved
FAIL0004045,TXN00086026,Limit Exceeded,1,Unresolved
FAIL0004046,TXN00086032,Bank Server Error,2,Resolved
FAIL0004047,TXN00086040,Timeout,1,Unresolved
FAIL0004048,TXN00086118,Insufficient Balance,2,Resolved
FAIL0004049,TXN00086128,Bank Server Error,2,Resolved
FAIL0004050,TXN00086146,Payment Gateway Error,1,Unresolved
FAIL0004051,TXN00086158,Limit Exceeded,2,Resolved
FAIL0004052,TXN00086162,Insufficient Balance,1,Resolved
FAIL0004053,TXN00086176,Timeout,2,Resolved
FAIL0004054,TXN00086259,Bank Server Error,1,Unresolved
FAIL0004055,TXN00086306,Payment Gateway Error,2,Resolved
FAIL0004056,TXN00086324,Bank Server Error,2,Resolved
FAIL0004057,TXN00086340,Payment Gateway Error,3,Resolved
FAIL0004058,TXN00086346,Payment Gateway Error,1,Unresolved
FAIL0004059,TXN00086352,Payment Gateway Error,1,Unresolved
FAIL0004060,TXN00086398,Timeout,3,Resolved
FAIL0004061,TXN00086402,Invalid PIN,1,Resolved
FAIL0004062,TXN00086411,Limit Exceeded,3,Resolved
FAIL0004063,TXN00086436,Network Error,1,Resolved
FAIL0004064,TXN00086456,Network Error,1,Resolved
FAIL0004065,TXN00086466,Network Error,2,Unresolved
FAIL0004066,TXN00086486,Bank Server Error,2,Unresolved
FAIL0004067,TXN00086493,Insufficient Balance,2,Unresolved
FAIL0004068,TXN00086515,Timeout,1,Resolved
FAIL0004069,TXN00086520,Payment Gateway Error,1,Unresolved
FAIL0004070,TXN00086545,Network Error,1,Resolved
FAIL0004071,TXN00086548,Invalid PIN,1,Unresolved
FAIL0004072,TXN00086574,Timeout,1,Unresolved
FAIL0004073,TXN00086581,Bank Server Error,1,Resolved
FAIL0004074,TXN00086630,Network Error,1,Unresolved
FAIL0004075,TXN00086708,Payment Gateway Error,2,Resolved
FAIL0004076,TXN00086712,Limit Exceeded,2,Resolved
FAIL0004077,TXN00086781,Payment Gateway Error,2,Resolved
FAIL0004078,TXN00086782,Limit Exceeded,1,Resolved
FAIL0004079,TXN00086788,Limit Exceeded,1,Resolved
FAIL0004080,TXN00086814,Bank Server Error,1,Unresolved
FAIL0004081,TXN00086830,Network Error,1,Resolved
FAIL0004082,TXN00086866,Invalid PIN,1,Unresolved
FAIL0004083,TXN00086880,Limit Exceeded,1,Resolved
FAIL0004084,TXN00086883,Network Error,1,Resolved
FAIL0004085,TXN00086937,Payment Gateway Error,1,Resolved
FAIL0004086,TXN00086942,Insufficient Balance,1,Unresolved
FAIL0004087,TXN00086957,Bank Server Error,2,Resolved
FAIL0004088,TXN00086966,Limit Exceeded,1,Resolved
FAIL0004089,TXN00086994,Payment Gateway Error,1,Resolved
FAIL0004090,TXN00087011,Invalid PIN,2,Resolved
FAIL0004091,TXN00087015,Bank Server Error,1,Unresolved
FAIL0004092,TXN00087026,Limit Exceeded,1,Unresolved
FAIL0004093,TXN00087081,Insufficient Balance,1,Unresolved
FAIL0004094,TXN00087132,Bank Server Error,2,Resolved
FAIL0004095,TXN00087159,Bank Server Error,1,Unresolved
FAIL0004096,TXN00087237,Limit Exceeded,2,Resolved
FAIL0004097,TXN00087241,Invalid PIN,1,Unresolved
FAIL0004098,TXN00087254,Payment Gateway Error,1,Unresolved
FAIL0004099,TXN00087262,Invalid PIN,1,Resolved
FAIL0004100,TXN00087267,Bank Server Error,1,Unresolved
FAIL0004101,TXN00087297,Bank Server Error,1,Unresolved
FAIL0004102,TXN00087299,Insufficient Balance,2,Resolved
FAIL0004103,TXN00087311,Bank Server Error,1,Resolved
FAIL0004104,TXN00087319,Insufficient Balance,1,Unresolved
FAIL0004105,TXN00087373,Network Error,1,Unresolved
FAIL0004106,TXN00087375,Payment Gateway Error,3,Resolved
FAIL0004107,TXN00087379,Bank Server Error,1,Unresolved
FAIL0004108,TXN00087396,Payment Gateway Error,1,Unresolved
FAIL0004109,TXN00087403,Payment Gateway Error,1,Resolved
FAIL0004110,TXN00087404,Insufficient Balance,1,Unresolved
FAIL0004111,TXN00087452,Invalid PIN,1,Unresolved
FAIL0004112,TXN00087475,Network Error,1,Unresolved
FAIL0004113,TXN00087521,Timeout,1,Resolved
FAIL0004114,TXN00087526,Insufficient Balance,2,Resolved
FAIL0004115,TXN00087569,Limit Exceeded,3,Resolved
FAIL0004116,TXN00087570,Insufficient Balance,1,Unresolved
FAIL0004117,TXN00087582,Payment Gateway Error,1,Unresolved
FAIL0004118,TXN00087587,Invalid PIN,1,Resolved
FAIL0004119,TXN00087618,Insufficient Balance,2,Resolved
FAIL0004120,TXN00087620,Limit Exceeded,1,Resolved
FAIL0004121,TXN00087633,Bank Server Error,1,Unresolved
FAIL0004122,TXN00087642,Insufficient Balance,1,Resolved
FAIL0004123,TXN00087648,Insufficient Balance,1,Resolved
FAIL0004124,TXN00087725,Bank Server Error,1,Unresolved
FAIL0004125,TXN00087726,Insufficient Balance,3,Resolved
FAIL0004126,TXN00087759,Payment Gateway Error,1,Unresolved
FAIL0004127,TXN00087770,Payment Gateway Error,1,Unresolved
FAIL0004128,TXN00087786,Invalid PIN,2,Resolved
FAIL0004129,TXN00087822,Timeout,1,Unresolved
FAIL0004130,TXN00087825,Invalid PIN,1,Unresolved
FAIL0004131,TXN00087830,Bank Server Error,1,Unresolved
FAIL0004132,TXN00087838,Network Error,1,Resolved
FAIL0004133,TXN00087841,Bank Server Error,3,Resolved
FAIL0004134,TXN00087852,Bank Server Error,1,Resolved
FAIL0004135,TXN00087887,Bank Server Error,1,Resolved
FAIL0004136,TXN00087943,Payment Gateway Error,2,Unresolved
FAIL0004137,TXN00087966,Payment Gateway Error,2,Resolved
FAIL0004138,TXN00087984,Network Error,2,Resolved
FAIL0004139,TXN00087986,Insufficient Balance,1,Resolved
FAIL0004140,TXN00087995,Payment Gateway Error,1,Unresolved
FAIL0004141,TXN00087997,Invalid PIN,1,Unresolved
FAIL0004142,TXN00088055,Insufficient Balance,2,Resolved
FAIL0004143,TXN00088060,Insufficient Balance,1,Unresolved
FAIL0004144,TXN00088122,Limit Exceeded,1,Unresolved
FAIL0004145,TXN00088130,Insufficient Balance,1,Resolved
FAIL0004146,TXN00088141,Payment Gateway Error,1,Resolved
FAIL0004147,TXN00088156,Bank Server Error,1,Unresolved
FAIL0004148,TXN00088161,Bank Server Error,2,Resolved
FAIL0004149,TXN00088177,Bank Server Error,1,Unresolved
FAIL0004150,TXN00088195,Bank Server Error,1,Unresolved
FAIL0004151,TXN00088268,Bank Server Error,1,Unresolved
FAIL0004152,TXN00088299,Network Error,2,Resolved
FAIL0004153,TXN00088305,Bank Server Error,1,Resolved
FAIL0004154,TXN00088308,Payment Gateway Error,1,Resolved
FAIL0004155,TXN00088320,Network Error,1,Unresolved
FAIL0004156,TXN00088346,Invalid PIN,1,Resolved
FAIL0004157,TXN00088381,Payment Gateway Error,2,Resolved
FAIL0004158,TXN00088386,Payment Gateway Error,1,Resolved
FAIL0004159,TXN00088393,Invalid PIN,1,Unresolved
FAIL0004160,TXN00088442,Insufficient Balance,1,Resolved
FAIL0004161,TXN00088474,Bank Server Error,1,Resolved
FAIL0004162,TXN00088521,Insufficient Balance,2,Resolved
FAIL0004163,TXN00088536,Insufficient Balance,3,Resolved
FAIL0004164,TXN00088551,Insufficient Balance,1,Resolved
FAIL0004165,TXN00088567,Invalid PIN,1,Resolved
FAIL0004166,TXN00088586,Payment Gateway Error,3,Resolved
FAIL0004167,TXN00088611,Insufficient Balance,1,Resolved
FAIL0004168,TXN00088628,Invalid PIN,1,Unresolved
FAIL0004169,TXN00088630,Network Error,1,Unresolved
FAIL0004170,TXN00088633,Network Error,2,Resolved
FAIL0004171,TXN00088647,Bank Server Error,1,Resolved
FAIL0004172,TXN00088650,Bank Server Error,2,Resolved
FAIL0004173,TXN00088663,Bank Server Error,1,Unresolved
FAIL0004174,TXN00088671,Bank Server Error,1,Unresolved
FAIL0004175,TXN00088710,Network Error,2,Unresolved
FAIL0004176,TXN00088731,Limit Exceeded,1,Unresolved
FAIL0004177,TXN00088823,Limit Exceeded,1,Resolved
FAIL0004178,TXN00088831,Bank Server Error,1,Resolved
FAIL0004179,TXN00088862,Insufficient Balance,1,Resolved
FAIL0004180,TXN00088872,Bank Server Error,1,Unresolved
FAIL0004181,TXN00088884,Bank Server Error,1,Unresolved
FAIL0004182,TXN00088887,Network Error,2,Resolved
FAIL0004183,TXN00088919,Timeout,1,Unresolved
FAIL0004184,TXN00088953,Timeout,1,Resolved
FAIL0004185,TXN00088954,Payment Gateway Error,1,Unresolved
FAIL0004186,TXN00088975,Insufficient Balance,1,Unresolved
FAIL0004187,TXN00089090,Payment Gateway Error,1,Resolved
FAIL0004188,TXN00089120,Limit Exceeded,1,Resolved
FAIL0004189,TXN00089121,Bank Server Error,1,Unresolved
FAIL0004190,TXN00089142,Payment Gateway Error,1,Resolved
FAIL0004191,TXN00089209,Insufficient Balance,2,Resolved
FAIL0004192,TXN00089228,Limit Exceeded,1,Unresolved
FAIL0004193,TXN00089260,Timeout,1,Resolved
FAIL0004194,TXN00089266,Bank Server Error,1,Resolved
FAIL0004195,TXN00089268,Limit Exceeded,1,Resolved
FAIL0004196,TXN00089301,Network Error,1,Resolved
FAIL0004197,TXN00089331,Invalid PIN,3,Resolved
FAIL0004198,TXN00089335,Insufficient Balance,1,Resolved
FAIL0004199,TXN00089377,Bank Server Error,1,Unresolved
FAIL0004200,TXN00089388,Payment Gateway Error,1,Resolved
FAIL0004201,TXN00089425,Invalid PIN,1,Resolved
FAIL0004202,TXN00089426,Payment Gateway Error,1,Unresolved
FAIL0004203,TXN00089432,Limit Exceeded,2,Resolved
FAIL0004204,TXN00089455,Network Error,2,Resolved
FAIL0004205,TXN00089516,Timeout,1,Unresolved
FAIL0004206,TXN00089527,Invalid PIN,1,Resolved
FAIL0004207,TXN00089556,Bank Server Error,2,Resolved
FAIL0004208,TXN00089564,Network Error,1,Unresolved
FAIL0004209,TXN00089588,Limit Exceeded,1,Resolved
FAIL0004210,TXN00089592,Insufficient Balance,1,Resolved
FAIL0004211,TXN00089605,Network Error,1,Resolved
FAIL0004212,TXN00089664,Invalid PIN,1,Unresolved
FAIL0004213,TXN00089672,Bank Server Error,2,Resolved
FAIL0004214,TXN00089685,Network Error,3,Resolved
FAIL0004215,TXN00089688,Timeout,1,Resolved
FAIL0004216,TXN00089689,Payment Gateway Error,1,Resolved
FAIL0004217,TXN00089729,Timeout,1,Resolved
FAIL0004218,TXN00089730,Payment Gateway Error,1,Resolved
FAIL0004219,TXN00089740,Insufficient Balance,1,Resolved
FAIL0004220,TXN00089757,Bank Server Error,1,Resolved
FAIL0004221,TXN00089832,Network Error,1,Resolved
FAIL0004222,TXN00089852,Network Error,1,Unresolved
FAIL0004223,TXN00089861,Limit Exceeded,3,Resolved
FAIL0004224,TXN00089903,Limit Exceeded,1,Resolved
FAIL0004225,TXN00089924,Insufficient Balance,1,Resolved
FAIL0004226,TXN00089950,Bank Server Error,1,Resolved
FAIL0004227,TXN00089951,Insufficient Balance,1,Resolved
FAIL0004228,TXN00089959,Invalid PIN,1,Resolved
FAIL0004229,TXN00089977,Bank Server Error,1,Unresolved
FAIL0004230,TXN00090013,Insufficient Balance,1,Resolved
FAIL0004231,TXN00090019,Network Error,1,Resolved
FAIL0004232,TXN00090029,Insufficient Balance,2,Unresolved
FAIL0004233,TXN00090058,Bank Server Error,2,Resolved
FAIL0004234,TXN00090079,Bank Server Error,1,Unresolved
FAIL0004235,TXN00090083,Insufficient Balance,1,Unresolved
FAIL0004236,TXN00090088,Payment Gateway Error,1,Resolved
FAIL0004237,TXN00090089,Timeout,1,Unresolved
FAIL0004238,TXN00090109,Timeout,1,Unresolved
FAIL0004239,TXN00090204,Bank Server Error,1,Resolved
FAIL0004240,TXN00090209,Payment Gateway Error,1,Resolved
FAIL0004241,TXN00090214,Limit Exceeded,1,Resolved
FAIL0004242,TXN00090246,Bank Server Error,1,Resolved
FAIL0004243,TXN00090272,Limit Exceeded,1,Resolved
FAIL0004244,TXN00090287,Limit Exceeded,2,Resolved
FAIL0004245,TXN00090312,Payment Gateway Error,1,Resolved
FAIL0004246,TXN00090329,Timeout,1,Unresolved
FAIL0004247,TXN00090330,Insufficient Balance,1,Resolved
FAIL0004248,TXN00090343,Bank Server Error,1,Resolved
FAIL0004249,TXN00090348,Bank Server Error,2,Resolved
FAIL0004250,TXN00090354,Invalid PIN,2,Unresolved
FAIL0004251,TXN00090369,Bank Server Error,1,Resolved
FAIL0004252,TXN00090373,Insufficient Balance,1,Resolved
FAIL0004253,TXN00090412,Bank Server Error,2,Resolved
FAIL0004254,TXN00090427,Network Error,1,Resolved
FAIL0004255,TXN00090443,Insufficient Balance,1,Unresolved
FAIL0004256,TXN00090450,Limit Exceeded,2,Resolved
FAIL0004257,TXN00090459,Bank Server Error,1,Unresolved
FAIL0004258,TXN00090505,Network Error,1,Resolved
FAIL0004259,TXN00090532,Limit Exceeded,1,Resolved
FAIL0004260,TXN00090581,Timeout,1,Resolved
FAIL0004261,TXN00090588,Payment Gateway Error,1,Unresolved
FAIL0004262,TXN00090599,Network Error,1,Unresolved
FAIL0004263,TXN00090615,Network Error,1,Resolved
FAIL0004264,TXN00090626,Insufficient Balance,1,Resolved
FAIL0004265,TXN00090678,Limit Exceeded,1,Unresolved
FAIL0004266,TXN00090716,Bank Server Error,1,Resolved
FAIL0004267,TXN00090721,Limit Exceeded,3,Resolved
FAIL0004268,TXN00090724,Limit Exceeded,1,Unresolved
FAIL0004269,TXN00090740,Network Error,2,Unresolved
FAIL0004270,TXN00090745,Insufficient Balance,2,Resolved
FAIL0004271,TXN00090774,Network Error,1,Unresolved
FAIL0004272,TXN00090813,Limit Exceeded,1,Resolved
FAIL0004273,TXN00090819,Bank Server Error,1,Resolved
FAIL0004274,TXN00090823,Insufficient Balance,2,Resolved
FAIL0004275,TXN00090833,Insufficient Balance,1,Resolved
FAIL0004276,TXN00090857,Insufficient Balance,1,Resolved
FAIL0004277,TXN00090864,Insufficient Balance,1,Resolved
FAIL0004278,TXN00090870,Limit Exceeded,1,Unresolved
FAIL0004279,TXN00090891,Limit Exceeded,2,Resolved
FAIL0004280,TXN00090978,Network Error,3,Unresolved
FAIL0004281,TXN00091017,Bank Server Error,1,Resolved
FAIL0004282,TXN00091028,Payment Gateway Error,1,Unresolved
FAIL0004283,TXN00091033,Bank Server Error,1,Unresolved
FAIL0004284,TXN00091053,Payment Gateway Error,1,Unresolved
FAIL0004285,TXN00091063,Insufficient Balance,1,Resolved
FAIL0004286,TXN00091081,Payment Gateway Error,1,Unresolved
FAIL0004287,TXN00091135,Limit Exceeded,1,Resolved
FAIL0004288,TXN00091153,Payment Gateway Error,3,Unresolved
FAIL0004289,TXN00091250,Bank Server Error,1,Unresolved
FAIL0004290,TXN00091255,Payment Gateway Error,1,Resolved
FAIL0004291,TXN00091264,Network Error,1,Unresolved
FAIL0004292,TXN00091286,Limit Exceeded,1,Resolved
FAIL0004293,TXN00091304,Payment Gateway Error,1,Unresolved
FAIL0004294,TXN00091318,Bank Server Error,1,Resolved
FAIL0004295,TXN00091351,Bank Server Error,1,Resolved
FAIL0004296,TXN00091356,Timeout,1,Resolved
FAIL0004297,TXN00091392,Insufficient Balance,2,Resolved
FAIL0004298,TXN00091396,Invalid PIN,1,Unresolved
FAIL0004299,TXN00091423,Limit Exceeded,1,Resolved
FAIL0004300,TXN00091431,Bank Server Error,3,Resolved
FAIL0004301,TXN00091443,Payment Gateway Error,1,Unresolved
FAIL0004302,TXN00091481,Limit Exceeded,1,Unresolved
FAIL0004303,TXN00091489,Bank Server Error,1,Resolved
FAIL0004304,TXN00091492,Insufficient Balance,1,Unresolved
FAIL0004305,TXN00091497,Payment Gateway Error,1,Resolved
FAIL0004306,TXN00091500,Limit Exceeded,1,Resolved
FAIL0004307,TXN00091518,Limit Exceeded,1,Resolved
FAIL0004308,TXN00091571,Bank Server Error,1,Resolved
FAIL0004309,TXN00091644,Bank Server Error,2,Resolved
FAIL0004310,TXN00091652,Network Error,2,Resolved
FAIL0004311,TXN00091666,Payment Gateway Error,3,Resolved
FAIL0004312,TXN00091680,Invalid PIN,2,Unresolved
FAIL0004313,TXN00091711,Payment Gateway Error,2,Resolved
FAIL0004314,TXN00091712,Network Error,3,Resolved
FAIL0004315,TXN00091718,Bank Server Error,2,Unresolved
FAIL0004316,TXN00091756,Invalid PIN,1,Resolved
FAIL0004317,TXN00091765,Timeout,1,Unresolved
FAIL0004318,TXN00091805,Limit Exceeded,1,Resolved
FAIL0004319,TXN00091810,Bank Server Error,1,Resolved
FAIL0004320,TXN00091851,Bank Server Error,1,Unresolved
FAIL0004321,TXN00091860,Insufficient Balance,2,Unresolved
FAIL0004322,TXN00091897,Network Error,3,Resolved
FAIL0004323,TXN00091955,Bank Server Error,1,Resolved
FAIL0004324,TXN00091974,Insufficient Balance,1,Unresolved
FAIL0004325,TXN00091978,Bank Server Error,2,Resolved
FAIL0004326,TXN00092007,Insufficient Balance,1,Resolved
FAIL0004327,TXN00092025,Invalid PIN,1,Unresolved
FAIL0004328,TXN00092080,Bank Server Error,1,Unresolved
FAIL0004329,TXN00092088,Network Error,1,Resolved
FAIL0004330,TXN00092092,Bank Server Error,2,Resolved
FAIL0004331,TXN00092121,Bank Server Error,1,Unresolved
FAIL0004332,TXN00092160,Payment Gateway Error,2,Resolved
FAIL0004333,TXN00092174,Insufficient Balance,1,Unresolved
FAIL0004334,TXN00092186,Bank Server Error,1,Resolved
FAIL0004335,TXN00092228,Insufficient Balance,1,Unresolved
FAIL0004336,TXN00092250,Invalid PIN,2,Resolved
FAIL0004337,TXN00092271,Insufficient Balance,2,Resolved
FAIL0004338,TXN00092278,Network Error,2,Resolved
FAIL0004339,TXN00092300,Insufficient Balance,1,Resolved
FAIL0004340,TXN00092333,Limit Exceeded,1,Resolved
FAIL0004341,TXN00092335,Invalid PIN,1,Resolved
FAIL0004342,TXN00092339,Bank Server Error,1,Resolved
FAIL0004343,TXN00092341,Invalid PIN,1,Resolved
FAIL0004344,TXN00092361,Limit Exceeded,2,Resolved
FAIL0004345,TXN00092382,Insufficient Balance,1,Resolved
FAIL0004346,TXN00092383,Bank Server Error,1,Resolved
FAIL0004347,TXN00092397,Bank Server Error,1,Unresolved
FAIL0004348,TXN00092417,Insufficient Balance,1,Resolved
FAIL0004349,TXN00092440,Insufficient Balance,2,Resolved
FAIL0004350,TXN00092454,Invalid PIN,1,Unresolved
FAIL0004351,TXN00092480,Payment Gateway Error,1,Unresolved
FAIL0004352,TXN00092491,Limit Exceeded,1,Resolved
FAIL0004353,TXN00092498,Limit Exceeded,1,Unresolved
FAIL0004354,TXN00092505,Network Error,1,Unresolved
FAIL0004355,TXN00092509,Bank Server Error,1,Resolved
FAIL0004356,TXN00092555,Payment Gateway Error,1,Resolved
FAIL0004357,TXN00092577,Bank Server Error,1,Unresolved
FAIL0004358,TXN00092609,Limit Exceeded,1,Resolved
FAIL0004359,TXN00092642,Network Error,2,Unresolved
FAIL0004360,TXN00092650,Payment Gateway Error,1,Unresolved
FAIL0004361,TXN00092656,Insufficient Balance,2,Resolved
FAIL0004362,TXN00092695,Limit Exceeded,1,Resolved
FAIL0004363,TXN00092726,Network Error,2,Resolved
FAIL0004364,TXN00092732,Insufficient Balance,3,Resolved
FAIL0004365,TXN00092737,Insufficient Balance,1,Resolved
FAIL0004366,TXN00092824,Invalid PIN,1,Resolved
FAIL0004367,TXN00092858,Payment Gateway Error,3,Resolved
FAIL0004368,TXN00092865,Limit Exceeded,2,Unresolved
FAIL0004369,TXN00092881,Insufficient Balance,1,Unresolved
FAIL0004370,TXN00092903,Payment Gateway Error,1,Unresolved
FAIL0004371,TXN00092906,Limit Exceeded,2,Resolved
FAIL0004372,TXN00092916,Insufficient Balance,2,Unresolved
FAIL0004373,TXN00092931,Limit Exceeded,1,Resolved
FAIL0004374,TXN00092937,Invalid PIN,2,Resolved
FAIL0004375,TXN00092938,Insufficient Balance,1,Resolved
FAIL0004376,TXN00092981,Network Error,1,Unresolved
FAIL0004377,TXN00092985,Invalid PIN,3,Resolved
FAIL0004378,TXN00093008,Payment Gateway Error,1,Resolved
FAIL0004379,TXN00093018,Bank Server Error,2,Resolved
FAIL0004380,TXN00093025,Network Error,1,Resolved
FAIL0004381,TXN00093029,Invalid PIN,1,Unresolved
FAIL0004382,TXN00093041,Limit Exceeded,1,Unresolved
FAIL0004383,TXN00093074,Bank Server Error,2,Resolved
FAIL0004384,TXN00093100,Bank Server Error,1,Unresolved
FAIL0004385,TXN00093129,Bank Server Error,1,Resolved
FAIL0004386,TXN00093135,Invalid PIN,1,Resolved
FAIL0004387,TXN00093234,Insufficient Balance,1,Resolved
FAIL0004388,TXN00093249,Bank Server Error,1,Unresolved
FAIL0004389,TXN00093258,Network Error,1,Unresolved
FAIL0004390,TXN00093264,Invalid PIN,1,Unresolved
FAIL0004391,TXN00093292,Timeout,3,Resolved
FAIL0004392,TXN00093310,Payment Gateway Error,1,Resolved
FAIL0004393,TXN00093311,Insufficient Balance,1,Resolved
FAIL0004394,TXN00093320,Bank Server Error,1,Resolved
FAIL0004395,TXN00093364,Bank Server Error,2,Resolved
FAIL0004396,TXN00093374,Insufficient Balance,1,Unresolved
FAIL0004397,TXN00093418,Network Error,2,Resolved
FAIL0004398,TXN00093419,Limit Exceeded,1,Resolved
FAIL0004399,TXN00093428,Timeout,3,Resolved
FAIL0004400,TXN00093435,Bank Server Error,2,Resolved
FAIL0004401,TXN00093473,Insufficient Balance,1,Unresolved
FAIL0004402,TXN00093494,Bank Server Error,1,Unresolved
FAIL0004403,TXN00093521,Timeout,1,Resolved
FAIL0004404,TXN00093552,Invalid PIN,3,Resolved
FAIL0004405,TXN00093580,Invalid PIN,1,Resolved
FAIL0004406,TXN00093599,Network Error,2,Unresolved
FAIL0004407,TXN00093604,Timeout,1,Resolved
FAIL0004408,TXN00093606,Network Error,1,Unresolved
FAIL0004409,TXN00093634,Bank Server Error,1,Resolved
FAIL0004410,TXN00093646,Insufficient Balance,1,Resolved
FAIL0004411,TXN00093691,Invalid PIN,1,Resolved
FAIL0004412,TXN00093695,Payment Gateway Error,2,Resolved
FAIL0004413,TXN00093700,Invalid PIN,2,Resolved
FAIL0004414,TXN00093717,Payment Gateway Error,1,Resolved
FAIL0004415,TXN00093723,Bank Server Error,3,Resolved
FAIL0004416,TXN00093726,Bank Server Error,2,Resolved
FAIL0004417,TXN00093732,Bank Server Error,1,Unresolved
FAIL0004418,TXN00093739,Insufficient Balance,1,Unresolved
FAIL0004419,TXN00093743,Limit Exceeded,1,Unresolved
FAIL0004420,TXN00093762,Timeout,1,Unresolved
FAIL0004421,TXN00093764,Payment Gateway Error,1,Resolved
FAIL0004422,TXN00093772,Timeout,1,Unresolved
FAIL0004423,TXN00093794,Insufficient Balance,1,Resolved
FAIL0004424,TXN00093801,Limit Exceeded,1,Unresolved
FAIL0004425,TXN00093808,Timeout,1,Resolved
FAIL0004426,TXN00093856,Invalid PIN,1,Unresolved
FAIL0004427,TXN00093917,Insufficient Balance,1,Unresolved
FAIL0004428,TXN00093919,Insufficient Balance,1,Resolved
FAIL0004429,TXN00093922,Bank Server Error,1,Unresolved
FAIL0004430,TXN00093953,Network Error,1,Unresolved
FAIL0004431,TXN00093992,Timeout,1,Resolved
FAIL0004432,TXN00093994,Limit Exceeded,1,Resolved
FAIL0004433,TXN00093998,Timeout,1,Resolved
FAIL0004434,TXN00094053,Limit Exceeded,1,Unresolved
FAIL0004435,TXN00094055,Timeout,2,Resolved
FAIL0004436,TXN00094060,Bank Server Error,1,Resolved
FAIL0004437,TXN00094085,Insufficient Balance,1,Resolved
FAIL0004438,TXN00094124,Invalid PIN,2,Resolved
FAIL0004439,TXN00094166,Payment Gateway Error,3,Resolved
FAIL0004440,TXN00094197,Payment Gateway Error,2,Resolved
FAIL0004441,TXN00094202,Payment Gateway Error,3,Resolved
FAIL0004442,TXN00094211,Payment Gateway Error,2,Unresolved
FAIL0004443,TXN00094224,Network Error,1,Resolved
FAIL0004444,TXN00094225,Network Error,1,Resolved
FAIL0004445,TXN00094236,Limit Exceeded,1,Resolved
FAIL0004446,TXN00094250,Limit Exceeded,1,Resolved
FAIL0004447,TXN00094261,Bank Server Error,1,Unresolved
FAIL0004448,TXN00094288,Insufficient Balance,1,Unresolved
FAIL0004449,TXN00094320,Bank Server Error,1,Resolved
FAIL0004450,TXN00094323,Payment Gateway Error,1,Unresolved
FAIL0004451,TXN00094334,Insufficient Balance,2,Resolved
FAIL0004452,TXN00094342,Limit Exceeded,1,Unresolved
FAIL0004453,TXN00094371,Limit Exceeded,1,Unresolved
FAIL0004454,TXN00094391,Payment Gateway Error,1,Unresolved
FAIL0004455,TXN00094400,Payment Gateway Error,2,Resolved
FAIL0004456,TXN00094428,Limit Exceeded,1,Unresolved
FAIL0004457,TXN00094431,Payment Gateway Error,1,Resolved
FAIL0004458,TXN00094474,Payment Gateway Error,2,Resolved
FAIL0004459,TXN00094492,Payment Gateway Error,1,Resolved
FAIL0004460,TXN00094538,Payment Gateway Error,2,Resolved
FAIL0004461,TXN00094546,Bank Server Error,1,Resolved
FAIL0004462,TXN00094560,Payment Gateway Error,3,Resolved
FAIL0004463,TXN00094562,Bank Server Error,1,Resolved
FAIL0004464,TXN00094572,Limit Exceeded,1,Resolved
FAIL0004465,TXN00094606,Bank Server Error,1,Unresolved
FAIL0004466,TXN00094647,Payment Gateway Error,2,Resolved
FAIL0004467,TXN00094649,Payment Gateway Error,1,Unresolved
FAIL0004468,TXN00094683,Payment Gateway Error,1,Unresolved
FAIL0004469,TXN00094691,Limit Exceeded,1,Resolved
FAIL0004470,TXN00094723,Insufficient Balance,1,Resolved
FAIL0004471,TXN00094725,Payment Gateway Error,3,Resolved
FAIL0004472,TXN00094745,Payment Gateway Error,1,Unresolved
FAIL0004473,TXN00094749,Bank Server Error,1,Resolved
FAIL0004474,TXN00094764,Insufficient Balance,2,Resolved
FAIL0004475,TXN00094790,Timeout,3,Unresolved
FAIL0004476,TXN00094844,Insufficient Balance,1,Unresolved
FAIL0004477,TXN00094858,Limit Exceeded,1,Unresolved
FAIL0004478,TXN00094893,Bank Server Error,1,Unresolved
FAIL0004479,TXN00094910,Limit Exceeded,1,Resolved
FAIL0004480,TXN00094914,Payment Gateway Error,1,Resolved
FAIL0004481,TXN00094915,Insufficient Balance,1,Resolved
FAIL0004482,TXN00094977,Invalid PIN,1,Unresolved
FAIL0004483,TXN00094980,Bank Server Error,2,Resolved
FAIL0004484,TXN00094990,Invalid PIN,1,Resolved
FAIL0004485,TXN00095039,Invalid PIN,1,Resolved
FAIL0004486,TXN00095043,Bank Server Error,1,Resolved
FAIL0004487,TXN00095048,Network Error,2,Resolved
FAIL0004488,TXN00095056,Insufficient Balance,1,Unresolved
FAIL0004489,TXN00095113,Network Error,1,Resolved
FAIL0004490,TXN00095114,Insufficient Balance,1,Unresolved
FAIL0004491,TXN00095194,Payment Gateway Error,1,Resolved
FAIL0004492,TXN00095298,Invalid PIN,1,Unresolved
FAIL0004493,TXN00095335,Limit Exceeded,1,Resolved
FAIL0004494,TXN00095360,Limit Exceeded,3,Resolved
FAIL0004495,TXN00095375,Bank Server Error,1,Resolved
FAIL0004496,TXN00095376,Limit Exceeded,1,Unresolved
FAIL0004497,TXN00095395,Insufficient Balance,2,Resolved
FAIL0004498,TXN00095406,Bank Server Error,1,Resolved
FAIL0004499,TXN00095408,Insufficient Balance,1,Resolved
FAIL0004500,TXN00095415,Insufficient Balance,1,Unresolved
FAIL0004501,TXN00095437,Timeout,2,Resolved
FAIL0004502,TXN00095441,Insufficient Balance,1,Resolved
FAIL0004503,TXN00095457,Limit Exceeded,1,Unresolved
FAIL0004504,TXN00095463,Limit Exceeded,1,Resolved
FAIL0004505,TXN00095534,Insufficient Balance,1,Unresolved
FAIL0004506,TXN00095572,Network Error,2,Resolved
FAIL0004507,TXN00095648,Bank Server Error,1,Resolved
FAIL0004508,TXN00095719,Limit Exceeded,1,Resolved
FAIL0004509,TXN00095722,Limit Exceeded,2,Resolved
FAIL0004510,TXN00095754,Insufficient Balance,1,Unresolved
FAIL0004511,TXN00095760,Payment Gateway Error,1,Resolved
FAIL0004512,TXN00095766,Payment Gateway Error,1,Resolved
FAIL0004513,TXN00095812,Insufficient Balance,1,Resolved
FAIL0004514,TXN00095813,Bank Server Error,1,Unresolved
FAIL0004515,TXN00095823,Bank Server Error,1,Resolved
FAIL0004516,TXN00095860,Insufficient Balance,2,Unresolved
FAIL0004517,TXN00095921,Invalid PIN,1,Resolved
FAIL0004518,TXN00095925,Timeout,1,Unresolved
FAIL0004519,TXN00095947,Bank Server Error,1,Resolved
FAIL0004520,TXN00095993,Insufficient Balance,1,Unresolved
FAIL0004521,TXN00095995,Timeout,1,Unresolved
FAIL0004522,TXN00095998,Insufficient Balance,1,Resolved
FAIL0004523,TXN00096000,Insufficient Balance,2,Resolved
FAIL0004524,TXN00096006,Limit Exceeded,1,Resolved
FAIL0004525,TXN00096029,Payment Gateway Error,2,Resolved
FAIL0004526,TXN00096038,Bank Server Error,1,Unresolved
FAIL0004527,TXN00096055,Bank Server Error,1,Unresolved
FAIL0004528,TXN00096084,Timeout,1,Resolved
FAIL0004529,TXN00096106,Network Error,1,Unresolved
FAIL0004530,TXN00096114,Limit Exceeded,1,Resolved
FAIL0004531,TXN00096123,Invalid PIN,2,Resolved
FAIL0004532,TXN00096141,Insufficient Balance,1,Resolved
FAIL0004533,TXN00096202,Insufficient Balance,1,Resolved
FAIL0004534,TXN00096225,Invalid PIN,1,Resolved
FAIL0004535,TXN00096274,Payment Gateway Error,1,Resolved
FAIL0004536,TXN00096281,Bank Server Error,1,Resolved
FAIL0004537,TXN00096292,Timeout,1,Resolved
FAIL0004538,TXN00096320,Limit Exceeded,1,Unresolved
FAIL0004539,TXN00096378,Insufficient Balance,1,Unresolved
FAIL0004540,TXN00096396,Bank Server Error,1,Resolved
FAIL0004541,TXN00096405,Payment Gateway Error,1,Resolved
FAIL0004542,TXN00096428,Insufficient Balance,1,Unresolved
FAIL0004543,TXN00096490,Bank Server Error,1,Resolved
FAIL0004544,TXN00096494,Timeout,1,Unresolved
FAIL0004545,TXN00096539,Insufficient Balance,1,Resolved
FAIL0004546,TXN00096563,Bank Server Error,1,Unresolved
FAIL0004547,TXN00096566,Payment Gateway Error,1,Resolved
FAIL0004548,TXN00096580,Network Error,2,Resolved
FAIL0004549,TXN00096581,Limit Exceeded,1,Unresolved
FAIL0004550,TXN00096643,Payment Gateway Error,2,Resolved
FAIL0004551,TXN00096650,Limit Exceeded,2,Resolved
FAIL0004552,TXN00096651,Timeout,2,Unresolved
FAIL0004553,TXN00096661,Bank Server Error,1,Resolved
FAIL0004554,TXN00096710,Limit Exceeded,1,Unresolved
FAIL0004555,TXN00096721,Timeout,1,Resolved
FAIL0004556,TXN00096759,Payment Gateway Error,1,Unresolved
FAIL0004557,TXN00096775,Insufficient Balance,1,Unresolved
FAIL0004558,TXN00096783,Timeout,2,Resolved
FAIL0004559,TXN00096790,Network Error,1,Resolved
FAIL0004560,TXN00096791,Bank Server Error,1,Resolved
FAIL0004561,TXN00096802,Payment Gateway Error,1,Resolved
FAIL0004562,TXN00096822,Bank Server Error,1,Resolved
FAIL0004563,TXN00096862,Timeout,1,Resolved
FAIL0004564,TXN00096879,Timeout,2,Resolved
FAIL0004565,TXN00096884,Payment Gateway Error,2,Resolved
FAIL0004566,TXN00096904,Insufficient Balance,1,Resolved
FAIL0004567,TXN00096953,Bank Server Error,2,Unresolved
FAIL0004568,TXN00096979,Limit Exceeded,1,Resolved
FAIL0004569,TXN00097023,Timeout,3,Unresolved
FAIL0004570,TXN00097042,Timeout,1,Resolved
FAIL0004571,TXN00097063,Network Error,1,Resolved
FAIL0004572,TXN00097082,Insufficient Balance,3,Resolved
FAIL0004573,TXN00097090,Payment Gateway Error,1,Unresolved
FAIL0004574,TXN00097094,Bank Server Error,1,Unresolved
FAIL0004575,TXN00097103,Payment Gateway Error,2,Resolved
FAIL0004576,TXN00097182,Invalid PIN,1,Resolved
FAIL0004577,TXN00097190,Insufficient Balance,1,Resolved
FAIL0004578,TXN00097213,Network Error,1,Unresolved
FAIL0004579,TXN00097222,Limit Exceeded,2,Resolved
FAIL0004580,TXN00097235,Payment Gateway Error,1,Unresolved
FAIL0004581,TXN00097262,Bank Server Error,1,Resolved
FAIL0004582,TXN00097272,Payment Gateway Error,1,Resolved
FAIL0004583,TXN00097330,Limit Exceeded,1,Unresolved
FAIL0004584,TXN00097358,Bank Server Error,2,Unresolved
FAIL0004585,TXN00097368,Payment Gateway Error,1,Unresolved
FAIL0004586,TXN00097388,Limit Exceeded,3,Resolved
FAIL0004587,TXN00097436,Bank Server Error,1,Resolved
FAIL0004588,TXN00097449,Payment Gateway Error,1,Resolved
FAIL0004589,TXN00097472,Bank Server Error,1,Resolved
FAIL0004590,TXN00097481,Limit Exceeded,1,Resolved
FAIL0004591,TXN00097508,Limit Exceeded,1,Resolved
FAIL0004592,TXN00097513,Timeout,2,Resolved
FAIL0004593,TXN00097532,Payment Gateway Error,1,Unresolved
FAIL0004594,TXN00097542,Insufficient Balance,1,Resolved
FAIL0004595,TXN00097548,Limit Exceeded,1,Resolved
FAIL0004596,TXN00097556,Insufficient Balance,1,Unresolved
FAIL0004597,TXN00097561,Payment Gateway Error,2,Resolved
FAIL0004598,TXN00097568,Limit Exceeded,1,Resolved
FAIL0004599,TXN00097605,Bank Server Error,2,Resolved
FAIL0004600,TXN00097631,Invalid PIN,1,Resolved
FAIL0004601,TXN00097646,Insufficient Balance,1,Resolved
FAIL0004602,TXN00097682,Insufficient Balance,1,Resolved
FAIL0004603,TXN00097711,Limit Exceeded,1,Resolved
FAIL0004604,TXN00097713,Timeout,2,Resolved
FAIL0004605,TXN00097716,Insufficient Balance,1,Resolved
FAIL0004606,TXN00097718,Insufficient Balance,3,Unresolved
FAIL0004607,TXN00097745,Limit Exceeded,3,Resolved
FAIL0004608,TXN00097764,Bank Server Error,1,Resolved
FAIL0004609,TXN00097783,Payment Gateway Error,1,Resolved
FAIL0004610,TXN00097900,Network Error,1,Resolved
FAIL0004611,TXN00097958,Insufficient Balance,1,Unresolved
FAIL0004612,TXN00098003,Limit Exceeded,1,Resolved
FAIL0004613,TXN00098005,Limit Exceeded,1,Resolved
FAIL0004614,TXN00098007,Limit Exceeded,1,Unresolved
FAIL0004615,TXN00098023,Bank Server Error,2,Resolved
FAIL0004616,TXN00098029,Payment Gateway Error,1,Unresolved
FAIL0004617,TXN00098039,Limit Exceeded,1,Resolved
FAIL0004618,TXN00098085,Insufficient Balance,1,Resolved
FAIL0004619,TXN00098118,Payment Gateway Error,3,Resolved
FAIL0004620,TXN00098156,Bank Server Error,2,Unresolved
FAIL0004621,TXN00098185,Limit Exceeded,2,Resolved
FAIL0004622,TXN00098200,Bank Server Error,1,Unresolved
FAIL0004623,TXN00098204,Payment Gateway Error,3,Resolved
FAIL0004624,TXN00098218,Payment Gateway Error,1,Resolved
FAIL0004625,TXN00098228,Limit Exceeded,2,Resolved
FAIL0004626,TXN00098248,Insufficient Balance,1,Unresolved
FAIL0004627,TXN00098257,Bank Server Error,1,Resolved
FAIL0004628,TXN00098279,Payment Gateway Error,1,Unresolved
FAIL0004629,TXN00098292,Timeout,1,Unresolved
FAIL0004630,TXN00098300,Insufficient Balance,1,Resolved
FAIL0004631,TXN00098306,Payment Gateway Error,1,Resolved
FAIL0004632,TXN00098316,Insufficient Balance,1,Unresolved
FAIL0004633,TXN00098348,Bank Server Error,2,Resolved
FAIL0004634,TXN00098357,Bank Server Error,3,Resolved
FAIL0004635,TXN00098358,Network Error,2,Resolved
FAIL0004636,TXN00098368,Payment Gateway Error,2,Resolved
FAIL0004637,TXN00098451,Bank Server Error,1,Resolved
FAIL0004638,TXN00098460,Limit Exceeded,1,Unresolved
FAIL0004639,TXN00098473,Payment Gateway Error,1,Unresolved
FAIL0004640,TXN00098485,Bank Server Error,1,Resolved
FAIL0004641,TXN00098534,Insufficient Balance,2,Resolved
FAIL0004642,TXN00098554,Limit Exceeded,2,Unresolved
FAIL0004643,TXN00098600,Payment Gateway Error,1,Resolved
FAIL0004644,TXN00098667,Timeout,3,Resolved
FAIL0004645,TXN00098675,Bank Server Error,1,Resolved
FAIL0004646,TXN00098679,Invalid PIN,1,Unresolved
FAIL0004647,TXN00098714,Insufficient Balance,2,Unresolved
FAIL0004648,TXN00098778,Network Error,2,Resolved
FAIL0004649,TXN00098805,Payment Gateway Error,2,Resolved
FAIL0004650,TXN00098848,Insufficient Balance,1,Unresolved
FAIL0004651,TXN00098866,Limit Exceeded,1,Resolved
FAIL0004652,TXN00098946,Bank Server Error,1,Resolved
FAIL0004653,TXN00098959,Bank Server Error,1,Resolved
FAIL0004654,TXN00099002,Network Error,1,Unresolved
FAIL0004655,TXN00099053,Payment Gateway Error,1,Unresolved
FAIL0004656,TXN00099068,Limit Exceeded,1,Unresolved
FAIL0004657,TXN00099105,Bank Server Error,1,Unresolved
FAIL0004658,TXN00099141,Bank Server Error,1,Unresolved
FAIL0004659,TXN00099158,Network Error,1,Unresolved
FAIL0004660,TXN00099196,Insufficient Balance,1,Unresolved
FAIL0004661,TXN00099220,Limit Exceeded,1,Resolved
FAIL0004662,TXN00099256,Payment Gateway Error,1,Resolved
FAIL0004663,TXN00099262,Payment Gateway Error,1,Unresolved
FAIL0004664,TXN00099270,Insufficient Balance,3,Resolved
FAIL0004665,TXN00099280,Bank Server Error,1,Unresolved
FAIL0004666,TXN00099305,Network Error,1,Resolved
FAIL0004667,TXN00099317,Insufficient Balance,1,Unresolved
FAIL0004668,TXN00099319,Invalid PIN,2,Resolved
FAIL0004669,TXN00099323,Insufficient Balance,1,Resolved
FAIL0004670,TXN00099358,Timeout,1,Unresolved
FAIL0004671,TXN00099362,Payment Gateway Error,3,Resolved
FAIL0004672,TXN00099388,Limit Exceeded,3,Resolved
FAIL0004673,TXN00099391,Payment Gateway Error,2,Unresolved
FAIL0004674,TXN00099480,Bank Server Error,1,Unresolved
FAIL0004675,TXN00099504,Limit Exceeded,1,Resolved
FAIL0004676,TXN00099524,Insufficient Balance,1,Resolved
FAIL0004677,TXN00099553,Insufficient Balance,2,Resolved
FAIL0004678,TXN00099573,Timeout,2,Resolved
FAIL0004679,TXN00099594,Insufficient Balance,1,Unresolved
FAIL0004680,TXN00099596,Insufficient Balance,1,Resolved
FAIL0004681,TXN00099643,Payment Gateway Error,1,Unresolved
FAIL0004682,TXN00099759,Limit Exceeded,2,Resolved
FAIL0004683,TXN00099802,Bank Server Error,1,Resolved
FAIL0004684,TXN00099832,Timeout,1,Unresolved
FAIL0004685,TXN00099860,Invalid PIN,1,Resolved
FAIL0004686,TXN00099872,Payment Gateway Error,2,Resolved
FAIL0004687,TXN00099873,Invalid PIN,1,Unresolved
FAIL0004688,TXN00099885,Network Error,1,Unresolved
FAIL0004689,TXN00099935,Insufficient Balance,1,Resolved
FAIL0004690,TXN00099937,Invalid PIN,1,Unresolved
FAIL0004691,TXN00099982,Insufficient Balance,3,Unresolved
FAIL0004692,TXN00099988,Insufficient Balance,1,Unresolved
FAIL0004693,TXN00099995,Bank Server Error,1,Unresolved
FAIL0004694,TXN00100025,Payment Gateway Error,1,Resolved
FAIL0004695,TXN00100054,Network Error,1,Resolved
FAIL0004696,TXN00100079,Bank Server Error,1,Resolved
FAIL0004697,TXN00100083,Bank Server Error,1,Unresolved
FAIL0004698,TXN00100084,Bank Server Error,1,Resolved
FAIL0004699,TXN00100108,Bank Server Error,1,Resolved
FAIL0004700,TXN00100127,Network Error,1,Resolved
FAIL0004701,TXN00100156,Network Error,1,Resolved
FAIL0004702,TXN00100162,Payment Gateway Error,1,Unresolved
FAIL0004703,TXN00100193,Limit Exceeded,1,Resolved
FAIL0004704,TXN00100198,Limit Exceeded,2,Unresolved
FAIL0004705,TXN00100216,Network Error,2,Resolved
FAIL0004706,TXN00100244,Bank Server Error,2,Resolved
FAIL0004707,TXN00100304,Payment Gateway Error,2,Resolved
FAIL0004708,TXN00100307,Invalid PIN,2,Unresolved
FAIL0004709,TXN00100318,Payment Gateway Error,1,Resolved
FAIL0004710,TXN00100321,Timeout,1,Resolved
FAIL0004711,TXN00100324,Invalid PIN,1,Resolved
FAIL0004712,TXN00100331,Payment Gateway Error,1,Unresolved
FAIL0004713,TXN00100336,Insufficient Balance,1,Resolved
FAIL0004714,TXN00100398,Timeout,2,Resolved
FAIL0004715,TXN00100403,Insufficient Balance,2,Unresolved
FAIL0004716,TXN00100446,Bank Server Error,1,Resolved
FAIL0004717,TXN00100448,Bank Server Error,1,Unresolved
FAIL0004718,TXN00100474,Payment Gateway Error,1,Resolved
FAIL0004719,TXN00100475,Insufficient Balance,1,Unresolved
FAIL0004720,TXN00100509,Bank Server Error,1,Unresolved
FAIL0004721,TXN00100522,Insufficient Balance,2,Resolved
FAIL0004722,TXN00100539,Limit Exceeded,1,Unresolved
FAIL0004723,TXN00100622,Payment Gateway Error,1,Resolved
FAIL0004724,TXN00100660,Payment Gateway Error,1,Unresolved
FAIL0004725,TXN00100713,Network Error,1,Unresolved
FAIL0004726,TXN00100714,Bank Server Error,2,Unresolved
FAIL0004727,TXN00100715,Bank Server Error,1,Resolved
FAIL0004728,TXN00100735,Insufficient Balance,1,Unresolved
FAIL0004729,TXN00100754,Payment Gateway Error,2,Resolved
FAIL0004730,TXN00100794,Limit Exceeded,1,Unresolved
FAIL0004731,TXN00100839,Timeout,1,Unresolved
FAIL0004732,TXN00100849,Limit Exceeded,2,Resolved
FAIL0004733,TXN00100875,Payment Gateway Error,1,Resolved
FAIL0004734,TXN00100898,Bank Server Error,1,Resolved
FAIL0004735,TXN00100925,Bank Server Error,1,Unresolved
FAIL0004736,TXN00100932,Bank Server Error,1,Resolved
FAIL0004737,TXN00100954,Bank Server Error,3,Resolved
FAIL0004738,TXN00100957,Bank Server Error,1,Unresolved
FAIL0004739,TXN00101018,Bank Server Error,1,Unresolved
FAIL0004740,TXN00101146,Payment Gateway Error,3,Resolved
FAIL0004741,TXN00101148,Insufficient Balance,1,Resolved
FAIL0004742,TXN00101168,Bank Server Error,2,Resolved
FAIL0004743,TXN00101174,Insufficient Balance,1,Resolved
FAIL0004744,TXN00101246,Timeout,3,Resolved
FAIL0004745,TXN00101260,Insufficient Balance,1,Resolved
FAIL0004746,TXN00101266,Bank Server Error,1,Unresolved
FAIL0004747,TXN00101269,Payment Gateway Error,1,Resolved
FAIL0004748,TXN00101271,Network Error,1,Resolved
FAIL0004749,TXN00101275,Payment Gateway Error,1,Unresolved
FAIL0004750,TXN00101295,Limit Exceeded,1,Resolved
FAIL0004751,TXN00101301,Bank Server Error,1,Resolved
FAIL0004752,TXN00101322,Insufficient Balance,2,Resolved
FAIL0004753,TXN00101365,Bank Server Error,2,Resolved
FAIL0004754,TXN00101376,Network Error,1,Resolved
FAIL0004755,TXN00101412,Bank Server Error,1,Resolved
FAIL0004756,TXN00101457,Payment Gateway Error,1,Resolved
FAIL0004757,TXN00101460,Bank Server Error,2,Resolved
FAIL0004758,TXN00101469,Bank Server Error,1,Unresolved
FAIL0004759,TXN00101475,Bank Server Error,1,Resolved
FAIL0004760,TXN00101482,Timeout,1,Unresolved
FAIL0004761,TXN00101484,Payment Gateway Error,1,Unresolved
FAIL0004762,TXN00101528,Invalid PIN,2,Resolved
FAIL0004763,TXN00101535,Limit Exceeded,1,Resolved
FAIL0004764,TXN00101548,Limit Exceeded,1,Resolved
FAIL0004765,TXN00101562,Bank Server Error,1,Resolved
FAIL0004766,TXN00101569,Network Error,3,Unresolved
FAIL0004767,TXN00101591,Limit Exceeded,2,Resolved
FAIL0004768,TXN00101616,Bank Server Error,1,Resolved
FAIL0004769,TXN00101619,Network Error,3,Resolved
FAIL0004770,TXN00101626,Insufficient Balance,1,Resolved
FAIL0004771,TXN00101682,Payment Gateway Error,1,Resolved
FAIL0004772,TXN00101709,Network Error,2,Resolved
FAIL0004773,TXN00101740,Payment Gateway Error,1,Resolved
FAIL0004774,TXN00101744,Bank Server Error,1,Unresolved
FAIL0004775,TXN00101747,Payment Gateway Error,1,Resolved
FAIL0004776,TXN00101778,Network Error,1,Resolved
FAIL0004777,TXN00101785,Network Error,1,Resolved
FAIL0004778,TXN00101808,Insufficient Balance,3,Resolved
FAIL0004779,TXN00101818,Limit Exceeded,3,Resolved
FAIL0004780,TXN00101833,Payment Gateway Error,2,Resolved
FAIL0004781,TXN00101889,Insufficient Balance,2,Resolved
FAIL0004782,TXN00101891,Insufficient Balance,1,Unresolved
FAIL0004783,TXN00101907,Network Error,1,Resolved
FAIL0004784,TXN00101947,Limit Exceeded,1,Unresolved
FAIL0004785,TXN00101950,Network Error,1,Resolved
FAIL0004786,TXN00102021,Insufficient Balance,1,Resolved
FAIL0004787,TXN00102031,Invalid PIN,1,Unresolved
FAIL0004788,TXN00102067,Network Error,1,Unresolved
FAIL0004789,TXN00102100,Bank Server Error,2,Unresolved
FAIL0004790,TXN00102105,Bank Server Error,1,Resolved
FAIL0004791,TXN00102120,Invalid PIN,1,Unresolved
FAIL0004792,TXN00102131,Limit Exceeded,1,Resolved
FAIL0004793,TXN00102191,Limit Exceeded,1,Resolved
FAIL0004794,TXN00102192,Timeout,1,Resolved
FAIL0004795,TXN00102225,Network Error,1,Unresolved
FAIL0004796,TXN00102262,Invalid PIN,1,Resolved
FAIL0004797,TXN00102263,Payment Gateway Error,1,Resolved
FAIL0004798,TXN00102283,Insufficient Balance,1,Unresolved
FAIL0004799,TXN00102321,Network Error,1,Unresolved
FAIL0004800,TXN00102352,Bank Server Error,1,Resolved
FAIL0004801,TXN00102370,Bank Server Error,1,Resolved
FAIL0004802,TXN00102372,Bank Server Error,3,Resolved
FAIL0004803,TXN00102404,Insufficient Balance,1,Unresolved
FAIL0004804,TXN00102419,Invalid PIN,1,Unresolved
FAIL0004805,TXN00102440,Limit Exceeded,1,Resolved
FAIL0004806,TXN00102451,Timeout,1,Unresolved
FAIL0004807,TXN00102453,Payment Gateway Error,1,Resolved
FAIL0004808,TXN00102461,Bank Server Error,1,Unresolved
FAIL0004809,TXN00102479,Bank Server Error,1,Resolved
FAIL0004810,TXN00102485,Network Error,2,Unresolved
FAIL0004811,TXN00102487,Insufficient Balance,1,Resolved
FAIL0004812,TXN00102488,Insufficient Balance,3,Resolved
FAIL0004813,TXN00102512,Limit Exceeded,1,Resolved
FAIL0004814,TXN00102557,Bank Server Error,1,Unresolved
FAIL0004815,TXN00102581,Timeout,1,Unresolved
FAIL0004816,TXN00102590,Bank Server Error,2,Resolved
FAIL0004817,TXN00102595,Bank Server Error,2,Resolved
FAIL0004818,TXN00102627,Limit Exceeded,2,Resolved
FAIL0004819,TXN00102629,Invalid PIN,1,Resolved
FAIL0004820,TXN00102644,Network Error,2,Resolved
FAIL0004821,TXN00102722,Payment Gateway Error,1,Unresolved
FAIL0004822,TXN00102748,Limit Exceeded,3,Resolved
FAIL0004823,TXN00102749,Insufficient Balance,1,Resolved
FAIL0004824,TXN00102785,Insufficient Balance,2,Resolved
FAIL0004825,TXN00102790,Bank Server Error,1,Unresolved
FAIL0004826,TXN00102794,Limit Exceeded,1,Unresolved
FAIL0004827,TXN00102824,Bank Server Error,2,Resolved
FAIL0004828,TXN00102829,Timeout,3,Resolved
FAIL0004829,TXN00102847,Payment Gateway Error,1,Resolved
FAIL0004830,TXN00102849,Insufficient Balance,1,Resolved
FAIL0004831,TXN00102856,Invalid PIN,1,Resolved
FAIL0004832,TXN00102869,Bank Server Error,1,Resolved
FAIL0004833,TXN00102876,Network Error,1,Resolved
FAIL0004834,TXN00102879,Network Error,1,Unresolved
FAIL0004835,TXN00102905,Bank Server Error,1,Resolved
FAIL0004836,TXN00102917,Timeout,1,Resolved
FAIL0004837,TXN00102921,Bank Server Error,1,Resolved
FAIL0004838,TXN00102928,Limit Exceeded,1,Resolved
FAIL0004839,TXN00102936,Payment Gateway Error,1,Resolved
FAIL0004840,TXN00102991,Invalid PIN,1,Unresolved
FAIL0004841,TXN00103018,Payment Gateway Error,1,Resolved
FAIL0004842,TXN00103051,Network Error,1,Resolved
FAIL0004843,TXN00103062,Network Error,1,Unresolved
FAIL0004844,TXN00103069,Bank Server Error,1,Resolved
FAIL0004845,TXN00103080,Network Error,1,Unresolved
FAIL0004846,TXN00103133,Payment Gateway Error,1,Resolved
FAIL0004847,TXN00103167,Network Error,2,Unresolved
FAIL0004848,TXN00103168,Timeout,2,Resolved
FAIL0004849,TXN00103187,Payment Gateway Error,3,Unresolved
FAIL0004850,TXN00103194,Insufficient Balance,1,Resolved
FAIL0004851,TXN00103210,Bank Server Error,2,Resolved
FAIL0004852,TXN00103228,Network Error,2,Resolved
FAIL0004853,TXN00103234,Payment Gateway Error,1,Resolved
FAIL0004854,TXN00103245,Bank Server Error,1,Unresolved
FAIL0004855,TXN00103297,Network Error,1,Unresolved
FAIL0004856,TXN00103362,Network Error,1,Unresolved
FAIL0004857,TXN00103370,Insufficient Balance,1,Unresolved
FAIL0004858,TXN00103379,Limit Exceeded,1,Resolved
FAIL0004859,TXN00103402,Timeout,3,Resolved
FAIL0004860,TXN00103473,Limit Exceeded,1,Resolved
FAIL0004861,TXN00103475,Insufficient Balance,1,Resolved
FAIL0004862,TXN00103482,Payment Gateway Error,1,Resolved
FAIL0004863,TXN00103584,Timeout,1,Unresolved
FAIL0004864,TXN00103618,Insufficient Balance,1,Resolved
FAIL0004865,TXN00103630,Limit Exceeded,1,Resolved
FAIL0004866,TXN00103633,Payment Gateway Error,2,Resolved
FAIL0004867,TXN00103650,Invalid PIN,1,Unresolved
FAIL0004868,TXN00103716,Insufficient Balance,2,Resolved
FAIL0004869,TXN00103725,Network Error,1,Unresolved
FAIL0004870,TXN00103731,Insufficient Balance,1,Resolved
FAIL0004871,TXN00103736,Limit Exceeded,1,Resolved
FAIL0004872,TXN00103750,Insufficient Balance,2,Unresolved
FAIL0004873,TXN00103755,Insufficient Balance,3,Resolved
FAIL0004874,TXN00103768,Limit Exceeded,1,Unresolved
FAIL0004875,TXN00103773,Timeout,1,Unresolved
FAIL0004876,TXN00103796,Insufficient Balance,1,Unresolved
FAIL0004877,TXN00103826,Invalid PIN,1,Resolved
FAIL0004878,TXN00103845,Payment Gateway Error,1,Unresolved
FAIL0004879,TXN00103850,Network Error,1,Resolved
FAIL0004880,TXN00103871,Payment Gateway Error,1,Unresolved
FAIL0004881,TXN00103884,Limit Exceeded,1,Unresolved
FAIL0004882,TXN00103943,Bank Server Error,1,Unresolved
FAIL0004883,TXN00103963,Limit Exceeded,1,Resolved
FAIL0004884,TXN00103969,Bank Server Error,1,Resolved
FAIL0004885,TXN00103988,Payment Gateway Error,1,Unresolved
FAIL0004886,TXN00104012,Limit Exceeded,1,Resolved
FAIL0004887,TXN00104038,Payment Gateway Error,1,Resolved
FAIL0004888,TXN00104048,Bank Server Error,3,Resolved
FAIL0004889,TXN00104057,Insufficient Balance,1,Resolved
FAIL0004890,TXN00104083,Insufficient Balance,1,Unresolved
FAIL0004891,TXN00104099,Bank Server Error,2,Unresolved
FAIL0004892,TXN00104174,Bank Server Error,1,Unresolved
FAIL0004893,TXN00104179,Bank Server Error,1,Resolved
FAIL0004894,TXN00104181,Limit Exceeded,1,Unresolved
FAIL0004895,TXN00104185,Insufficient Balance,1,Resolved
FAIL0004896,TXN00104187,Network Error,2,Resolved
FAIL0004897,TXN00104252,Bank Server Error,1,Resolved
FAIL0004898,TXN00104278,Limit Exceeded,1,Unresolved
FAIL0004899,TXN00104317,Network Error,2,Resolved
FAIL0004900,TXN00104347,Insufficient Balance,1,Unresolved
FAIL0004901,TXN00104349,Limit Exceeded,1,Resolved
FAIL0004902,TXN00104363,Limit Exceeded,2,Resolved
FAIL0004903,TXN00104367,Payment Gateway Error,1,Resolved
FAIL0004904,TXN00104375,Bank Server Error,2,Resolved
FAIL0004905,TXN00104377,Insufficient Balance,1,Resolved
FAIL0004906,TXN00104389,Limit Exceeded,2,Resolved
FAIL0004907,TXN00104402,Bank Server Error,1,Resolved
FAIL0004908,TXN00104445,Invalid PIN,2,Unresolved
FAIL0004909,TXN00104461,Insufficient Balance,1,Unresolved
FAIL0004910,TXN00104476,Payment Gateway Error,1,Unresolved
FAIL0004911,TXN00104508,Insufficient Balance,1,Resolved
FAIL0004912,TXN00104521,Network Error,1,Resolved
FAIL0004913,TXN00104550,Bank Server Error,1,Unresolved
FAIL0004914,TXN00104582,Payment Gateway Error,1,Resolved
FAIL0004915,TXN00104612,Payment Gateway Error,1,Unresolved
FAIL0004916,TXN00104628,Bank Server Error,1,Resolved
FAIL0004917,TXN00104661,Limit Exceeded,1,Resolved
FAIL0004918,TXN00104677,Payment Gateway Error,1,Unresolved
FAIL0004919,TXN00104711,Payment Gateway Error,1,Resolved
FAIL0004920,TXN00104737,Payment Gateway Error,1,Unresolved
FAIL0004921,TXN00104745,Insufficient Balance,1,Unresolved
FAIL0004922,TXN00104750,Network Error,1,Unresolved
FAIL0004923,TXN00104755,Network Error,1,Unresolved
FAIL0004924,TXN00104763,Bank Server Error,1,Resolved
FAIL0004925,TXN00104768,Invalid PIN,1,Resolved
FAIL0004926,TXN00104782,Bank Server Error,1,Resolved
FAIL0004927,TXN00104783,Network Error,1,Unresolved
FAIL0004928,TXN00104789,Network Error,1,Unresolved
FAIL0004929,TXN00104794,Timeout,1,Unresolved
FAIL0004930,TXN00104797,Bank Server Error,1,Unresolved
FAIL0004931,TXN00104825,Payment Gateway Error,1,Resolved
FAIL0004932,TXN00104841,Payment Gateway Error,1,Unresolved
FAIL0004933,TXN00104844,Payment Gateway Error,1,Resolved
FAIL0004934,TXN00104852,Payment Gateway Error,1,Unresolved
FAIL0004935,TXN00104879,Insufficient Balance,1,Resolved
FAIL0004936,TXN00104899,Insufficient Balance,1,Resolved
FAIL0004937,TXN00104919,Bank Server Error,1,Unresolved
FAIL0004938,TXN00104926,Bank Server Error,1,Resolved
FAIL0004939,TXN00104963,Limit Exceeded,1,Resolved
FAIL0004940,TXN00104973,Timeout,2,Resolved
FAIL0004941,TXN00104987,Insufficient Balance,1,Unresolved
FAIL0004942,TXN00104996,Network Error,1,Unresolved
FAIL0004943,TXN00105028,Bank Server Error,1,Unresolved
FAIL0004944,TXN00105050,Timeout,1,Unresolved
FAIL0004945,TXN00105067,Insufficient Balance,1,Resolved
FAIL0004946,TXN00105090,Limit Exceeded,2,Resolved
FAIL0004947,TXN00105108,Insufficient Balance,2,Unresolved
FAIL0004948,TXN00105131,Limit Exceeded,3,Resolved
FAIL0004949,TXN00105143,Bank Server Error,1,Resolved
FAIL0004950,TXN00105147,Payment Gateway Error,3,Resolved
FAIL0004951,TXN00105194,Payment Gateway Error,1,Unresolved
FAIL0004952,TXN00105221,Invalid PIN,1,Resolved
FAIL0004953,TXN00105232,Insufficient Balance,2,Resolved
FAIL0004954,TXN00105260,Bank Server Error,1,Unresolved
FAIL0004955,TXN00105270,Insufficient Balance,3,Resolved
FAIL0004956,TXN00105283,Limit Exceeded,3,Resolved
FAIL0004957,TXN00105291,Network Error,2,Resolved
FAIL0004958,TXN00105306,Network Error,1,Resolved
FAIL0004959,TXN00105320,Payment Gateway Error,1,Unresolved
FAIL0004960,TXN00105330,Limit Exceeded,3,Resolved
FAIL0004961,TXN00105356,Insufficient Balance,2,Unresolved
FAIL0004962,TXN00105358,Insufficient Balance,2,Resolved
FAIL0004963,TXN00105363,Payment Gateway Error,1,Resolved
FAIL0004964,TXN00105369,Limit Exceeded,1,Unresolved
FAIL0004965,TXN00105370,Insufficient Balance,1,Unresolved
FAIL0004966,TXN00105373,Bank Server Error,1,Resolved
FAIL0004967,TXN00105420,Limit Exceeded,1,Resolved
FAIL0004968,TXN00105431,Insufficient Balance,1,Unresolved
FAIL0004969,TXN00105444,Network Error,1,Resolved
FAIL0004970,TXN00105469,Bank Server Error,1,Resolved
FAIL0004971,TXN00105485,Timeout,1,Unresolved
FAIL0004972,TXN00105497,Limit Exceeded,1,Unresolved
FAIL0004973,TXN00105550,Payment Gateway Error,3,Resolved
FAIL0004974,TXN00105561,Limit Exceeded,1,Unresolved
FAIL0004975,TXN00105576,Bank Server Error,1,Unresolved
FAIL0004976,TXN00105583,Timeout,1,Unresolved
FAIL0004977,TXN00105594,Insufficient Balance,3,Resolved
FAIL0004978,TXN00105599,Payment Gateway Error,1,Unresolved
FAIL0004979,TXN00105617,Timeout,1,Resolved
FAIL0004980,TXN00105651,Insufficient Balance,1,Unresolved
FAIL0004981,TXN00105698,Payment Gateway Error,2,Unresolved
FAIL0004982,TXN00105748,Bank Server Error,1,Resolved
FAIL0004983,TXN00105765,Network Error,3,Resolved
FAIL0004984,TXN00105766,Network Error,1,Unresolved
FAIL0004985,TXN00105774,Bank Server Error,1,Unresolved
FAIL0004986,TXN00105833,Insufficient Balance,1,Resolved
FAIL0004987,TXN00105862,Limit Exceeded,2,Resolved
FAIL0004988,TXN00105923,Insufficient Balance,2,Resolved
FAIL0004989,TXN00105924,Insufficient Balance,1,Resolved
FAIL0004990,TXN00105951,Network Error,2,Resolved
FAIL0004991,TXN00105960,Insufficient Balance,1,Unresolved
FAIL0004992,TXN00105968,Payment Gateway Error,2,Resolved
FAIL0004993,TXN00106007,Payment Gateway Error,2,Unresolved
FAIL0004994,TXN00106016,Payment Gateway Error,2,Resolved
FAIL0004995,TXN00106038,Limit Exceeded,1,Resolved
FAIL0004996,TXN00106100,Insufficient Balance,1,Unresolved
FAIL0004997,TXN00106103,Payment Gateway Error,1,Resolved
FAIL0004998,TXN00106127,Bank Server Error,1,Unresolved
FAIL0004999,TXN00106244,Limit Exceeded,1,Resolved
FAIL0005000,TXN00106254,Limit Exceeded,1,Unresolved
FAIL0005001,TXN00106284,Insufficient Balance,1,Resolved
FAIL0005002,TXN00106285,Timeout,1,Resolved
FAIL0005003,TXN00106286,Bank Server Error,3,Unresolved
FAIL0005004,TXN00106289,Insufficient Balance,1,Resolved
FAIL0005005,TXN00106317,Bank Server Error,1,Unresolved
FAIL0005006,TXN00106393,Payment Gateway Error,1,Unresolved
FAIL0005007,TXN00106425,Network Error,1,Resolved
FAIL0005008,TXN00106436,Insufficient Balance,1,Unresolved
FAIL0005009,TXN00106461,Limit Exceeded,1,Unresolved
FAIL0005010,TXN00106511,Network Error,1,Resolved
FAIL0005011,TXN00106533,Bank Server Error,3,Resolved
FAIL0005012,TXN00106546,Payment Gateway Error,1,Resolved
FAIL0005013,TXN00106573,Bank Server Error,1,Resolved
FAIL0005014,TXN00106596,Network Error,2,Resolved
FAIL0005015,TXN00106613,Insufficient Balance,2,Resolved
FAIL0005016,TXN00106616,Bank Server Error,1,Resolved
FAIL0005017,TXN00106641,Payment Gateway Error,1,Unresolved
FAIL0005018,TXN00106690,Payment Gateway Error,1,Resolved
FAIL0005019,TXN00106691,Payment Gateway Error,1,Resolved
FAIL0005020,TXN00106693,Insufficient Balance,1,Resolved
FAIL0005021,TXN00106723,Insufficient Balance,1,Unresolved
FAIL0005022,TXN00106725,Bank Server Error,2,Unresolved
FAIL0005023,TXN00106765,Insufficient Balance,1,Unresolved
FAIL0005024,TXN00106788,Invalid PIN,3,Resolved
FAIL0005025,TXN00106790,Timeout,1,Unresolved
FAIL0005026,TXN00106852,Bank Server Error,1,Resolved
FAIL0005027,TXN00106862,Limit Exceeded,2,Resolved
FAIL0005028,TXN00106864,Timeout,2,Resolved
FAIL0005029,TXN00106883,Invalid PIN,1,Resolved
FAIL0005030,TXN00106885,Payment Gateway Error,1,Resolved
FAIL0005031,TXN00106893,Network Error,2,Resolved
FAIL0005032,TXN00106908,Bank Server Error,2,Unresolved
FAIL0005033,TXN00106923,Bank Server Error,1,Unresolved
FAIL0005034,TXN00106927,Bank Server Error,2,Unresolved
FAIL0005035,TXN00106929,Payment Gateway Error,1,Resolved
FAIL0005036,TXN00106947,Bank Server Error,2,Resolved
FAIL0005037,TXN00106956,Insufficient Balance,1,Unresolved
FAIL0005038,TXN00107008,Payment Gateway Error,2,Resolved
FAIL0005039,TXN00107036,Payment Gateway Error,2,Resolved
FAIL0005040,TXN00107038,Limit Exceeded,1,Unresolved
FAIL0005041,TXN00107094,Bank Server Error,1,Resolved
FAIL0005042,TXN00107105,Insufficient Balance,2,Resolved
FAIL0005043,TXN00107144,Limit Exceeded,1,Unresolved
FAIL0005044,TXN00107204,Bank Server Error,1,Unresolved
FAIL0005045,TXN00107205,Bank Server Error,1,Resolved
FAIL0005046,TXN00107208,Network Error,1,Resolved
FAIL0005047,TXN00107212,Network Error,1,Unresolved
FAIL0005048,TXN00107229,Bank Server Error,2,Resolved
FAIL0005049,TXN00107237,Limit Exceeded,1,Resolved
FAIL0005050,TXN00107248,Bank Server Error,2,Unresolved
FAIL0005051,TXN00107250,Payment Gateway Error,1,Unresolved
FAIL0005052,TXN00107275,Network Error,1,Resolved
FAIL0005053,TXN00107317,Limit Exceeded,1,Resolved
FAIL0005054,TXN00107341,Payment Gateway Error,1,Unresolved
FAIL0005055,TXN00107362,Payment Gateway Error,1,Unresolved
FAIL0005056,TXN00107381,Payment Gateway Error,1,Resolved
FAIL0005057,TXN00107399,Payment Gateway Error,1,Resolved
FAIL0005058,TXN00107424,Bank Server Error,3,Resolved
FAIL0005059,TXN00107436,Payment Gateway Error,1,Resolved
FAIL0005060,TXN00107445,Network Error,1,Resolved
FAIL0005061,TXN00107491,Limit Exceeded,2,Unresolved
FAIL0005062,TXN00107505,Payment Gateway Error,1,Unresolved
FAIL0005063,TXN00107531,Insufficient Balance,1,Resolved
FAIL0005064,TXN00107575,Invalid PIN,2,Resolved
FAIL0005065,TXN00107578,Payment Gateway Error,1,Resolved
FAIL0005066,TXN00107590,Bank Server Error,1,Resolved
FAIL0005067,TXN00107603,Invalid PIN,1,Resolved
FAIL0005068,TXN00107611,Bank Server Error,2,Resolved
FAIL0005069,TXN00107621,Timeout,1,Unresolved
FAIL0005070,TXN00107636,Invalid PIN,2,Resolved
FAIL0005071,TXN00107662,Network Error,1,Resolved
FAIL0005072,TXN00107681,Payment Gateway Error,1,Resolved
FAIL0005073,TXN00107701,Bank Server Error,2,Resolved
FAIL0005074,TXN00107709,Bank Server Error,3,Unresolved
FAIL0005075,TXN00107723,Insufficient Balance,1,Unresolved
FAIL0005076,TXN00107750,Insufficient Balance,2,Resolved
FAIL0005077,TXN00107754,Bank Server Error,1,Resolved
FAIL0005078,TXN00107757,Limit Exceeded,1,Resolved
FAIL0005079,TXN00107764,Limit Exceeded,1,Unresolved
FAIL0005080,TXN00107792,Payment Gateway Error,2,Resolved
FAIL0005081,TXN00107817,Insufficient Balance,1,Resolved
FAIL0005082,TXN00107818,Bank Server Error,2,Resolved
FAIL0005083,TXN00107822,Timeout,1,Resolved
FAIL0005084,TXN00107828,Payment Gateway Error,1,Resolved
FAIL0005085,TXN00107918,Network Error,3,Resolved
FAIL0005086,TXN00107983,Limit Exceeded,1,Resolved
FAIL0005087,TXN00108037,Network Error,3,Resolved
FAIL0005088,TXN00108043,Insufficient Balance,2,Unresolved
FAIL0005089,TXN00108045,Invalid PIN,1,Resolved
FAIL0005090,TXN00108089,Bank Server Error,1,Resolved
FAIL0005091,TXN00108108,Insufficient Balance,1,Unresolved
FAIL0005092,TXN00108124,Timeout,2,Resolved
FAIL0005093,TXN00108157,Insufficient Balance,1,Resolved
FAIL0005094,TXN00108177,Insufficient Balance,1,Unresolved
FAIL0005095,TXN00108245,Invalid PIN,1,Resolved
FAIL0005096,TXN00108258,Limit Exceeded,1,Resolved
FAIL0005097,TXN00108277,Payment Gateway Error,3,Resolved
FAIL0005098,TXN00108340,Insufficient Balance,2,Resolved
FAIL0005099,TXN00108377,Insufficient Balance,2,Resolved
FAIL0005100,TXN00108387,Insufficient Balance,1,Unresolved
FAIL0005101,TXN00108391,Timeout,1,Unresolved
FAIL0005102,TXN00108401,Network Error,1,Resolved
FAIL0005103,TXN00108427,Limit Exceeded,1,Resolved
FAIL0005104,TXN00108479,Network Error,2,Resolved
FAIL0005105,TXN00108516,Insufficient Balance,1,Unresolved
FAIL0005106,TXN00108519,Network Error,1,Unresolved
FAIL0005107,TXN00108575,Timeout,1,Resolved
FAIL0005108,TXN00108600,Limit Exceeded,1,Resolved
FAIL0005109,TXN00108610,Insufficient Balance,1,Unresolved
FAIL0005110,TXN00108634,Payment Gateway Error,2,Resolved
FAIL0005111,TXN00108640,Bank Server Error,2,Resolved
FAIL0005112,TXN00108655,Limit Exceeded,1,Resolved
FAIL0005113,TXN00108659,Insufficient Balance,1,Resolved
FAIL0005114,TXN00108777,Network Error,2,Unresolved
FAIL0005115,TXN00108801,Bank Server Error,1,Unresolved
FAIL0005116,TXN00108806,Bank Server Error,1,Unresolved
FAIL0005117,TXN00108810,Insufficient Balance,1,Unresolved
FAIL0005118,TXN00108818,Bank Server Error,1,Unresolved
FAIL0005119,TXN00108820,Insufficient Balance,3,Resolved
FAIL0005120,TXN00108824,Payment Gateway Error,1,Resolved
FAIL0005121,TXN00108840,Bank Server Error,2,Resolved
FAIL0005122,TXN00108848,Insufficient Balance,1,Resolved
FAIL0005123,TXN00108853,Payment Gateway Error,1,Resolved
FAIL0005124,TXN00108871,Bank Server Error,3,Resolved
FAIL0005125,TXN00108883,Network Error,1,Unresolved
FAIL0005126,TXN00108888,Network Error,1,Resolved
FAIL0005127,TXN00108906,Bank Server Error,3,Resolved
FAIL0005128,TXN00108950,Limit Exceeded,1,Resolved
FAIL0005129,TXN00109038,Bank Server Error,3,Resolved
FAIL0005130,TXN00109101,Invalid PIN,1,Resolved
FAIL0005131,TXN00109156,Limit Exceeded,1,Unresolved
FAIL0005132,TXN00109158,Invalid PIN,2,Resolved
FAIL0005133,TXN00109165,Bank Server Error,1,Unresolved
FAIL0005134,TXN00109179,Bank Server Error,1,Resolved
FAIL0005135,TXN00109260,Insufficient Balance,1,Resolved
FAIL0005136,TXN00109295,Limit Exceeded,1,Resolved
FAIL0005137,TXN00109299,Timeout,1,Unresolved
FAIL0005138,TXN00109313,Insufficient Balance,2,Unresolved
FAIL0005139,TXN00109341,Insufficient Balance,1,Resolved
FAIL0005140,TXN00109342,Limit Exceeded,1,Resolved
FAIL0005141,TXN00109364,Insufficient Balance,1,Resolved
FAIL0005142,TXN00109427,Bank Server Error,3,Resolved
FAIL0005143,TXN00109433,Insufficient Balance,1,Resolved
FAIL0005144,TXN00109470,Invalid PIN,2,Resolved
FAIL0005145,TXN00109480,Insufficient Balance,1,Resolved
FAIL0005146,TXN00109494,Insufficient Balance,2,Resolved
FAIL0005147,TXN00109498,Timeout,1,Unresolved
FAIL0005148,TXN00109507,Insufficient Balance,2,Unresolved
FAIL0005149,TXN00109538,Insufficient Balance,1,Unresolved
FAIL0005150,TXN00109549,Invalid PIN,1,Unresolved
FAIL0005151,TXN00109557,Timeout,3,Resolved
FAIL0005152,TXN00109629,Insufficient Balance,1,Resolved
FAIL0005153,TXN00109635,Network Error,1,Resolved
FAIL0005154,TXN00109652,Limit Exceeded,2,Unresolved
FAIL0005155,TXN00109653,Network Error,2,Unresolved
FAIL0005156,TXN00109672,Bank Server Error,2,Resolved
FAIL0005157,TXN00109713,Insufficient Balance,1,Resolved
FAIL0005158,TXN00109742,Payment Gateway Error,1,Unresolved
FAIL0005159,TXN00109748,Payment Gateway Error,1,Resolved
FAIL0005160,TXN00109769,Invalid PIN,3,Resolved
FAIL0005161,TXN00109781,Bank Server Error,1,Unresolved
FAIL0005162,TXN00109793,Bank Server Error,1,Resolved
FAIL0005163,TXN00109824,Invalid PIN,2,Resolved
FAIL0005164,TXN00109849,Insufficient Balance,2,Unresolved
FAIL0005165,TXN00109872,Network Error,2,Resolved
FAIL0005166,TXN00109884,Network Error,1,Resolved
FAIL0005167,TXN00109888,Bank Server Error,1,Unresolved
FAIL0005168,TXN00109935,Network Error,2,Resolved
FAIL0005169,TXN00109944,Limit Exceeded,1,Resolved
FAIL0005170,TXN00109950,Limit Exceeded,1,Resolved
FAIL0005171,TXN00109953,Bank Server Error,2,Resolved
FAIL0005172,TXN00109976,Limit Exceeded,2,Resolved
FAIL0005173,TXN00109996,Payment Gateway Error,2,Resolved
FAIL0005174,TXN00110001,Payment Gateway Error,1,Unresolved
FAIL0005175,TXN00110006,Payment Gateway Error,1,Resolved
FAIL0005176,TXN00110021,Bank Server Error,1,Resolved
FAIL0005177,TXN00110036,Bank Server Error,1,Resolved
FAIL0005178,TXN00110052,Bank Server Error,1,Resolved
FAIL0005179,TXN00110070,Invalid PIN,1,Resolved
FAIL0005180,TXN00110076,Payment Gateway Error,1,Unresolved
FAIL0005181,TXN00110094,Bank Server Error,1,Resolved
FAIL0005182,TXN00110151,Insufficient Balance,1,Unresolved
FAIL0005183,TXN00110165,Payment Gateway Error,2,Resolved
FAIL0005184,TXN00110172,Bank Server Error,1,Resolved
FAIL0005185,TXN00110183,Network Error,1,Resolved
FAIL0005186,TXN00110210,Limit Exceeded,3,Resolved
FAIL0005187,TXN00110217,Insufficient Balance,1,Unresolved
FAIL0005188,TXN00110255,Bank Server Error,1,Resolved
FAIL0005189,TXN00110266,Insufficient Balance,2,Resolved
FAIL0005190,TXN00110271,Payment Gateway Error,1,Resolved
FAIL0005191,TXN00110275,Bank Server Error,1,Resolved
FAIL0005192,TXN00110327,Insufficient Balance,1,Resolved
FAIL0005193,TXN00110358,Insufficient Balance,2,Resolved
FAIL0005194,TXN00110370,Limit Exceeded,1,Resolved
FAIL0005195,TXN00110379,Network Error,1,Unresolved
FAIL0005196,TXN00110381,Limit Exceeded,2,Resolved
FAIL0005197,TXN00110393,Timeout,2,Unresolved
FAIL0005198,TXN00110445,Network Error,2,Resolved
FAIL0005199,TXN00110497,Invalid PIN,1,Unresolved
FAIL0005200,TXN00110499,Network Error,1,Resolved
FAIL0005201,TXN00110512,Bank Server Error,1,Resolved
FAIL0005202,TXN00110567,Invalid PIN,1,Unresolved
FAIL0005203,TXN00110600,Bank Server Error,1,Unresolved
FAIL0005204,TXN00110613,Network Error,3,Resolved
FAIL0005205,TXN00110638,Limit Exceeded,2,Resolved
FAIL0005206,TXN00110685,Invalid PIN,1,Unresolved
FAIL0005207,TXN00110724,Insufficient Balance,1,Unresolved
FAIL0005208,TXN00110729,Payment Gateway Error,1,Resolved
FAIL0005209,TXN00110751,Network Error,1,Unresolved
FAIL0005210,TXN00110789,Insufficient Balance,1,Unresolved
FAIL0005211,TXN00110799,Insufficient Balance,1,Resolved
FAIL0005212,TXN00110818,Network Error,1,Resolved
FAIL0005213,TXN00110823,Bank Server Error,1,Resolved
FAIL0005214,TXN00110838,Bank Server Error,1,Resolved
FAIL0005215,TXN00110864,Limit Exceeded,2,Unresolved
FAIL0005216,TXN00110885,Payment Gateway Error,1,Unresolved
FAIL0005217,TXN00110925,Timeout,2,Resolved
FAIL0005218,TXN00110936,Timeout,1,Resolved
FAIL0005219,TXN00110950,Invalid PIN,1,Resolved
FAIL0005220,TXN00110961,Insufficient Balance,2,Resolved
FAIL0005221,TXN00110968,Bank Server Error,1,Resolved
FAIL0005222,TXN00110982,Bank Server Error,1,Resolved
FAIL0005223,TXN00111003,Limit Exceeded,1,Unresolved
FAIL0005224,TXN00111044,Timeout,1,Resolved
FAIL0005225,TXN00111073,Insufficient Balance,1,Resolved
FAIL0005226,TXN00111089,Network Error,2,Resolved
FAIL0005227,TXN00111124,Limit Exceeded,1,Unresolved
FAIL0005228,TXN00111166,Payment Gateway Error,1,Resolved
FAIL0005229,TXN00111174,Payment Gateway Error,3,Resolved
FAIL0005230,TXN00111207,Payment Gateway Error,1,Resolved
FAIL0005231,TXN00111229,Insufficient Balance,1,Unresolved
FAIL0005232,TXN00111238,Insufficient Balance,2,Resolved
FAIL0005233,TXN00111253,Payment Gateway Error,2,Resolved
FAIL0005234,TXN00111256,Insufficient Balance,1,Resolved
FAIL0005235,TXN00111259,Insufficient Balance,2,Unresolved
FAIL0005236,TXN00111267,Payment Gateway Error,1,Unresolved
FAIL0005237,TXN00111276,Invalid PIN,1,Unresolved
FAIL0005238,TXN00111280,Bank Server Error,2,Resolved
FAIL0005239,TXN00111305,Limit Exceeded,1,Resolved
FAIL0005240,TXN00111310,Limit Exceeded,1,Resolved
FAIL0005241,TXN00111354,Network Error,3,Resolved
FAIL0005242,TXN00111408,Insufficient Balance,1,Unresolved
FAIL0005243,TXN00111426,Network Error,1,Unresolved
FAIL0005244,TXN00111430,Network Error,1,Unresolved
FAIL0005245,TXN00111433,Bank Server Error,1,Unresolved
FAIL0005246,TXN00111463,Bank Server Error,1,Resolved
FAIL0005247,TXN00111473,Bank Server Error,1,Unresolved
FAIL0005248,TXN00111476,Insufficient Balance,2,Resolved
FAIL0005249,TXN00111486,Invalid PIN,2,Resolved
FAIL0005250,TXN00111487,Bank Server Error,2,Resolved
FAIL0005251,TXN00111490,Insufficient Balance,1,Unresolved
FAIL0005252,TXN00111517,Insufficient Balance,2,Resolved
FAIL0005253,TXN00111521,Insufficient Balance,1,Resolved
FAIL0005254,TXN00111524,Insufficient Balance,2,Resolved
FAIL0005255,TXN00111553,Bank Server Error,1,Resolved
FAIL0005256,TXN00111592,Insufficient Balance,1,Unresolved
FAIL0005257,TXN00111611,Insufficient Balance,1,Resolved
FAIL0005258,TXN00111626,Payment Gateway Error,1,Unresolved
FAIL0005259,TXN00111631,Insufficient Balance,1,Resolved
FAIL0005260,TXN00111637,Insufficient Balance,1,Unresolved
FAIL0005261,TXN00111660,Payment Gateway Error,1,Unresolved
FAIL0005262,TXN00111667,Insufficient Balance,1,Resolved
FAIL0005263,TXN00111695,Network Error,3,Unresolved
FAIL0005264,TXN00111750,Limit Exceeded,1,Unresolved
FAIL0005265,TXN00111760,Insufficient Balance,1,Resolved
FAIL0005266,TXN00111821,Network Error,2,Unresolved
FAIL0005267,TXN00111827,Invalid PIN,2,Resolved
FAIL0005268,TXN00111835,Limit Exceeded,1,Resolved
FAIL0005269,TXN00111877,Limit Exceeded,2,Resolved
FAIL0005270,TXN00111897,Network Error,1,Unresolved
FAIL0005271,TXN00111927,Invalid PIN,1,Unresolved
FAIL0005272,TXN00111940,Insufficient Balance,1,Resolved
FAIL0005273,TXN00111960,Network Error,1,Resolved
FAIL0005274,TXN00111962,Insufficient Balance,1,Resolved
FAIL0005275,TXN00112023,Network Error,1,Resolved
FAIL0005276,TXN00112027,Bank Server Error,2,Resolved
FAIL0005277,TXN00112033,Payment Gateway Error,1,Resolved
FAIL0005278,TXN00112041,Insufficient Balance,1,Unresolved
FAIL0005279,TXN00112042,Payment Gateway Error,1,Resolved
FAIL0005280,TXN00112050,Insufficient Balance,2,Resolved
FAIL0005281,TXN00112069,Limit Exceeded,1,Resolved
FAIL0005282,TXN00112075,Insufficient Balance,3,Resolved
FAIL0005283,TXN00112107,Insufficient Balance,1,Unresolved
FAIL0005284,TXN00112109,Limit Exceeded,1,Unresolved
FAIL0005285,TXN00112122,Limit Exceeded,1,Resolved
FAIL0005286,TXN00112142,Payment Gateway Error,1,Unresolved
FAIL0005287,TXN00112159,Network Error,1,Unresolved
FAIL0005288,TXN00112196,Bank Server Error,1,Unresolved
FAIL0005289,TXN00112222,Payment Gateway Error,1,Resolved
FAIL0005290,TXN00112313,Bank Server Error,1,Resolved
FAIL0005291,TXN00112328,Network Error,3,Unresolved
FAIL0005292,TXN00112333,Insufficient Balance,1,Resolved
FAIL0005293,TXN00112344,Network Error,1,Unresolved
FAIL0005294,TXN00112352,Network Error,1,Unresolved
FAIL0005295,TXN00112359,Network Error,1,Unresolved
FAIL0005296,TXN00112378,Bank Server Error,1,Resolved
FAIL0005297,TXN00112459,Network Error,1,Resolved
FAIL0005298,TXN00112471,Invalid PIN,1,Unresolved
FAIL0005299,TXN00112480,Payment Gateway Error,2,Resolved
FAIL0005300,TXN00112496,Network Error,1,Resolved
FAIL0005301,TXN00112498,Bank Server Error,1,Resolved
FAIL0005302,TXN00112502,Network Error,2,Resolved
FAIL0005303,TXN00112521,Bank Server Error,1,Resolved
FAIL0005304,TXN00112528,Invalid PIN,3,Resolved
FAIL0005305,TXN00112541,Bank Server Error,1,Unresolved
FAIL0005306,TXN00112592,Bank Server Error,1,Resolved
FAIL0005307,TXN00112614,Insufficient Balance,2,Resolved
FAIL0005308,TXN00112634,Bank Server Error,1,Unresolved
FAIL0005309,TXN00112672,Bank Server Error,1,Resolved
FAIL0005310,TXN00112711,Limit Exceeded,2,Resolved
FAIL0005311,TXN00112716,Bank Server Error,3,Unresolved
FAIL0005312,TXN00112725,Insufficient Balance,2,Resolved
FAIL0005313,TXN00112810,Payment Gateway Error,1,Resolved
FAIL0005314,TXN00112818,Bank Server Error,1,Resolved
FAIL0005315,TXN00112825,Bank Server Error,1,Resolved
FAIL0005316,TXN00112837,Bank Server Error,1,Unresolved
FAIL0005317,TXN00112927,Network Error,1,Resolved
FAIL0005318,TXN00112939,Limit Exceeded,1,Resolved
FAIL0005319,TXN00112965,Network Error,1,Unresolved
FAIL0005320,TXN00112994,Limit Exceeded,1,Unresolved
FAIL0005321,TXN00112996,Insufficient Balance,1,Resolved
FAIL0005322,TXN00113004,Payment Gateway Error,1,Resolved
FAIL0005323,TXN00113021,Bank Server Error,1,Unresolved
FAIL0005324,TXN00113031,Insufficient Balance,1,Unresolved
FAIL0005325,TXN00113137,Insufficient Balance,2,Resolved
FAIL0005326,TXN00113164,Bank Server Error,1,Unresolved
FAIL0005327,TXN00113202,Insufficient Balance,1,Unresolved
FAIL0005328,TXN00113205,Network Error,1,Resolved
FAIL0005329,TXN00113209,Payment Gateway Error,1,Unresolved
FAIL0005330,TXN00113224,Network Error,1,Resolved
FAIL0005331,TXN00113230,Invalid PIN,1,Resolved
FAIL0005332,TXN00113245,Insufficient Balance,1,Resolved
FAIL0005333,TXN00113260,Network Error,1,Resolved
FAIL0005334,TXN00113261,Payment Gateway Error,1,Resolved
FAIL0005335,TXN00113282,Bank Server Error,1,Resolved
FAIL0005336,TXN00113336,Payment Gateway Error,2,Resolved
FAIL0005337,TXN00113342,Invalid PIN,1,Unresolved
FAIL0005338,TXN00113372,Bank Server Error,1,Unresolved
FAIL0005339,TXN00113374,Insufficient Balance,1,Resolved
FAIL0005340,TXN00113380,Payment Gateway Error,3,Resolved
FAIL0005341,TXN00113407,Insufficient Balance,1,Unresolved
FAIL0005342,TXN00113414,Bank Server Error,1,Resolved
FAIL0005343,TXN00113473,Bank Server Error,3,Resolved
FAIL0005344,TXN00113477,Network Error,1,Resolved
FAIL0005345,TXN00113481,Insufficient Balance,1,Unresolved
FAIL0005346,TXN00113515,Limit Exceeded,1,Resolved
FAIL0005347,TXN00113519,Bank Server Error,2,Resolved
FAIL0005348,TXN00113546,Bank Server Error,3,Resolved
FAIL0005349,TXN00113553,Bank Server Error,2,Resolved
FAIL0005350,TXN00113564,Invalid PIN,1,Resolved
FAIL0005351,TXN00113574,Insufficient Balance,3,Resolved
FAIL0005352,TXN00113608,Timeout,1,Resolved
FAIL0005353,TXN00113631,Limit Exceeded,1,Resolved
FAIL0005354,TXN00113634,Payment Gateway Error,1,Unresolved
FAIL0005355,TXN00113637,Insufficient Balance,1,Resolved
FAIL0005356,TXN00113695,Limit Exceeded,2,Unresolved
FAIL0005357,TXN00113702,Limit Exceeded,1,Unresolved
FAIL0005358,TXN00113726,Insufficient Balance,1,Unresolved
FAIL0005359,TXN00113731,Bank Server Error,1,Resolved
FAIL0005360,TXN00113763,Insufficient Balance,1,Resolved
FAIL0005361,TXN00113765,Bank Server Error,1,Resolved
FAIL0005362,TXN00113766,Invalid PIN,1,Resolved
FAIL0005363,TXN00113811,Invalid PIN,2,Resolved
FAIL0005364,TXN00113822,Timeout,2,Resolved
FAIL0005365,TXN00113851,Network Error,1,Resolved
FAIL0005366,TXN00113881,Bank Server Error,1,Resolved
FAIL0005367,TXN00113978,Limit Exceeded,1,Resolved
FAIL0005368,TXN00113981,Bank Server Error,1,Resolved
FAIL0005369,TXN00113984,Network Error,1,Resolved
FAIL0005370,TXN00114005,Payment Gateway Error,2,Resolved
FAIL0005371,TXN00114007,Bank Server Error,1,Resolved
FAIL0005372,TXN00114032,Invalid PIN,2,Resolved
FAIL0005373,TXN00114075,Insufficient Balance,1,Unresolved
FAIL0005374,TXN00114084,Invalid PIN,1,Resolved
FAIL0005375,TXN00114106,Payment Gateway Error,1,Unresolved
FAIL0005376,TXN00114107,Bank Server Error,2,Unresolved
FAIL0005377,TXN00114127,Insufficient Balance,1,Unresolved
FAIL0005378,TXN00114132,Limit Exceeded,1,Resolved
FAIL0005379,TXN00114141,Bank Server Error,1,Resolved
FAIL0005380,TXN00114146,Bank Server Error,1,Resolved
FAIL0005381,TXN00114158,Limit Exceeded,1,Unresolved
FAIL0005382,TXN00114168,Payment Gateway Error,1,Resolved
FAIL0005383,TXN00114188,Invalid PIN,1,Resolved
FAIL0005384,TXN00114229,Payment Gateway Error,1,Unresolved
FAIL0005385,TXN00114235,Network Error,2,Resolved
FAIL0005386,TXN00114251,Network Error,2,Resolved
FAIL0005387,TXN00114257,Limit Exceeded,1,Resolved
FAIL0005388,TXN00114317,Insufficient Balance,1,Resolved
FAIL0005389,TXN00114323,Payment Gateway Error,1,Unresolved
FAIL0005390,TXN00114380,Payment Gateway Error,2,Resolved
FAIL0005391,TXN00114469,Payment Gateway Error,1,Unresolved
FAIL0005392,TXN00114548,Network Error,2,Resolved
FAIL0005393,TXN00114567,Insufficient Balance,1,Resolved
FAIL0005394,TXN00114600,Network Error,1,Resolved
FAIL0005395,TXN00114606,Payment Gateway Error,1,Resolved
FAIL0005396,TXN00114614,Bank Server Error,2,Resolved
FAIL0005397,TXN00114638,Insufficient Balance,1,Resolved
FAIL0005398,TXN00114645,Payment Gateway Error,2,Unresolved
FAIL0005399,TXN00114673,Invalid PIN,1,Resolved
FAIL0005400,TXN00114735,Insufficient Balance,2,Resolved
FAIL0005401,TXN00114747,Network Error,1,Resolved
FAIL0005402,TXN00114763,Timeout,1,Resolved
FAIL0005403,TXN00114768,Network Error,1,Unresolved
FAIL0005404,TXN00114775,Payment Gateway Error,1,Resolved
FAIL0005405,TXN00114794,Timeout,3,Resolved
FAIL0005406,TXN00114901,Bank Server Error,1,Resolved
FAIL0005407,TXN00114913,Network Error,1,Resolved
FAIL0005408,TXN00114951,Bank Server Error,1,Unresolved
FAIL0005409,TXN00114998,Insufficient Balance,1,Resolved
FAIL0005410,TXN00115039,Insufficient Balance,1,Unresolved
FAIL0005411,TXN00115119,Limit Exceeded,1,Resolved
FAIL0005412,TXN00115124,Network Error,3,Resolved
FAIL0005413,TXN00115147,Network Error,2,Resolved
FAIL0005414,TXN00115158,Network Error,2,Resolved
FAIL0005415,TXN00115161,Timeout,1,Resolved
FAIL0005416,TXN00115166,Payment Gateway Error,1,Unresolved
FAIL0005417,TXN00115186,Timeout,1,Unresolved
FAIL0005418,TXN00115214,Payment Gateway Error,1,Unresolved
FAIL0005419,TXN00115229,Insufficient Balance,1,Resolved
FAIL0005420,TXN00115243,Payment Gateway Error,1,Resolved
FAIL0005421,TXN00115284,Insufficient Balance,2,Unresolved
FAIL0005422,TXN00115292,Limit Exceeded,2,Unresolved
FAIL0005423,TXN00115301,Payment Gateway Error,2,Unresolved
FAIL0005424,TXN00115302,Payment Gateway Error,2,Resolved
FAIL0005425,TXN00115358,Bank Server Error,2,Resolved
FAIL0005426,TXN00115362,Invalid PIN,1,Unresolved
FAIL0005427,TXN00115397,Insufficient Balance,1,Unresolved
FAIL0005428,TXN00115398,Invalid PIN,1,Resolved
FAIL0005429,TXN00115464,Bank Server Error,1,Resolved
FAIL0005430,TXN00115473,Timeout,2,Resolved
FAIL0005431,TXN00115479,Insufficient Balance,3,Resolved
FAIL0005432,TXN00115510,Timeout,1,Resolved
FAIL0005433,TXN00115514,Insufficient Balance,1,Resolved
FAIL0005434,TXN00115555,Payment Gateway Error,1,Resolved
FAIL0005435,TXN00115582,Payment Gateway Error,1,Unresolved
FAIL0005436,TXN00115590,Bank Server Error,2,Resolved
FAIL0005437,TXN00115608,Network Error,1,Resolved
FAIL0005438,TXN00115617,Payment Gateway Error,2,Resolved
FAIL0005439,TXN00115646,Bank Server Error,1,Resolved
FAIL0005440,TXN00115692,Bank Server Error,1,Unresolved
FAIL0005441,TXN00115704,Invalid PIN,1,Resolved
FAIL0005442,TXN00115750,Network Error,1,Resolved
FAIL0005443,TXN00115757,Network Error,3,Resolved
FAIL0005444,TXN00115846,Payment Gateway Error,1,Resolved
FAIL0005445,TXN00115853,Bank Server Error,1,Unresolved
FAIL0005446,TXN00115870,Bank Server Error,1,Unresolved
FAIL0005447,TXN00115886,Invalid PIN,3,Resolved
FAIL0005448,TXN00115917,Limit Exceeded,1,Resolved
FAIL0005449,TXN00115922,Network Error,1,Unresolved
FAIL0005450,TXN00115955,Payment Gateway Error,2,Unresolved
FAIL0005451,TXN00115956,Bank Server Error,1,Unresolved
FAIL0005452,TXN00115959,Payment Gateway Error,1,Resolved
FAIL0005453,TXN00115989,Bank Server Error,1,Resolved
FAIL0005454,TXN00116025,Timeout,2,Resolved
FAIL0005455,TXN00116043,Bank Server Error,3,Resolved
FAIL0005456,TXN00116093,Payment Gateway Error,2,Resolved
FAIL0005457,TXN00116094,Network Error,1,Unresolved
FAIL0005458,TXN00116101,Payment Gateway Error,1,Resolved
FAIL0005459,TXN00116111,Insufficient Balance,1,Resolved
FAIL0005460,TXN00116131,Insufficient Balance,1,Unresolved
FAIL0005461,TXN00116141,Bank Server Error,1,Resolved
FAIL0005462,TXN00116195,Network Error,1,Unresolved
FAIL0005463,TXN00116203,Payment Gateway Error,1,Resolved
FAIL0005464,TXN00116224,Bank Server Error,1,Unresolved
FAIL0005465,TXN00116225,Limit Exceeded,2,Resolved
FAIL0005466,TXN00116275,Insufficient Balance,2,Resolved
FAIL0005467,TXN00116317,Payment Gateway Error,1,Unresolved
FAIL0005468,TXN00116351,Insufficient Balance,2,Resolved
FAIL0005469,TXN00116354,Insufficient Balance,1,Resolved
FAIL0005470,TXN00116406,Payment Gateway Error,2,Resolved
FAIL0005471,TXN00116429,Limit Exceeded,3,Resolved
FAIL0005472,TXN00116432,Bank Server Error,1,Resolved
FAIL0005473,TXN00116441,Network Error,2,Unresolved
FAIL0005474,TXN00116463,Invalid PIN,1,Resolved
FAIL0005475,TXN00116491,Network Error,1,Resolved
FAIL0005476,TXN00116499,Payment Gateway Error,2,Resolved
FAIL0005477,TXN00116514,Limit Exceeded,2,Resolved
FAIL0005478,TXN00116515,Invalid PIN,1,Unresolved
FAIL0005479,TXN00116535,Payment Gateway Error,1,Unresolved
FAIL0005480,TXN00116563,Payment Gateway Error,1,Resolved
FAIL0005481,TXN00116574,Payment Gateway Error,1,Unresolved
FAIL0005482,TXN00116616,Limit Exceeded,2,Resolved
FAIL0005483,TXN00116651,Insufficient Balance,1,Unresolved
FAIL0005484,TXN00116657,Insufficient Balance,1,Resolved
FAIL0005485,TXN00116674,Limit Exceeded,2,Resolved
FAIL0005486,TXN00116714,Insufficient Balance,1,Unresolved
FAIL0005487,TXN00116728,Insufficient Balance,1,Unresolved
FAIL0005488,TXN00116774,Timeout,3,Resolved
FAIL0005489,TXN00116830,Bank Server Error,1,Unresolved
FAIL0005490,TXN00116854,Timeout,3,Unresolved
FAIL0005491,TXN00116855,Limit Exceeded,2,Resolved
FAIL0005492,TXN00116859,Insufficient Balance,1,Resolved
FAIL0005493,TXN00116874,Limit Exceeded,1,Resolved
FAIL0005494,TXN00116881,Network Error,2,Unresolved
FAIL0005495,TXN00116892,Network Error,2,Resolved
FAIL0005496,TXN00116933,Payment Gateway Error,1,Unresolved
FAIL0005497,TXN00116972,Payment Gateway Error,3,Resolved
FAIL0005498,TXN00116991,Insufficient Balance,1,Unresolved
FAIL0005499,TXN00116994,Insufficient Balance,1,Unresolved
FAIL0005500,TXN00117002,Insufficient Balance,1,Unresolved
FAIL0005501,TXN00117006,Limit Exceeded,2,Unresolved
FAIL0005502,TXN00117029,Payment Gateway Error,1,Resolved
FAIL0005503,TXN00117042,Bank Server Error,1,Resolved
FAIL0005504,TXN00117052,Payment Gateway Error,1,Resolved
FAIL0005505,TXN00117058,Bank Server Error,1,Unresolved
FAIL0005506,TXN00117083,Bank Server Error,1,Resolved
FAIL0005507,TXN00117130,Network Error,2,Resolved
FAIL0005508,TXN00117131,Limit Exceeded,1,Resolved
FAIL0005509,TXN00117148,Insufficient Balance,1,Unresolved
FAIL0005510,TXN00117158,Limit Exceeded,1,Resolved
FAIL0005511,TXN00117167,Bank Server Error,2,Unresolved
FAIL0005512,TXN00117198,Limit Exceeded,1,Resolved
FAIL0005513,TXN00117205,Insufficient Balance,2,Unresolved
FAIL0005514,TXN00117214,Network Error,1,Resolved
FAIL0005515,TXN00117240,Invalid PIN,3,Resolved
FAIL0005516,TXN00117243,Payment Gateway Error,1,Resolved
FAIL0005517,TXN00117261,Insufficient Balance,1,Resolved
FAIL0005518,TXN00117308,Insufficient Balance,1,Resolved
FAIL0005519,TXN00117310,Network Error,1,Unresolved
FAIL0005520,TXN00117334,Timeout,1,Resolved
FAIL0005521,TXN00117336,Payment Gateway Error,2,Unresolved
FAIL0005522,TXN00117358,Payment Gateway Error,1,Resolved
FAIL0005523,TXN00117381,Timeout,1,Resolved
FAIL0005524,TXN00117443,Bank Server Error,3,Resolved
FAIL0005525,TXN00117455,Insufficient Balance,1,Resolved
FAIL0005526,TXN00117479,Insufficient Balance,1,Unresolved
FAIL0005527,TXN00117489,Payment Gateway Error,2,Unresolved
FAIL0005528,TXN00117506,Network Error,1,Resolved
FAIL0005529,TXN00117527,Insufficient Balance,2,Resolved
FAIL0005530,TXN00117552,Limit Exceeded,1,Unresolved
FAIL0005531,TXN00117557,Bank Server Error,2,Resolved
FAIL0005532,TXN00117592,Invalid PIN,1,Unresolved
FAIL0005533,TXN00117618,Payment Gateway Error,2,Resolved
FAIL0005534,TXN00117664,Payment Gateway Error,1,Unresolved
FAIL0005535,TXN00117672,Insufficient Balance,1,Resolved
FAIL0005536,TXN00117673,Network Error,3,Resolved
FAIL0005537,TXN00117682,Limit Exceeded,2,Resolved
FAIL0005538,TXN00117699,Payment Gateway Error,1,Resolved
FAIL0005539,TXN00117705,Payment Gateway Error,1,Resolved
FAIL0005540,TXN00117723,Timeout,1,Resolved
FAIL0005541,TXN00117731,Insufficient Balance,1,Resolved
FAIL0005542,TXN00117741,Insufficient Balance,1,Resolved
FAIL0005543,TXN00117747,Payment Gateway Error,1,Resolved
FAIL0005544,TXN00117788,Timeout,1,Unresolved
FAIL0005545,TXN00117796,Payment Gateway Error,1,Resolved
FAIL0005546,TXN00117802,Payment Gateway Error,1,Unresolved
FAIL0005547,TXN00117811,Limit Exceeded,2,Resolved
FAIL0005548,TXN00117830,Limit Exceeded,2,Resolved
FAIL0005549,TXN00117840,Network Error,1,Resolved
FAIL0005550,TXN00117862,Insufficient Balance,1,Resolved
FAIL0005551,TXN00117939,Bank Server Error,3,Resolved
FAIL0005552,TXN00117943,Network Error,1,Unresolved
FAIL0005553,TXN00117969,Insufficient Balance,1,Resolved
FAIL0005554,TXN00117992,Network Error,1,Resolved
FAIL0005555,TXN00118086,Payment Gateway Error,2,Resolved
FAIL0005556,TXN00118122,Payment Gateway Error,1,Resolved
FAIL0005557,TXN00118127,Bank Server Error,1,Unresolved
FAIL0005558,TXN00118128,Bank Server Error,1,Resolved
FAIL0005559,TXN00118135,Timeout,1,Unresolved
FAIL0005560,TXN00118182,Limit Exceeded,2,Unresolved
FAIL0005561,TXN00118212,Bank Server Error,1,Resolved
FAIL0005562,TXN00118234,Bank Server Error,1,Resolved
FAIL0005563,TXN00118253,Payment Gateway Error,1,Unresolved
FAIL0005564,TXN00118260,Limit Exceeded,2,Resolved
FAIL0005565,TXN00118267,Bank Server Error,1,Unresolved
FAIL0005566,TXN00118269,Insufficient Balance,1,Unresolved
FAIL0005567,TXN00118284,Payment Gateway Error,2,Unresolved
FAIL0005568,TXN00118316,Network Error,2,Resolved
FAIL0005569,TXN00118351,Bank Server Error,1,Unresolved
FAIL0005570,TXN00118363,Limit Exceeded,1,Resolved
FAIL0005571,TXN00118377,Bank Server Error,1,Resolved
FAIL0005572,TXN00118394,Payment Gateway Error,2,Unresolved
FAIL0005573,TXN00118405,Bank Server Error,1,Unresolved
FAIL0005574,TXN00118412,Limit Exceeded,1,Unresolved
FAIL0005575,TXN00118430,Network Error,3,Resolved
FAIL0005576,TXN00118443,Insufficient Balance,2,Resolved
FAIL0005577,TXN00118475,Insufficient Balance,1,Unresolved
FAIL0005578,TXN00118532,Payment Gateway Error,1,Unresolved
FAIL0005579,TXN00118555,Network Error,1,Unresolved
FAIL0005580,TXN00118561,Bank Server Error,2,Resolved
FAIL0005581,TXN00118644,Bank Server Error,1,Unresolved
FAIL0005582,TXN00118675,Limit Exceeded,1,Unresolved
FAIL0005583,TXN00118688,Timeout,1,Unresolved
FAIL0005584,TXN00118689,Insufficient Balance,1,Unresolved
FAIL0005585,TXN00118711,Network Error,2,Resolved
FAIL0005586,TXN00118739,Payment Gateway Error,1,Resolved
FAIL0005587,TXN00118740,Invalid PIN,3,Resolved
FAIL0005588,TXN00118765,Insufficient Balance,2,Unresolved
FAIL0005589,TXN00118767,Limit Exceeded,1,Resolved
FAIL0005590,TXN00118770,Invalid PIN,2,Unresolved
FAIL0005591,TXN00118808,Limit Exceeded,2,Resolved
FAIL0005592,TXN00118843,Network Error,1,Resolved
FAIL0005593,TXN00118865,Network Error,1,Resolved
FAIL0005594,TXN00118883,Bank Server Error,3,Unresolved
FAIL0005595,TXN00118932,Payment Gateway Error,1,Resolved
FAIL0005596,TXN00118961,Network Error,1,Resolved
FAIL0005597,TXN00118966,Insufficient Balance,1,Resolved
FAIL0005598,TXN00118968,Limit Exceeded,1,Resolved
FAIL0005599,TXN00118987,Bank Server Error,1,Resolved
FAIL0005600,TXN00119011,Bank Server Error,1,Resolved
FAIL0005601,TXN00119018,Insufficient Balance,1,Resolved
FAIL0005602,TXN00119039,Bank Server Error,2,Resolved
FAIL0005603,TXN00119056,Payment Gateway Error,2,Resolved
FAIL0005604,TXN00119077,Payment Gateway Error,2,Resolved
FAIL0005605,TXN00119101,Limit Exceeded,1,Resolved
FAIL0005606,TXN00119115,Limit Exceeded,1,Unresolved
FAIL0005607,TXN00119120,Invalid PIN,1,Resolved
FAIL0005608,TXN00119141,Limit Exceeded,1,Unresolved
FAIL0005609,TXN00119149,Invalid PIN,2,Resolved
FAIL0005610,TXN00119152,Insufficient Balance,2,Unresolved
FAIL0005611,TXN00119171,Timeout,1,Unresolved
FAIL0005612,TXN00119187,Bank Server Error,3,Resolved
FAIL0005613,TXN00119193,Payment Gateway Error,1,Resolved
FAIL0005614,TXN00119211,Insufficient Balance,3,Unresolved
FAIL0005615,TXN00119223,Insufficient Balance,1,Unresolved
FAIL0005616,TXN00119293,Payment Gateway Error,2,Resolved
FAIL0005617,TXN00119320,Insufficient Balance,1,Unresolved
FAIL0005618,TXN00119322,Payment Gateway Error,1,Resolved
FAIL0005619,TXN00119345,Payment Gateway Error,2,Unresolved
FAIL0005620,TXN00119363,Network Error,1,Resolved
FAIL0005621,TXN00119383,Network Error,2,Resolved
FAIL0005622,TXN00119422,Invalid PIN,2,Resolved
FAIL0005623,TXN00119429,Limit Exceeded,1,Resolved
FAIL0005624,TXN00119439,Bank Server Error,2,Resolved
FAIL0005625,TXN00119448,Network Error,2,Resolved
FAIL0005626,TXN00119466,Network Error,1,Resolved
FAIL0005627,TXN00119475,Limit Exceeded,2,Resolved
FAIL0005628,TXN00119510,Bank Server Error,1,Unresolved
FAIL0005629,TXN00119545,Payment Gateway Error,1,Resolved
FAIL0005630,TXN00119554,Payment Gateway Error,1,Unresolved
FAIL0005631,TXN00119555,Insufficient Balance,1,Unresolved
FAIL0005632,TXN00119576,Network Error,1,Unresolved
FAIL0005633,TXN00119581,Network Error,1,Unresolved
FAIL0005634,TXN00119582,Insufficient Balance,1,Resolved
FAIL0005635,TXN00119596,Payment Gateway Error,2,Resolved
FAIL0005636,TXN00119610,Payment Gateway Error,1,Resolved
FAIL0005637,TXN00119616,Payment Gateway Error,2,Resolved
FAIL0005638,TXN00119677,Insufficient Balance,1,Resolved
FAIL0005639,TXN00119735,Bank Server Error,1,Unresolved
FAIL0005640,TXN00119747,Invalid PIN,2,Resolved
FAIL0005641,TXN00119752,Timeout,2,Resolved
FAIL0005642,TXN00119784,Network Error,1,Resolved
FAIL0005643,TXN00119787,Timeout,1,Resolved
FAIL0005644,TXN00119795,Limit Exceeded,1,Resolved
FAIL0005645,TXN00119865,Timeout,1,Resolved
FAIL0005646,TXN00119878,Insufficient Balance,1,Resolved
FAIL0005647,TXN00119895,Network Error,1,Resolved
FAIL0005648,TXN00119908,Limit Exceeded,1,Unresolved
FAIL0005649,TXN00119911,Limit Exceeded,2,Resolved
FAIL0005650,TXN00119930,Network Error,1,Resolved
FAIL0005651,TXN00119935,Bank Server Error,2,Resolved
FAIL0005652,TXN00119950,Limit Exceeded,1,Resolved
FAIL0005653,TXN00119958,Insufficient Balance,2,Resolved
FAIL0005654,TXN00120020,Timeout,1,Resolved
FAIL0005655,TXN00120032,Bank Server Error,2,Resolved
FAIL0005656,TXN00120052,Insufficient Balance,1,Unresolved
FAIL0005657,TXN00120068,Invalid PIN,2,Resolved
FAIL0005658,TXN00120083,Limit Exceeded,2,Resolved
FAIL0005659,TXN00120086,Limit Exceeded,1,Resolved
FAIL0005660,TXN00120089,Bank Server Error,1,Resolved
FAIL0005661,TXN00120142,Limit Exceeded,1,Resolved
FAIL0005662,TXN00120178,Invalid PIN,1,Unresolved
FAIL0005663,TXN00120201,Invalid PIN,1,Resolved
FAIL0005664,TXN00120238,Limit Exceeded,1,Resolved
FAIL0005665,TXN00120284,Bank Server Error,1,Resolved
FAIL0005666,TXN00120306,Payment Gateway Error,2,Resolved
FAIL0005667,TXN00120315,Invalid PIN,1,Resolved
FAIL0005668,TXN00120322,Insufficient Balance,3,Resolved
FAIL0005669,TXN00120349,Limit Exceeded,3,Resolved
FAIL0005670,TXN00120376,Limit Exceeded,1,Resolved
FAIL0005671,TXN00120389,Payment Gateway Error,1,Resolved
FAIL0005672,TXN00120419,Bank Server Error,1,Unresolved
FAIL0005673,TXN00120428,Payment Gateway Error,3,Resolved
FAIL0005674,TXN00120440,Insufficient Balance,1,Unresolved
FAIL0005675,TXN00120466,Payment Gateway Error,3,Unresolved
FAIL0005676,TXN00120467,Invalid PIN,1,Resolved
FAIL0005677,TXN00120499,Network Error,1,Resolved
FAIL0005678,TXN00120518,Payment Gateway Error,1,Unresolved
FAIL0005679,TXN00120526,Insufficient Balance,1,Unresolved
FAIL0005680,TXN00120541,Bank Server Error,2,Resolved
FAIL0005681,TXN00120582,Network Error,1,Resolved
FAIL0005682,TXN00120590,Limit Exceeded,2,Unresolved
FAIL0005683,TXN00120609,Payment Gateway Error,1,Unresolved
FAIL0005684,TXN00120679,Payment Gateway Error,2,Unresolved
FAIL0005685,TXN00120724,Network Error,1,Resolved
FAIL0005686,TXN00120732,Payment Gateway Error,1,Unresolved
FAIL0005687,TXN00120766,Network Error,3,Unresolved
FAIL0005688,TXN00120771,Network Error,2,Resolved
FAIL0005689,TXN00120773,Bank Server Error,1,Unresolved
FAIL0005690,TXN00120785,Insufficient Balance,1,Unresolved
FAIL0005691,TXN00120805,Payment Gateway Error,2,Resolved
FAIL0005692,TXN00120811,Bank Server Error,2,Unresolved
FAIL0005693,TXN00120816,Bank Server Error,3,Resolved
FAIL0005694,TXN00120851,Payment Gateway Error,2,Resolved
FAIL0005695,TXN00120863,Payment Gateway Error,1,Resolved
FAIL0005696,TXN00120879,Insufficient Balance,2,Unresolved
FAIL0005697,TXN00120915,Payment Gateway Error,1,Unresolved
FAIL0005698,TXN00120956,Timeout,1,Unresolved
FAIL0005699,TXN00120966,Network Error,1,Resolved
FAIL0005700,TXN00120997,Payment Gateway Error,1,Unresolved
FAIL0005701,TXN00121017,Bank Server Error,1,Resolved
FAIL0005702,TXN00121026,Insufficient Balance,2,Resolved
FAIL0005703,TXN00121031,Limit Exceeded,1,Resolved
FAIL0005704,TXN00121035,Network Error,1,Resolved
FAIL0005705,TXN00121039,Bank Server Error,1,Resolved
FAIL0005706,TXN00121045,Invalid PIN,2,Resolved
FAIL0005707,TXN00121050,Network Error,1,Resolved
FAIL0005708,TXN00121064,Bank Server Error,1,Unresolved
FAIL0005709,TXN00121071,Payment Gateway Error,2,Resolved
FAIL0005710,TXN00121096,Bank Server Error,1,Resolved
FAIL0005711,TXN00121134,Network Error,1,Unresolved
FAIL0005712,TXN00121177,Payment Gateway Error,1,Unresolved
FAIL0005713,TXN00121182,Limit Exceeded,1,Resolved
FAIL0005714,TXN00121198,Bank Server Error,1,Resolved
FAIL0005715,TXN00121208,Payment Gateway Error,3,Resolved
FAIL0005716,TXN00121235,Bank Server Error,1,Unresolved
FAIL0005717,TXN00121252,Bank Server Error,1,Resolved
FAIL0005718,TXN00121283,Bank Server Error,1,Resolved
FAIL0005719,TXN00121296,Network Error,1,Unresolved
FAIL0005720,TXN00121299,Payment Gateway Error,1,Resolved
FAIL0005721,TXN00121319,Bank Server Error,1,Resolved
FAIL0005722,TXN00121336,Limit Exceeded,2,Resolved
FAIL0005723,TXN00121345,Bank Server Error,2,Resolved
FAIL0005724,TXN00121360,Insufficient Balance,3,Resolved
FAIL0005725,TXN00121384,Invalid PIN,1,Resolved
FAIL0005726,TXN00121395,Payment Gateway Error,2,Resolved
FAIL0005727,TXN00121446,Bank Server Error,1,Unresolved
FAIL0005728,TXN00121495,Timeout,1,Unresolved
FAIL0005729,TXN00121528,Invalid PIN,1,Resolved
FAIL0005730,TXN00121556,Timeout,1,Resolved
FAIL0005731,TXN00121558,Limit Exceeded,3,Resolved
FAIL0005732,TXN00121566,Limit Exceeded,2,Resolved
FAIL0005733,TXN00121577,Timeout,1,Resolved
FAIL0005734,TXN00121642,Invalid PIN,2,Resolved
FAIL0005735,TXN00121650,Payment Gateway Error,1,Resolved
FAIL0005736,TXN00121672,Payment Gateway Error,1,Unresolved
FAIL0005737,TXN00121703,Insufficient Balance,1,Unresolved
FAIL0005738,TXN00121726,Insufficient Balance,2,Unresolved
FAIL0005739,TXN00121736,Limit Exceeded,1,Resolved
FAIL0005740,TXN00121764,Network Error,2,Resolved
FAIL0005741,TXN00121785,Bank Server Error,1,Resolved
FAIL0005742,TXN00121795,Insufficient Balance,1,Resolved
FAIL0005743,TXN00121808,Timeout,1,Resolved
FAIL0005744,TXN00121816,Bank Server Error,2,Resolved
FAIL0005745,TXN00121826,Payment Gateway Error,1,Unresolved
FAIL0005746,TXN00121845,Network Error,2,Resolved
FAIL0005747,TXN00121847,Timeout,2,Resolved
FAIL0005748,TXN00121895,Bank Server Error,2,Resolved
FAIL0005749,TXN00121905,Bank Server Error,3,Unresolved
FAIL0005750,TXN00121919,Network Error,1,Resolved
FAIL0005751,TXN00121935,Bank Server Error,2,Resolved
FAIL0005752,TXN00121939,Invalid PIN,2,Resolved
FAIL0005753,TXN00121956,Limit Exceeded,1,Resolved
FAIL0005754,TXN00121959,Limit Exceeded,2,Resolved
FAIL0005755,TXN00121989,Bank Server Error,2,Resolved
FAIL0005756,TXN00122020,Bank Server Error,1,Unresolved
FAIL0005757,TXN00122021,Network Error,1,Unresolved
FAIL0005758,TXN00122064,Payment Gateway Error,3,Unresolved
FAIL0005759,TXN00122078,Bank Server Error,2,Unresolved
FAIL0005760,TXN00122090,Network Error,2,Resolved
FAIL0005761,TXN00122130,Bank Server Error,1,Resolved
FAIL0005762,TXN00122159,Insufficient Balance,1,Resolved
FAIL0005763,TXN00122189,Insufficient Balance,1,Unresolved
FAIL0005764,TXN00122249,Network Error,2,Resolved
FAIL0005765,TXN00122259,Insufficient Balance,2,Unresolved
FAIL0005766,TXN00122280,Bank Server Error,1,Unresolved
FAIL0005767,TXN00122299,Invalid PIN,1,Resolved
FAIL0005768,TXN00122301,Bank Server Error,1,Resolved
FAIL0005769,TXN00122303,Insufficient Balance,1,Resolved
FAIL0005770,TXN00122309,Payment Gateway Error,1,Resolved
FAIL0005771,TXN00122355,Insufficient Balance,1,Unresolved
FAIL0005772,TXN00122358,Limit Exceeded,2,Resolved
FAIL0005773,TXN00122363,Payment Gateway Error,1,Resolved
FAIL0005774,TXN00122374,Bank Server Error,2,Unresolved
FAIL0005775,TXN00122441,Insufficient Balance,1,Resolved
FAIL0005776,TXN00122486,Insufficient Balance,1,Unresolved
FAIL0005777,TXN00122489,Timeout,1,Resolved
FAIL0005778,TXN00122523,Timeout,1,Resolved
FAIL0005779,TXN00122536,Payment Gateway Error,2,Resolved
FAIL0005780,TXN00122543,Payment Gateway Error,1,Resolved
FAIL0005781,TXN00122618,Bank Server Error,1,Resolved
FAIL0005782,TXN00122662,Bank Server Error,1,Resolved
FAIL0005783,TXN00122676,Bank Server Error,1,Resolved
FAIL0005784,TXN00122716,Timeout,1,Unresolved
FAIL0005785,TXN00122728,Payment Gateway Error,1,Resolved
FAIL0005786,TXN00122782,Insufficient Balance,2,Resolved
FAIL0005787,TXN00122817,Network Error,1,Resolved
FAIL0005788,TXN00122827,Bank Server Error,1,Resolved
FAIL0005789,TXN00122851,Invalid PIN,1,Resolved
FAIL0005790,TXN00122858,Network Error,1,Resolved
FAIL0005791,TXN00122902,Payment Gateway Error,2,Resolved
FAIL0005792,TXN00122918,Insufficient Balance,1,Unresolved
FAIL0005793,TXN00122926,Payment Gateway Error,1,Unresolved
FAIL0005794,TXN00122967,Insufficient Balance,1,Resolved
FAIL0005795,TXN00122985,Payment Gateway Error,2,Resolved
FAIL0005796,TXN00122989,Timeout,3,Unresolved
FAIL0005797,TXN00123013,Bank Server Error,1,Unresolved
FAIL0005798,TXN00123057,Insufficient Balance,3,Unresolved
FAIL0005799,TXN00123062,Bank Server Error,2,Resolved
FAIL0005800,TXN00123065,Insufficient Balance,3,Resolved
FAIL0005801,TXN00123067,Timeout,1,Resolved
FAIL0005802,TXN00123081,Limit Exceeded,1,Resolved
FAIL0005803,TXN00123102,Payment Gateway Error,1,Unresolved
FAIL0005804,TXN00123116,Timeout,1,Unresolved
FAIL0005805,TXN00123141,Insufficient Balance,1,Resolved
FAIL0005806,TXN00123154,Insufficient Balance,1,Unresolved
FAIL0005807,TXN00123163,Limit Exceeded,1,Resolved
FAIL0005808,TXN00123188,Timeout,1,Unresolved
FAIL0005809,TXN00123191,Limit Exceeded,1,Unresolved
FAIL0005810,TXN00123199,Payment Gateway Error,1,Resolved
FAIL0005811,TXN00123232,Limit Exceeded,1,Unresolved
FAIL0005812,TXN00123333,Bank Server Error,2,Unresolved
FAIL0005813,TXN00123337,Network Error,1,Resolved
FAIL0005814,TXN00123349,Network Error,1,Resolved
FAIL0005815,TXN00123357,Insufficient Balance,2,Resolved
FAIL0005816,TXN00123358,Payment Gateway Error,1,Unresolved
FAIL0005817,TXN00123388,Limit Exceeded,2,Resolved
FAIL0005818,TXN00123412,Invalid PIN,2,Resolved
FAIL0005819,TXN00123413,Limit Exceeded,1,Unresolved
FAIL0005820,TXN00123424,Invalid PIN,1,Resolved
FAIL0005821,TXN00123433,Bank Server Error,2,Unresolved
FAIL0005822,TXN00123435,Payment Gateway Error,2,Resolved
FAIL0005823,TXN00123440,Payment Gateway Error,2,Unresolved
FAIL0005824,TXN00123485,Network Error,1,Unresolved
FAIL0005825,TXN00123531,Invalid PIN,1,Unresolved
FAIL0005826,TXN00123538,Insufficient Balance,1,Resolved
FAIL0005827,TXN00123562,Bank Server Error,1,Resolved
FAIL0005828,TXN00123570,Bank Server Error,2,Resolved
FAIL0005829,TXN00123590,Limit Exceeded,1,Unresolved
FAIL0005830,TXN00123593,Payment Gateway Error,1,Resolved
FAIL0005831,TXN00123595,Payment Gateway Error,1,Resolved
FAIL0005832,TXN00123605,Invalid PIN,1,Unresolved
FAIL0005833,TXN00123679,Network Error,1,Resolved
FAIL0005834,TXN00123711,Bank Server Error,1,Resolved
FAIL0005835,TXN00123729,Bank Server Error,1,Unresolved
FAIL0005836,TXN00123742,Timeout,2,Unresolved
FAIL0005837,TXN00123751,Payment Gateway Error,2,Resolved
FAIL0005838,TXN00123762,Payment Gateway Error,1,Unresolved
FAIL0005839,TXN00123797,Limit Exceeded,2,Resolved
FAIL0005840,TXN00123811,Payment Gateway Error,1,Resolved
FAIL0005841,TXN00123812,Payment Gateway Error,1,Unresolved
FAIL0005842,TXN00123827,Limit Exceeded,1,Resolved
FAIL0005843,TXN00123829,Payment Gateway Error,2,Resolved
FAIL0005844,TXN00123832,Invalid PIN,1,Unresolved
FAIL0005845,TXN00123842,Insufficient Balance,1,Resolved
FAIL0005846,TXN00123875,Network Error,1,Resolved
FAIL0005847,TXN00123917,Payment Gateway Error,2,Resolved
FAIL0005848,TXN00123947,Payment Gateway Error,2,Resolved
FAIL0005849,TXN00123975,Limit Exceeded,1,Unresolved
FAIL0005850,TXN00123989,Bank Server Error,1,Unresolved
FAIL0005851,TXN00124040,Payment Gateway Error,2,Resolved
FAIL0005852,TXN00124051,Payment Gateway Error,1,Resolved
FAIL0005853,TXN00124073,Network Error,1,Unresolved
FAIL0005854,TXN00124079,Insufficient Balance,1,Resolved
FAIL0005855,TXN00124106,Payment Gateway Error,2,Unresolved
FAIL0005856,TXN00124111,Bank Server Error,1,Resolved
FAIL0005857,TXN00124117,Payment Gateway Error,3,Resolved
FAIL0005858,TXN00124142,Invalid PIN,1,Resolved
FAIL0005859,TXN00124191,Limit Exceeded,1,Resolved
FAIL0005860,TXN00124247,Timeout,1,Unresolved
FAIL0005861,TXN00124257,Network Error,3,Resolved
FAIL0005862,TXN00124281,Payment Gateway Error,1,Unresolved
FAIL0005863,TXN00124344,Insufficient Balance,2,Resolved
FAIL0005864,TXN00124359,Invalid PIN,1,Resolved
FAIL0005865,TXN00124360,Payment Gateway Error,1,Unresolved
FAIL0005866,TXN00124424,Insufficient Balance,1,Resolved
FAIL0005867,TXN00124426,Network Error,1,Unresolved
FAIL0005868,TXN00124460,Invalid PIN,1,Resolved
FAIL0005869,TXN00124511,Limit Exceeded,1,Resolved
FAIL0005870,TXN00124561,Bank Server Error,1,Resolved
FAIL0005871,TXN00124584,Payment Gateway Error,1,Unresolved
FAIL0005872,TXN00124651,Network Error,2,Unresolved
FAIL0005873,TXN00124660,Payment Gateway Error,1,Resolved
FAIL0005874,TXN00124751,Network Error,1,Resolved
FAIL0005875,TXN00124808,Network Error,1,Resolved
FAIL0005876,TXN00124828,Bank Server Error,2,Unresolved
FAIL0005877,TXN00124833,Insufficient Balance,2,Resolved
FAIL0005878,TXN00124844,Payment Gateway Error,1,Unresolved
FAIL0005879,TXN00124858,Insufficient Balance,1,Unresolved
FAIL0005880,TXN00124866,Network Error,1,Resolved
FAIL0005881,TXN00124884,Insufficient Balance,1,Resolved
FAIL0005882,TXN00124935,Invalid PIN,1,Resolved
FAIL0005883,TXN00124948,Insufficient Balance,2,Resolved
FAIL0005884,TXN00124973,Bank Server Error,2,Unresolved
FAIL0005885,TXN00124996,Insufficient Balance,3,Resolved
FAIL0005886,TXN00124998,Invalid PIN,2,Resolved
FAIL0005887,TXN00125033,Bank Server Error,1,Unresolved
FAIL0005888,TXN00125040,Payment Gateway Error,3,Resolved
FAIL0005889,TXN00125056,Insufficient Balance,1,Resolved
FAIL0005890,TXN00125058,Bank Server Error,1,Unresolved
FAIL0005891,TXN00125082,Insufficient Balance,1,Unresolved
FAIL0005892,TXN00125126,Limit Exceeded,1,Resolved
FAIL0005893,TXN00125137,Limit Exceeded,2,Unresolved
FAIL0005894,TXN00125141,Insufficient Balance,1,Resolved
FAIL0005895,TXN00125152,Payment Gateway Error,2,Unresolved
FAIL0005896,TXN00125182,Payment Gateway Error,2,Resolved
FAIL0005897,TXN00125196,Limit Exceeded,1,Unresolved
FAIL0005898,TXN00125263,Insufficient Balance,1,Unresolved
FAIL0005899,TXN00125278,Insufficient Balance,1,Resolved
FAIL0005900,TXN00125279,Insufficient Balance,1,Resolved
FAIL0005901,TXN00125312,Insufficient Balance,2,Unresolved
FAIL0005902,TXN00125345,Network Error,1,Resolved
FAIL0005903,TXN00125353,Invalid PIN,1,Resolved
FAIL0005904,TXN00125361,Limit Exceeded,1,Resolved
FAIL0005905,TXN00125367,Bank Server Error,2,Resolved
FAIL0005906,TXN00125377,Insufficient Balance,1,Resolved
FAIL0005907,TXN00125403,Payment Gateway Error,1,Resolved
FAIL0005908,TXN00125438,Limit Exceeded,1,Unresolved
FAIL0005909,TXN00125458,Invalid PIN,2,Resolved
FAIL0005910,TXN00125481,Invalid PIN,1,Unresolved
FAIL0005911,TXN00125500,Bank Server Error,2,Unresolved
FAIL0005912,TXN00125523,Limit Exceeded,1,Unresolved
FAIL0005913,TXN00125552,Bank Server Error,1,Resolved
FAIL0005914,TXN00125585,Payment Gateway Error,1,Resolved
FAIL0005915,TXN00125594,Bank Server Error,1,Resolved
FAIL0005916,TXN00125625,Bank Server Error,2,Resolved
FAIL0005917,TXN00125628,Payment Gateway Error,1,Unresolved
FAIL0005918,TXN00125630,Timeout,1,Unresolved
FAIL0005919,TXN00125637,Timeout,1,Unresolved
FAIL0005920,TXN00125646,Invalid PIN,1,Resolved
FAIL0005921,TXN00125660,Insufficient Balance,1,Unresolved
FAIL0005922,TXN00125661,Limit Exceeded,1,Resolved
FAIL0005923,TXN00125694,Network Error,1,Unresolved
FAIL0005924,TXN00125702,Insufficient Balance,1,Unresolved
FAIL0005925,TXN00125731,Bank Server Error,2,Resolved
FAIL0005926,TXN00125733,Bank Server Error,1,Resolved
FAIL0005927,TXN00125749,Bank Server Error,1,Resolved
FAIL0005928,TXN00125768,Payment Gateway Error,1,Resolved
FAIL0005929,TXN00125790,Insufficient Balance,1,Resolved
FAIL0005930,TXN00125819,Insufficient Balance,1,Resolved
FAIL0005931,TXN00125841,Timeout,1,Resolved
FAIL0005932,TXN00125922,Insufficient Balance,1,Unresolved
FAIL0005933,TXN00125956,Limit Exceeded,1,Resolved
FAIL0005934,TXN00125975,Bank Server Error,3,Resolved
FAIL0005935,TXN00125978,Insufficient Balance,1,Resolved
FAIL0005936,TXN00125988,Limit Exceeded,1,Resolved
FAIL0005937,TXN00125996,Insufficient Balance,1,Unresolved
FAIL0005938,TXN00126013,Payment Gateway Error,1,Unresolved
FAIL0005939,TXN00126052,Timeout,1,Unresolved
FAIL0005940,TXN00126063,Bank Server Error,2,Resolved
FAIL0005941,TXN00126066,Bank Server Error,2,Resolved
FAIL0005942,TXN00126087,Bank Server Error,1,Resolved
FAIL0005943,TXN00126100,Network Error,1,Resolved
FAIL0005944,TXN00126110,Payment Gateway Error,2,Unresolved
FAIL0005945,TXN00126119,Limit Exceeded,2,Resolved
FAIL0005946,TXN00126170,Bank Server Error,1,Resolved
FAIL0005947,TXN00126230,Network Error,1,Unresolved
FAIL0005948,TXN00126247,Bank Server Error,1,Resolved
FAIL0005949,TXN00126285,Insufficient Balance,1,Resolved
FAIL0005950,TXN00126324,Insufficient Balance,3,Resolved
FAIL0005951,TXN00126351,Bank Server Error,3,Resolved
FAIL0005952,TXN00126355,Insufficient Balance,1,Resolved
FAIL0005953,TXN00126407,Payment Gateway Error,1,Unresolved
FAIL0005954,TXN00126419,Bank Server Error,1,Resolved
FAIL0005955,TXN00126420,Payment Gateway Error,2,Resolved
FAIL0005956,TXN00126421,Insufficient Balance,1,Unresolved
FAIL0005957,TXN00126474,Limit Exceeded,2,Unresolved
FAIL0005958,TXN00126484,Bank Server Error,1,Resolved
FAIL0005959,TXN00126519,Invalid PIN,1,Resolved
FAIL0005960,TXN00126533,Insufficient Balance,3,Resolved
FAIL0005961,TXN00126556,Bank Server Error,1,Unresolved
FAIL0005962,TXN00126593,Invalid PIN,1,Unresolved
FAIL0005963,TXN00126595,Insufficient Balance,1,Unresolved
FAIL0005964,TXN00126597,Insufficient Balance,2,Resolved
FAIL0005965,TXN00126598,Bank Server Error,2,Resolved
FAIL0005966,TXN00126602,Limit Exceeded,1,Resolved
FAIL0005967,TXN00126605,Insufficient Balance,2,Unresolved
FAIL0005968,TXN00126620,Limit Exceeded,1,Unresolved
FAIL0005969,TXN00126643,Network Error,1,Resolved
FAIL0005970,TXN00126682,Limit Exceeded,1,Resolved
FAIL0005971,TXN00126718,Bank Server Error,2,Resolved
FAIL0005972,TXN00126719,Insufficient Balance,2,Resolved
FAIL0005973,TXN00126721,Insufficient Balance,1,Unresolved
FAIL0005974,TXN00126736,Insufficient Balance,1,Resolved
FAIL0005975,TXN00126765,Payment Gateway Error,1,Unresolved
FAIL0005976,TXN00126782,Timeout,3,Resolved
FAIL0005977,TXN00126798,Bank Server Error,2,Unresolved
FAIL0005978,TXN00126805,Limit Exceeded,1,Resolved
FAIL0005979,TXN00126831,Insufficient Balance,1,Resolved
FAIL0005980,TXN00126879,Insufficient Balance,1,Unresolved
FAIL0005981,TXN00126917,Timeout,1,Unresolved
FAIL0005982,TXN00126920,Bank Server Error,1,Resolved
FAIL0005983,TXN00126948,Insufficient Balance,1,Unresolved
FAIL0005984,TXN00126966,Payment Gateway Error,1,Resolved
FAIL0005985,TXN00126968,Payment Gateway Error,2,Resolved
FAIL0005986,TXN00126969,Limit Exceeded,1,Unresolved
FAIL0005987,TXN00126976,Network Error,2,Resolved
FAIL0005988,TXN00127036,Insufficient Balance,1,Resolved
FAIL0005989,TXN00127043,Bank Server Error,1,Resolved
FAIL0005990,TXN00127051,Bank Server Error,1,Resolved
FAIL0005991,TXN00127095,Payment Gateway Error,2,Resolved
FAIL0005992,TXN00127140,Insufficient Balance,2,Resolved
FAIL0005993,TXN00127242,Insufficient Balance,2,Resolved
FAIL0005994,TXN00127253,Limit Exceeded,1,Unresolved
FAIL0005995,TXN00127273,Bank Server Error,3,Resolved
FAIL0005996,TXN00127276,Limit Exceeded,2,Unresolved
FAIL0005997,TXN00127324,Insufficient Balance,1,Unresolved
FAIL0005998,TXN00127343,Insufficient Balance,1,Unresolved
FAIL0005999,TXN00127348,Network Error,1,Resolved
FAIL0006000,TXN00127379,Bank Server Error,1,Resolved
FAIL0006001,TXN00127395,Network Error,1,Unresolved
FAIL0006002,TXN00127425,Limit Exceeded,1,Unresolved
FAIL0006003,TXN00127446,Network Error,1,Resolved
FAIL0006004,TXN00127474,Invalid PIN,1,Resolved
FAIL0006005,TXN00127507,Network Error,1,Resolved
FAIL0006006,TXN00127524,Bank Server Error,1,Unresolved
FAIL0006007,TXN00127581,Invalid PIN,2,Resolved
FAIL0006008,TXN00127588,Timeout,1,Unresolved
FAIL0006009,TXN00127600,Timeout,2,Resolved
FAIL0006010,TXN00127635,Insufficient Balance,2,Resolved
FAIL0006011,TXN00127649,Payment Gateway Error,1,Resolved
FAIL0006012,TXN00127682,Bank Server Error,1,Resolved
FAIL0006013,TXN00127708,Payment Gateway Error,1,Resolved
FAIL0006014,TXN00127714,Limit Exceeded,2,Unresolved
FAIL0006015,TXN00127721,Insufficient Balance,1,Unresolved
FAIL0006016,TXN00127745,Network Error,1,Unresolved
FAIL0006017,TXN00127755,Payment Gateway Error,1,Resolved
FAIL0006018,TXN00127781,Bank Server Error,1,Resolved
FAIL0006019,TXN00127819,Payment Gateway Error,1,Resolved
FAIL0006020,TXN00127824,Insufficient Balance,1,Resolved
FAIL0006021,TXN00127830,Insufficient Balance,1,Resolved
FAIL0006022,TXN00127836,Bank Server Error,1,Resolved
FAIL0006023,TXN00127847,Network Error,1,Resolved
FAIL0006024,TXN00127848,Limit Exceeded,1,Unresolved
FAIL0006025,TXN00127880,Payment Gateway Error,2,Resolved
FAIL0006026,TXN00127899,Timeout,2,Resolved
FAIL0006027,TXN00127906,Network Error,1,Resolved
FAIL0006028,TXN00127909,Insufficient Balance,1,Resolved
FAIL0006029,TXN00127916,Network Error,1,Resolved
FAIL0006030,TXN00127919,Bank Server Error,3,Resolved
FAIL0006031,TXN00127937,Payment Gateway Error,1,Unresolved
FAIL0006032,TXN00127972,Payment Gateway Error,1,Unresolved
FAIL0006033,TXN00127975,Network Error,1,Unresolved
FAIL0006034,TXN00127989,Network Error,1,Resolved
FAIL0006035,TXN00127990,Limit Exceeded,2,Resolved
FAIL0006036,TXN00128000,Network Error,2,Resolved
FAIL0006037,TXN00128086,Bank Server Error,1,Resolved
FAIL0006038,TXN00128110,Network Error,1,Resolved
FAIL0006039,TXN00128127,Payment Gateway Error,2,Resolved
FAIL0006040,TXN00128129,Bank Server Error,1,Resolved
FAIL0006041,TXN00128190,Timeout,1,Resolved
FAIL0006042,TXN00128240,Bank Server Error,1,Resolved
FAIL0006043,TXN00128247,Bank Server Error,2,Resolved
FAIL0006044,TXN00128277,Invalid PIN,1,Resolved
FAIL0006045,TXN00128287,Network Error,1,Resolved
FAIL0006046,TXN00128350,Limit Exceeded,1,Unresolved
FAIL0006047,TXN00128354,Insufficient Balance,1,Resolved
FAIL0006048,TXN00128364,Invalid PIN,1,Unresolved
FAIL0006049,TXN00128426,Bank Server Error,1,Resolved
FAIL0006050,TXN00128450,Payment Gateway Error,1,Resolved
FAIL0006051,TXN00128479,Bank Server Error,2,Resolved
FAIL0006052,TXN00128523,Limit Exceeded,1,Unresolved
FAIL0006053,TXN00128528,Bank Server Error,2,Unresolved
FAIL0006054,TXN00128573,Payment Gateway Error,1,Resolved
FAIL0006055,TXN00128600,Limit Exceeded,1,Unresolved
FAIL0006056,TXN00128655,Payment Gateway Error,1,Resolved
FAIL0006057,TXN00128693,Timeout,1,Unresolved
FAIL0006058,TXN00128701,Payment Gateway Error,1,Resolved
FAIL0006059,TXN00128705,Payment Gateway Error,2,Resolved
FAIL0006060,TXN00128710,Insufficient Balance,1,Unresolved
FAIL0006061,TXN00128733,Payment Gateway Error,1,Unresolved
FAIL0006062,TXN00128812,Bank Server Error,2,Resolved
FAIL0006063,TXN00128874,Network Error,1,Unresolved
FAIL0006064,TXN00128887,Network Error,1,Resolved
FAIL0006065,TXN00128899,Limit Exceeded,1,Resolved
FAIL0006066,TXN00128915,Invalid PIN,2,Resolved
FAIL0006067,TXN00128949,Insufficient Balance,1,Resolved
FAIL0006068,TXN00128977,Insufficient Balance,1,Resolved
FAIL0006069,TXN00128982,Limit Exceeded,1,Resolved
FAIL0006070,TXN00128994,Network Error,1,Resolved
FAIL0006071,TXN00129002,Limit Exceeded,3,Resolved
FAIL0006072,TXN00129009,Payment Gateway Error,1,Unresolved
FAIL0006073,TXN00129027,Bank Server Error,1,Resolved
FAIL0006074,TXN00129111,Bank Server Error,1,Unresolved
FAIL0006075,TXN00129119,Insufficient Balance,1,Resolved
FAIL0006076,TXN00129179,Limit Exceeded,1,Resolved
FAIL0006077,TXN00129217,Timeout,1,Resolved
FAIL0006078,TXN00129236,Bank Server Error,1,Unresolved
FAIL0006079,TXN00129261,Insufficient Balance,1,Resolved
FAIL0006080,TXN00129317,Invalid PIN,1,Resolved
FAIL0006081,TXN00129391,Network Error,1,Resolved
FAIL0006082,TXN00129399,Limit Exceeded,1,Resolved
FAIL0006083,TXN00129409,Bank Server Error,1,Resolved
FAIL0006084,TXN00129505,Insufficient Balance,1,Resolved
FAIL0006085,TXN00129542,Bank Server Error,1,Resolved
FAIL0006086,TXN00129604,Payment Gateway Error,1,Unresolved
FAIL0006087,TXN00129622,Bank Server Error,2,Resolved
FAIL0006088,TXN00129624,Insufficient Balance,1,Unresolved
FAIL0006089,TXN00129638,Payment Gateway Error,1,Unresolved
FAIL0006090,TXN00129647,Network Error,1,Unresolved
FAIL0006091,TXN00129676,Bank Server Error,1,Resolved
FAIL0006092,TXN00129694,Bank Server Error,1,Resolved
FAIL0006093,TXN00129723,Limit Exceeded,1,Resolved
FAIL0006094,TXN00129729,Payment Gateway Error,1,Resolved
FAIL0006095,TXN00129738,Payment Gateway Error,1,Unresolved
FAIL0006096,TXN00129745,Invalid PIN,1,Resolved
FAIL0006097,TXN00129795,Payment Gateway Error,2,Resolved
FAIL0006098,TXN00129861,Network Error,2,Resolved
FAIL0006099,TXN00129875,Payment Gateway Error,2,Unresolved
FAIL0006100,TXN00129882,Network Error,1,Unresolved
FAIL0006101,TXN00129901,Timeout,2,Resolved
FAIL0006102,TXN00129923,Invalid PIN,2,Resolved
FAIL0006103,TXN00129926,Payment Gateway Error,1,Unresolved
FAIL0006104,TXN00129936,Network Error,3,Resolved
FAIL0006105,TXN00129939,Invalid PIN,1,Resolved
FAIL0006106,TXN00129970,Insufficient Balance,1,Unresolved
FAIL0006107,TXN00130042,Network Error,3,Resolved
FAIL0006108,TXN00130045,Network Error,1,Unresolved
FAIL0006109,TXN00130048,Payment Gateway Error,1,Resolved
FAIL0006110,TXN00130051,Invalid PIN,1,Resolved
FAIL0006111,TXN00130052,Limit Exceeded,1,Unresolved
FAIL0006112,TXN00130079,Bank Server Error,2,Resolved
FAIL0006113,TXN00130088,Payment Gateway Error,1,Resolved
FAIL0006114,TXN00130099,Network Error,1,Unresolved
FAIL0006115,TXN00130107,Invalid PIN,1,Unresolved
FAIL0006116,TXN00130127,Network Error,2,Resolved
FAIL0006117,TXN00130140,Invalid PIN,3,Resolved
FAIL0006118,TXN00130181,Insufficient Balance,2,Resolved
FAIL0006119,TXN00130185,Bank Server Error,1,Unresolved
FAIL0006120,TXN00130196,Limit Exceeded,1,Resolved
FAIL0006121,TXN00130198,Limit Exceeded,1,Unresolved
FAIL0006122,TXN00130201,Invalid PIN,3,Resolved
FAIL0006123,TXN00130218,Timeout,1,Unresolved
FAIL0006124,TXN00130227,Limit Exceeded,1,Resolved
FAIL0006125,TXN00130249,Insufficient Balance,2,Resolved
FAIL0006126,TXN00130311,Insufficient Balance,1,Resolved
FAIL0006127,TXN00130354,Bank Server Error,1,Resolved
FAIL0006128,TXN00130370,Bank Server Error,1,Unresolved
FAIL0006129,TXN00130390,Payment Gateway Error,2,Unresolved
FAIL0006130,TXN00130394,Payment Gateway Error,1,Unresolved
FAIL0006131,TXN00130424,Bank Server Error,2,Resolved
FAIL0006132,TXN00130442,Limit Exceeded,1,Resolved
FAIL0006133,TXN00130451,Bank Server Error,1,Resolved
FAIL0006134,TXN00130455,Payment Gateway Error,2,Resolved
FAIL0006135,TXN00130529,Payment Gateway Error,3,Resolved
FAIL0006136,TXN00130540,Bank Server Error,2,Unresolved
FAIL0006137,TXN00130554,Network Error,3,Resolved
FAIL0006138,TXN00130579,Bank Server Error,2,Resolved
FAIL0006139,TXN00130582,Bank Server Error,2,Resolved
FAIL0006140,TXN00130595,Insufficient Balance,2,Resolved
FAIL0006141,TXN00130596,Payment Gateway Error,1,Unresolved
FAIL0006142,TXN00130602,Insufficient Balance,1,Resolved
FAIL0006143,TXN00130615,Limit Exceeded,1,Resolved
FAIL0006144,TXN00130630,Limit Exceeded,1,Resolved
FAIL0006145,TXN00130644,Insufficient Balance,1,Resolved
FAIL0006146,TXN00130701,Bank Server Error,1,Unresolved
FAIL0006147,TXN00130722,Payment Gateway Error,1,Resolved
FAIL0006148,TXN00130735,Insufficient Balance,1,Resolved
FAIL0006149,TXN00130738,Invalid PIN,3,Resolved
FAIL0006150,TXN00130758,Network Error,1,Resolved
FAIL0006151,TXN00130803,Network Error,1,Resolved
FAIL0006152,TXN00130817,Payment Gateway Error,1,Resolved
FAIL0006153,TXN00130819,Invalid PIN,1,Resolved
FAIL0006154,TXN00130863,Insufficient Balance,1,Resolved
FAIL0006155,TXN00130879,Bank Server Error,1,Unresolved
FAIL0006156,TXN00130900,Payment Gateway Error,3,Resolved
FAIL0006157,TXN00130903,Bank Server Error,1,Unresolved
FAIL0006158,TXN00130906,Insufficient Balance,1,Unresolved
FAIL0006159,TXN00130951,Timeout,1,Unresolved
FAIL0006160,TXN00130958,Limit Exceeded,2,Resolved
FAIL0006161,TXN00130980,Limit Exceeded,1,Unresolved
FAIL0006162,TXN00130995,Insufficient Balance,1,Unresolved
FAIL0006163,TXN00130998,Limit Exceeded,1,Resolved
FAIL0006164,TXN00131001,Insufficient Balance,1,Resolved
FAIL0006165,TXN00131062,Invalid PIN,2,Unresolved
FAIL0006166,TXN00131087,Insufficient Balance,1,Resolved
FAIL0006167,TXN00131106,Insufficient Balance,1,Resolved
FAIL0006168,TXN00131114,Network Error,1,Resolved
FAIL0006169,TXN00131122,Limit Exceeded,2,Unresolved
FAIL0006170,TXN00131149,Bank Server Error,1,Resolved
FAIL0006171,TXN00131157,Bank Server Error,2,Resolved
FAIL0006172,TXN00131165,Bank Server Error,1,Resolved
FAIL0006173,TXN00131186,Insufficient Balance,1,Unresolved
FAIL0006174,TXN00131188,Limit Exceeded,1,Resolved
FAIL0006175,TXN00131202,Payment Gateway Error,2,Resolved
FAIL0006176,TXN00131217,Insufficient Balance,1,Resolved
FAIL0006177,TXN00131246,Insufficient Balance,1,Unresolved
FAIL0006178,TXN00131269,Network Error,1,Resolved
FAIL0006179,TXN00131279,Limit Exceeded,1,Resolved
FAIL0006180,TXN00131288,Payment Gateway Error,1,Resolved
FAIL0006181,TXN00131410,Invalid PIN,1,Resolved
FAIL0006182,TXN00131411,Network Error,1,Unresolved
FAIL0006183,TXN00131425,Payment Gateway Error,1,Unresolved
FAIL0006184,TXN00131442,Bank Server Error,2,Resolved
FAIL0006185,TXN00131449,Payment Gateway Error,1,Unresolved
FAIL0006186,TXN00131493,Payment Gateway Error,1,Resolved
FAIL0006187,TXN00131509,Payment Gateway Error,1,Resolved
FAIL0006188,TXN00131545,Payment Gateway Error,3,Resolved
FAIL0006189,TXN00131568,Limit Exceeded,3,Unresolved
FAIL0006190,TXN00131582,Insufficient Balance,2,Resolved
FAIL0006191,TXN00131613,Insufficient Balance,3,Resolved
FAIL0006192,TXN00131629,Bank Server Error,2,Resolved
FAIL0006193,TXN00131662,Insufficient Balance,3,Resolved
FAIL0006194,TXN00131683,Bank Server Error,1,Unresolved
FAIL0006195,TXN00131688,Insufficient Balance,1,Unresolved
FAIL0006196,TXN00131699,Bank Server Error,2,Resolved
FAIL0006197,TXN00131719,Bank Server Error,1,Resolved
FAIL0006198,TXN00131750,Bank Server Error,1,Resolved
FAIL0006199,TXN00131800,Insufficient Balance,1,Resolved
FAIL0006200,TXN00131802,Bank Server Error,1,Resolved
FAIL0006201,TXN00131865,Invalid PIN,1,Unresolved
FAIL0006202,TXN00131914,Bank Server Error,1,Resolved
FAIL0006203,TXN00131924,Timeout,1,Resolved
FAIL0006204,TXN00131932,Insufficient Balance,2,Resolved
FAIL0006205,TXN00131940,Bank Server Error,1,Resolved
FAIL0006206,TXN00131968,Bank Server Error,2,Resolved
FAIL0006207,TXN00131974,Bank Server Error,1,Resolved
FAIL0006208,TXN00131988,Invalid PIN,1,Unresolved
FAIL0006209,TXN00132015,Invalid PIN,1,Unresolved
FAIL0006210,TXN00132026,Timeout,1,Resolved
FAIL0006211,TXN00132030,Bank Server Error,1,Resolved
FAIL0006212,TXN00132041,Timeout,3,Resolved
FAIL0006213,TXN00132057,Payment Gateway Error,2,Resolved
FAIL0006214,TXN00132070,Insufficient Balance,2,Resolved
FAIL0006215,TXN00132075,Payment Gateway Error,1,Resolved
FAIL0006216,TXN00132086,Limit Exceeded,1,Unresolved
FAIL0006217,TXN00132094,Timeout,1,Resolved
FAIL0006218,TXN00132111,Timeout,1,Unresolved
FAIL0006219,TXN00132146,Insufficient Balance,2,Resolved
FAIL0006220,TXN00132151,Payment Gateway Error,1,Resolved
FAIL0006221,TXN00132154,Bank Server Error,1,Unresolved
FAIL0006222,TXN00132181,Limit Exceeded,2,Resolved
FAIL0006223,TXN00132240,Payment Gateway Error,1,Unresolved
FAIL0006224,TXN00132274,Limit Exceeded,1,Resolved
FAIL0006225,TXN00132275,Network Error,1,Unresolved
FAIL0006226,TXN00132351,Limit Exceeded,1,Resolved
FAIL0006227,TXN00132358,Bank Server Error,2,Resolved
FAIL0006228,TXN00132382,Network Error,1,Resolved
FAIL0006229,TXN00132424,Timeout,1,Resolved
FAIL0006230,TXN00132438,Network Error,1,Unresolved
FAIL0006231,TXN00132441,Bank Server Error,2,Resolved
FAIL0006232,TXN00132446,Invalid PIN,2,Resolved
FAIL0006233,TXN00132451,Payment Gateway Error,1,Unresolved
FAIL0006234,TXN00132463,Insufficient Balance,1,Unresolved
FAIL0006235,TXN00132514,Invalid PIN,3,Resolved
FAIL0006236,TXN00132516,Network Error,1,Resolved
FAIL0006237,TXN00132573,Network Error,1,Resolved
FAIL0006238,TXN00132575,Network Error,1,Resolved
FAIL0006239,TXN00132637,Payment Gateway Error,2,Resolved
FAIL0006240,TXN00132648,Limit Exceeded,1,Unresolved
FAIL0006241,TXN00132668,Network Error,1,Unresolved
FAIL0006242,TXN00132670,Bank Server Error,2,Unresolved
FAIL0006243,TXN00132672,Insufficient Balance,1,Resolved
FAIL0006244,TXN00132674,Bank Server Error,1,Resolved
FAIL0006245,TXN00132679,Network Error,2,Resolved
FAIL0006246,TXN00132703,Bank Server Error,3,Resolved
FAIL0006247,TXN00132740,Limit Exceeded,2,Unresolved
FAIL0006248,TXN00132754,Payment Gateway Error,3,Resolved
FAIL0006249,TXN00132760,Insufficient Balance,1,Unresolved
FAIL0006250,TXN00132779,Payment Gateway Error,1,Unresolved
FAIL0006251,TXN00132836,Limit Exceeded,1,Resolved
FAIL0006252,TXN00132943,Timeout,3,Resolved
FAIL0006253,TXN00132952,Insufficient Balance,1,Unresolved
FAIL0006254,TXN00132983,Network Error,2,Resolved
FAIL0006255,TXN00132987,Payment Gateway Error,2,Resolved
FAIL0006256,TXN00132995,Insufficient Balance,2,Resolved
FAIL0006257,TXN00133098,Bank Server Error,2,Resolved
FAIL0006258,TXN00133123,Limit Exceeded,1,Unresolved
FAIL0006259,TXN00133126,Insufficient Balance,1,Unresolved
FAIL0006260,TXN00133135,Bank Server Error,1,Resolved
FAIL0006261,TXN00133140,Insufficient Balance,3,Resolved
FAIL0006262,TXN00133141,Insufficient Balance,2,Resolved
FAIL0006263,TXN00133168,Timeout,2,Resolved
FAIL0006264,TXN00133208,Limit Exceeded,1,Resolved
FAIL0006265,TXN00133232,Insufficient Balance,1,Unresolved
FAIL0006266,TXN00133292,Timeout,1,Resolved
FAIL0006267,TXN00133295,Bank Server Error,1,Resolved
FAIL0006268,TXN00133306,Limit Exceeded,1,Unresolved
FAIL0006269,TXN00133308,Timeout,1,Resolved
FAIL0006270,TXN00133323,Bank Server Error,1,Unresolved
FAIL0006271,TXN00133333,Bank Server Error,1,Unresolved
FAIL0006272,TXN00133368,Insufficient Balance,1,Resolved
FAIL0006273,TXN00133374,Invalid PIN,1,Resolved
FAIL0006274,TXN00133395,Limit Exceeded,1,Unresolved
FAIL0006275,TXN00133411,Network Error,1,Resolved
FAIL0006276,TXN00133442,Limit Exceeded,2,Resolved
FAIL0006277,TXN00133448,Payment Gateway Error,1,Resolved
FAIL0006278,TXN00133458,Insufficient Balance,2,Resolved
FAIL0006279,TXN00133482,Bank Server Error,1,Unresolved
FAIL0006280,TXN00133494,Limit Exceeded,1,Unresolved
FAIL0006281,TXN00133515,Insufficient Balance,3,Unresolved
FAIL0006282,TXN00133568,Bank Server Error,1,Unresolved
FAIL0006283,TXN00133617,Invalid PIN,2,Resolved
FAIL0006284,TXN00133618,Bank Server Error,3,Unresolved
FAIL0006285,TXN00133623,Insufficient Balance,2,Resolved
FAIL0006286,TXN00133638,Bank Server Error,1,Resolved
FAIL0006287,TXN00133645,Network Error,2,Resolved
FAIL0006288,TXN00133651,Insufficient Balance,1,Unresolved
FAIL0006289,TXN00133666,Insufficient Balance,1,Unresolved
FAIL0006290,TXN00133711,Timeout,2,Resolved
FAIL0006291,TXN00133774,Network Error,2,Resolved
FAIL0006292,TXN00133805,Payment Gateway Error,2,Resolved
FAIL0006293,TXN00133847,Timeout,1,Unresolved
FAIL0006294,TXN00133892,Bank Server Error,1,Unresolved
FAIL0006295,TXN00133910,Insufficient Balance,1,Unresolved
FAIL0006296,TXN00133911,Network Error,2,Resolved
FAIL0006297,TXN00133920,Bank Server Error,2,Unresolved
FAIL0006298,TXN00133938,Bank Server Error,1,Resolved
FAIL0006299,TXN00134042,Payment Gateway Error,1,Resolved
FAIL0006300,TXN00134055,Limit Exceeded,2,Unresolved
FAIL0006301,TXN00134065,Invalid PIN,1,Resolved
FAIL0006302,TXN00134067,Insufficient Balance,1,Resolved
FAIL0006303,TXN00134153,Invalid PIN,1,Unresolved
FAIL0006304,TXN00134154,Payment Gateway Error,1,Resolved
FAIL0006305,TXN00134166,Insufficient Balance,1,Resolved
FAIL0006306,TXN00134191,Insufficient Balance,1,Unresolved
FAIL0006307,TXN00134198,Bank Server Error,2,Unresolved
FAIL0006308,TXN00134212,Limit Exceeded,2,Resolved
FAIL0006309,TXN00134224,Payment Gateway Error,1,Resolved
FAIL0006310,TXN00134230,Invalid PIN,1,Unresolved
FAIL0006311,TXN00134242,Insufficient Balance,1,Resolved
FAIL0006312,TXN00134286,Payment Gateway Error,1,Unresolved
FAIL0006313,TXN00134298,Limit Exceeded,1,Unresolved
FAIL0006314,TXN00134320,Limit Exceeded,1,Resolved
FAIL0006315,TXN00134321,Limit Exceeded,2,Resolved
FAIL0006316,TXN00134360,Payment Gateway Error,1,Unresolved
FAIL0006317,TXN00134371,Network Error,2,Resolved
FAIL0006318,TXN00134393,Limit Exceeded,3,Resolved
FAIL0006319,TXN00134415,Bank Server Error,1,Unresolved
FAIL0006320,TXN00134464,Timeout,1,Resolved
FAIL0006321,TXN00134468,Insufficient Balance,2,Resolved
FAIL0006322,TXN00134538,Payment Gateway Error,1,Resolved
FAIL0006323,TXN00134572,Timeout,2,Resolved
FAIL0006324,TXN00134639,Insufficient Balance,1,Resolved
FAIL0006325,TXN00134647,Bank Server Error,1,Unresolved
FAIL0006326,TXN00134649,Payment Gateway Error,1,Unresolved
FAIL0006327,TXN00134655,Bank Server Error,1,Resolved
FAIL0006328,TXN00134673,Bank Server Error,3,Resolved
FAIL0006329,TXN00134679,Network Error,1,Resolved
FAIL0006330,TXN00134698,Insufficient Balance,1,Unresolved
FAIL0006331,TXN00134721,Timeout,1,Unresolved
FAIL0006332,TXN00134760,Bank Server Error,1,Unresolved
FAIL0006333,TXN00134767,Insufficient Balance,1,Resolved
FAIL0006334,TXN00134772,Payment Gateway Error,1,Unresolved
FAIL0006335,TXN00134820,Bank Server Error,3,Unresolved
FAIL0006336,TXN00134826,Network Error,3,Resolved
FAIL0006337,TXN00134858,Bank Server Error,2,Unresolved
FAIL0006338,TXN00134902,Network Error,1,Resolved
FAIL0006339,TXN00134904,Timeout,1,Resolved
FAIL0006340,TXN00134945,Timeout,1,Resolved
FAIL0006341,TXN00134956,Payment Gateway Error,1,Resolved
FAIL0006342,TXN00134992,Bank Server Error,1,Unresolved
FAIL0006343,TXN00135114,Bank Server Error,3,Resolved
FAIL0006344,TXN00135141,Insufficient Balance,2,Unresolved
FAIL0006345,TXN00135173,Payment Gateway Error,3,Resolved
FAIL0006346,TXN00135187,Insufficient Balance,1,Unresolved
FAIL0006347,TXN00135203,Payment Gateway Error,3,Resolved
FAIL0006348,TXN00135213,Insufficient Balance,1,Unresolved
FAIL0006349,TXN00135279,Payment Gateway Error,1,Unresolved
FAIL0006350,TXN00135296,Timeout,1,Unresolved
FAIL0006351,TXN00135298,Bank Server Error,2,Resolved
FAIL0006352,TXN00135309,Network Error,2,Unresolved
FAIL0006353,TXN00135330,Limit Exceeded,1,Unresolved
FAIL0006354,TXN00135341,Network Error,1,Unresolved
FAIL0006355,TXN00135354,Limit Exceeded,1,Resolved
FAIL0006356,TXN00135396,Timeout,2,Resolved
FAIL0006357,TXN00135398,Payment Gateway Error,2,Resolved
FAIL0006358,TXN00135426,Bank Server Error,2,Resolved
FAIL0006359,TXN00135468,Payment Gateway Error,1,Unresolved
FAIL0006360,TXN00135497,Payment Gateway Error,1,Resolved
FAIL0006361,TXN00135550,Limit Exceeded,1,Resolved
FAIL0006362,TXN00135583,Bank Server Error,1,Unresolved
FAIL0006363,TXN00135673,Invalid PIN,2,Resolved
FAIL0006364,TXN00135742,Limit Exceeded,1,Resolved
FAIL0006365,TXN00135767,Insufficient Balance,1,Unresolved
FAIL0006366,TXN00135769,Bank Server Error,1,Resolved
FAIL0006367,TXN00135776,Limit Exceeded,2,Resolved
FAIL0006368,TXN00135788,Network Error,1,Unresolved
FAIL0006369,TXN00135823,Bank Server Error,1,Resolved
FAIL0006370,TXN00135828,Insufficient Balance,1,Resolved
FAIL0006371,TXN00135874,Payment Gateway Error,2,Resolved
FAIL0006372,TXN00135878,Invalid PIN,1,Unresolved
FAIL0006373,TXN00135893,Bank Server Error,2,Resolved
FAIL0006374,TXN00135914,Network Error,3,Unresolved
FAIL0006375,TXN00135928,Payment Gateway Error,3,Resolved
FAIL0006376,TXN00135969,Limit Exceeded,1,Unresolved
FAIL0006377,TXN00135982,Bank Server Error,2,Resolved
FAIL0006378,TXN00135985,Payment Gateway Error,1,Unresolved
FAIL0006379,TXN00135996,Payment Gateway Error,1,Resolved
FAIL0006380,TXN00136043,Limit Exceeded,2,Resolved
FAIL0006381,TXN00136044,Bank Server Error,1,Unresolved
FAIL0006382,TXN00136075,Limit Exceeded,1,Unresolved
FAIL0006383,TXN00136083,Limit Exceeded,1,Resolved
FAIL0006384,TXN00136101,Insufficient Balance,1,Unresolved
FAIL0006385,TXN00136144,Insufficient Balance,2,Resolved
FAIL0006386,TXN00136149,Timeout,2,Unresolved
FAIL0006387,TXN00136204,Invalid PIN,2,Resolved
FAIL0006388,TXN00136239,Limit Exceeded,1,Unresolved
FAIL0006389,TXN00136323,Network Error,2,Resolved
FAIL0006390,TXN00136324,Bank Server Error,1,Resolved
FAIL0006391,TXN00136362,Insufficient Balance,1,Resolved
FAIL0006392,TXN00136373,Insufficient Balance,2,Resolved
FAIL0006393,TXN00136380,Network Error,2,Resolved
FAIL0006394,TXN00136391,Bank Server Error,2,Unresolved
FAIL0006395,TXN00136392,Network Error,1,Unresolved
FAIL0006396,TXN00136401,Bank Server Error,2,Resolved
FAIL0006397,TXN00136412,Limit Exceeded,2,Resolved
FAIL0006398,TXN00136423,Network Error,2,Unresolved
FAIL0006399,TXN00136446,Payment Gateway Error,2,Resolved
FAIL0006400,TXN00136466,Payment Gateway Error,1,Resolved
FAIL0006401,TXN00136469,Network Error,1,Resolved
FAIL0006402,TXN00136489,Invalid PIN,1,Unresolved
FAIL0006403,TXN00136498,Bank Server Error,1,Unresolved
FAIL0006404,TXN00136579,Invalid PIN,1,Resolved
FAIL0006405,TXN00136599,Limit Exceeded,1,Resolved
FAIL0006406,TXN00136669,Payment Gateway Error,2,Resolved
FAIL0006407,TXN00136678,Network Error,1,Unresolved
FAIL0006408,TXN00136713,Limit Exceeded,2,Resolved
FAIL0006409,TXN00136719,Limit Exceeded,1,Unresolved
FAIL0006410,TXN00136734,Bank Server Error,2,Resolved
FAIL0006411,TXN00136748,Network Error,1,Resolved
FAIL0006412,TXN00136779,Bank Server Error,1,Resolved
FAIL0006413,TXN00136836,Invalid PIN,1,Unresolved
FAIL0006414,TXN00136902,Network Error,1,Resolved
FAIL0006415,TXN00136936,Payment Gateway Error,1,Resolved
FAIL0006416,TXN00136954,Limit Exceeded,1,Unresolved
FAIL0006417,TXN00136958,Payment Gateway Error,3,Resolved
FAIL0006418,TXN00136960,Network Error,2,Resolved
FAIL0006419,TXN00137001,Insufficient Balance,1,Unresolved
FAIL0006420,TXN00137009,Insufficient Balance,1,Resolved
FAIL0006421,TXN00137013,Bank Server Error,1,Unresolved
FAIL0006422,TXN00137029,Limit Exceeded,1,Unresolved
FAIL0006423,TXN00137091,Network Error,3,Resolved
FAIL0006424,TXN00137106,Limit Exceeded,1,Resolved
FAIL0006425,TXN00137112,Bank Server Error,3,Resolved
FAIL0006426,TXN00137115,Payment Gateway Error,1,Resolved
FAIL0006427,TXN00137140,Network Error,1,Resolved
FAIL0006428,TXN00137157,Payment Gateway Error,2,Unresolved
FAIL0006429,TXN00137182,Bank Server Error,2,Resolved
FAIL0006430,TXN00137184,Payment Gateway Error,2,Resolved
FAIL0006431,TXN00137218,Bank Server Error,3,Resolved
FAIL0006432,TXN00137243,Bank Server Error,1,Resolved
FAIL0006433,TXN00137246,Insufficient Balance,1,Unresolved
FAIL0006434,TXN00137250,Payment Gateway Error,2,Resolved
FAIL0006435,TXN00137259,Bank Server Error,3,Resolved
FAIL0006436,TXN00137319,Payment Gateway Error,1,Unresolved
FAIL0006437,TXN00137323,Insufficient Balance,3,Resolved
FAIL0006438,TXN00137362,Bank Server Error,2,Resolved
FAIL0006439,TXN00137364,Invalid PIN,1,Unresolved
FAIL0006440,TXN00137377,Invalid PIN,3,Resolved
FAIL0006441,TXN00137380,Invalid PIN,1,Unresolved
FAIL0006442,TXN00137436,Network Error,1,Resolved
FAIL0006443,TXN00137440,Network Error,1,Unresolved
FAIL0006444,TXN00137444,Invalid PIN,1,Resolved
FAIL0006445,TXN00137478,Insufficient Balance,1,Unresolved
FAIL0006446,TXN00137487,Bank Server Error,2,Unresolved
FAIL0006447,TXN00137511,Insufficient Balance,1,Unresolved
FAIL0006448,TXN00137514,Limit Exceeded,2,Unresolved
FAIL0006449,TXN00137533,Insufficient Balance,1,Resolved
FAIL0006450,TXN00137584,Bank Server Error,3,Resolved
FAIL0006451,TXN00137587,Insufficient Balance,1,Resolved
FAIL0006452,TXN00137604,Invalid PIN,1,Unresolved
FAIL0006453,TXN00137606,Bank Server Error,2,Resolved
FAIL0006454,TXN00137622,Network Error,2,Resolved
FAIL0006455,TXN00137659,Network Error,1,Unresolved
FAIL0006456,TXN00137677,Timeout,2,Resolved
FAIL0006457,TXN00137690,Payment Gateway Error,1,Unresolved
FAIL0006458,TXN00137693,Payment Gateway Error,1,Unresolved
FAIL0006459,TXN00137728,Payment Gateway Error,1,Resolved
FAIL0006460,TXN00137767,Insufficient Balance,1,Resolved
FAIL0006461,TXN00137768,Limit Exceeded,1,Resolved
FAIL0006462,TXN00137861,Network Error,1,Resolved
FAIL0006463,TXN00137896,Invalid PIN,1,Resolved
FAIL0006464,TXN00137906,Bank Server Error,1,Unresolved
FAIL0006465,TXN00137908,Network Error,1,Unresolved
FAIL0006466,TXN00137943,Payment Gateway Error,3,Resolved
FAIL0006467,TXN00137973,Bank Server Error,1,Resolved
FAIL0006468,TXN00138012,Network Error,1,Resolved
FAIL0006469,TXN00138047,Invalid PIN,1,Resolved
FAIL0006470,TXN00138052,Network Error,1,Resolved
FAIL0006471,TXN00138070,Payment Gateway Error,1,Resolved
FAIL0006472,TXN00138082,Bank Server Error,1,Resolved
FAIL0006473,TXN00138089,Timeout,3,Unresolved
FAIL0006474,TXN00138090,Bank Server Error,1,Unresolved
FAIL0006475,TXN00138098,Bank Server Error,1,Resolved
FAIL0006476,TXN00138169,Insufficient Balance,1,Resolved
FAIL0006477,TXN00138205,Bank Server Error,1,Resolved
FAIL0006478,TXN00138227,Bank Server Error,1,Resolved
FAIL0006479,TXN00138234,Network Error,1,Unresolved
FAIL0006480,TXN00138298,Bank Server Error,1,Resolved
FAIL0006481,TXN00138308,Payment Gateway Error,1,Resolved
FAIL0006482,TXN00138329,Payment Gateway Error,1,Resolved
FAIL0006483,TXN00138365,Insufficient Balance,1,Unresolved
FAIL0006484,TXN00138384,Timeout,2,Resolved
FAIL0006485,TXN00138429,Timeout,1,Resolved
FAIL0006486,TXN00138439,Limit Exceeded,1,Resolved
FAIL0006487,TXN00138450,Payment Gateway Error,2,Resolved
FAIL0006488,TXN00138501,Invalid PIN,1,Unresolved
FAIL0006489,TXN00138517,Bank Server Error,1,Unresolved
FAIL0006490,TXN00138551,Payment Gateway Error,1,Resolved
FAIL0006491,TXN00138621,Insufficient Balance,3,Resolved
FAIL0006492,TXN00138649,Bank Server Error,3,Resolved
FAIL0006493,TXN00138651,Bank Server Error,1,Unresolved
FAIL0006494,TXN00138664,Bank Server Error,3,Resolved
FAIL0006495,TXN00138666,Insufficient Balance,2,Resolved
FAIL0006496,TXN00138690,Insufficient Balance,1,Resolved
FAIL0006497,TXN00138727,Network Error,1,Resolved
FAIL0006498,TXN00138755,Insufficient Balance,1,Resolved
FAIL0006499,TXN00138772,Bank Server Error,2,Resolved
FAIL0006500,TXN00138783,Limit Exceeded,1,Unresolved
FAIL0006501,TXN00138803,Payment Gateway Error,1,Resolved
FAIL0006502,TXN00138827,Bank Server Error,2,Unresolved
FAIL0006503,TXN00138850,Bank Server Error,2,Resolved
FAIL0006504,TXN00138886,Payment Gateway Error,1,Resolved
FAIL0006505,TXN00138904,Insufficient Balance,1,Resolved
FAIL0006506,TXN00138950,Payment Gateway Error,3,Resolved
FAIL0006507,TXN00138951,Bank Server Error,1,Resolved
FAIL0006508,TXN00138959,Insufficient Balance,1,Resolved
FAIL0006509,TXN00138978,Insufficient Balance,1,Resolved
FAIL0006510,TXN00139019,Limit Exceeded,2,Unresolved
FAIL0006511,TXN00139038,Limit Exceeded,1,Unresolved
FAIL0006512,TXN00139051,Invalid PIN,2,Unresolved
FAIL0006513,TXN00139068,Insufficient Balance,2,Resolved
FAIL0006514,TXN00139081,Insufficient Balance,1,Resolved
FAIL0006515,TXN00139086,Bank Server Error,1,Resolved
FAIL0006516,TXN00139096,Bank Server Error,1,Unresolved
FAIL0006517,TXN00139101,Timeout,2,Resolved
FAIL0006518,TXN00139114,Payment Gateway Error,2,Unresolved
FAIL0006519,TXN00139119,Insufficient Balance,1,Resolved
FAIL0006520,TXN00139131,Bank Server Error,1,Resolved
FAIL0006521,TXN00139140,Insufficient Balance,2,Resolved
FAIL0006522,TXN00139186,Timeout,2,Unresolved
FAIL0006523,TXN00139201,Invalid PIN,1,Resolved
FAIL0006524,TXN00139208,Timeout,3,Resolved
FAIL0006525,TXN00139223,Network Error,1,Unresolved
FAIL0006526,TXN00139236,Limit Exceeded,2,Unresolved
FAIL0006527,TXN00139250,Insufficient Balance,1,Unresolved
FAIL0006528,TXN00139264,Payment Gateway Error,2,Resolved
FAIL0006529,TXN00139282,Bank Server Error,3,Resolved
FAIL0006530,TXN00139302,Payment Gateway Error,1,Resolved
FAIL0006531,TXN00139315,Payment Gateway Error,3,Unresolved
FAIL0006532,TXN00139329,Network Error,1,Resolved
FAIL0006533,TXN00139381,Insufficient Balance,1,Resolved
FAIL0006534,TXN00139396,Insufficient Balance,1,Resolved
FAIL0006535,TXN00139432,Network Error,1,Resolved
FAIL0006536,TXN00139436,Payment Gateway Error,1,Resolved
FAIL0006537,TXN00139444,Payment Gateway Error,2,Resolved
FAIL0006538,TXN00139480,Payment Gateway Error,3,Resolved
FAIL0006539,TXN00139555,Invalid PIN,1,Unresolved
FAIL0006540,TXN00139562,Timeout,1,Resolved
FAIL0006541,TXN00139569,Bank Server Error,2,Unresolved
FAIL0006542,TXN00139570,Invalid PIN,1,Unresolved
FAIL0006543,TXN00139588,Timeout,2,Resolved
FAIL0006544,TXN00139633,Payment Gateway Error,1,Resolved
FAIL0006545,TXN00139636,Insufficient Balance,2,Resolved
FAIL0006546,TXN00139649,Invalid PIN,2,Unresolved
FAIL0006547,TXN00139655,Payment Gateway Error,3,Resolved
FAIL0006548,TXN00139709,Bank Server Error,1,Resolved
FAIL0006549,TXN00139714,Network Error,1,Resolved
FAIL0006550,TXN00139745,Bank Server Error,3,Unresolved
FAIL0006551,TXN00139785,Limit Exceeded,2,Resolved
FAIL0006552,TXN00139812,Payment Gateway Error,3,Resolved
FAIL0006553,TXN00139829,Insufficient Balance,2,Resolved
FAIL0006554,TXN00139858,Timeout,1,Resolved
FAIL0006555,TXN00139926,Insufficient Balance,1,Resolved
FAIL0006556,TXN00139948,Timeout,1,Resolved
FAIL0006557,TXN00139987,Invalid PIN,2,Resolved
FAIL0006558,TXN00139990,Insufficient Balance,1,Unresolved
FAIL0006559,TXN00140047,Insufficient Balance,1,Unresolved
FAIL0006560,TXN00140132,Payment Gateway Error,1,Resolved
FAIL0006561,TXN00140187,Payment Gateway Error,2,Unresolved
FAIL0006562,TXN00140204,Invalid PIN,2,Resolved
FAIL0006563,TXN00140207,Insufficient Balance,3,Resolved
FAIL0006564,TXN00140209,Network Error,1,Resolved
FAIL0006565,TXN00140234,Payment Gateway Error,1,Resolved
FAIL0006566,TXN00140271,Network Error,1,Unresolved
FAIL0006567,TXN00140274,Payment Gateway Error,1,Resolved
FAIL0006568,TXN00140340,Timeout,1,Resolved
FAIL0006569,TXN00140348,Limit Exceeded,1,Resolved
FAIL0006570,TXN00140361,Payment Gateway Error,1,Resolved
FAIL0006571,TXN00140365,Network Error,1,Resolved
FAIL0006572,TXN00140367,Bank Server Error,1,Unresolved
FAIL0006573,TXN00140375,Insufficient Balance,2,Resolved
FAIL0006574,TXN00140380,Limit Exceeded,1,Unresolved
FAIL0006575,TXN00140398,Payment Gateway Error,1,Unresolved
FAIL0006576,TXN00140494,Insufficient Balance,1,Unresolved
FAIL0006577,TXN00140510,Network Error,1,Resolved
FAIL0006578,TXN00140522,Bank Server Error,1,Unresolved
FAIL0006579,TXN00140535,Insufficient Balance,1,Resolved
FAIL0006580,TXN00140536,Insufficient Balance,2,Unresolved
FAIL0006581,TXN00140551,Insufficient Balance,1,Resolved
FAIL0006582,TXN00140557,Bank Server Error,1,Resolved
FAIL0006583,TXN00140562,Payment Gateway Error,3,Resolved
FAIL0006584,TXN00140598,Insufficient Balance,1,Unresolved
FAIL0006585,TXN00140605,Bank Server Error,1,Unresolved
FAIL0006586,TXN00140667,Invalid PIN,1,Resolved
FAIL0006587,TXN00140719,Network Error,1,Unresolved
FAIL0006588,TXN00140721,Bank Server Error,3,Unresolved
FAIL0006589,TXN00140751,Invalid PIN,2,Resolved
FAIL0006590,TXN00140839,Limit Exceeded,1,Unresolved
FAIL0006591,TXN00140840,Payment Gateway Error,1,Unresolved
FAIL0006592,TXN00140854,Bank Server Error,1,Unresolved
FAIL0006593,TXN00140869,Timeout,1,Resolved
FAIL0006594,TXN00140904,Insufficient Balance,1,Unresolved
FAIL0006595,TXN00140940,Payment Gateway Error,1,Resolved
FAIL0006596,TXN00140976,Payment Gateway Error,1,Unresolved
FAIL0006597,TXN00140985,Limit Exceeded,2,Resolved
FAIL0006598,TXN00141008,Insufficient Balance,2,Resolved
FAIL0006599,TXN00141051,Bank Server Error,3,Resolved
FAIL0006600,TXN00141097,Bank Server Error,1,Unresolved
FAIL0006601,TXN00141104,Insufficient Balance,1,Resolved
FAIL0006602,TXN00141164,Limit Exceeded,1,Unresolved
FAIL0006603,TXN00141217,Bank Server Error,1,Resolved
FAIL0006604,TXN00141229,Insufficient Balance,1,Unresolved
FAIL0006605,TXN00141237,Insufficient Balance,3,Resolved
FAIL0006606,TXN00141238,Bank Server Error,2,Unresolved
FAIL0006607,TXN00141256,Network Error,3,Unresolved
FAIL0006608,TXN00141284,Limit Exceeded,2,Resolved
FAIL0006609,TXN00141306,Timeout,1,Unresolved
FAIL0006610,TXN00141326,Bank Server Error,2,Resolved
FAIL0006611,TXN00141347,Bank Server Error,1,Unresolved
FAIL0006612,TXN00141358,Invalid PIN,1,Resolved
FAIL0006613,TXN00141411,Payment Gateway Error,1,Unresolved
FAIL0006614,TXN00141413,Bank Server Error,1,Unresolved
FAIL0006615,TXN00141459,Network Error,1,Resolved
FAIL0006616,TXN00141470,Insufficient Balance,1,Unresolved
FAIL0006617,TXN00141484,Payment Gateway Error,1,Unresolved
FAIL0006618,TXN00141566,Bank Server Error,1,Unresolved
FAIL0006619,TXN00141575,Bank Server Error,1,Unresolved
FAIL0006620,TXN00141592,Insufficient Balance,1,Unresolved
FAIL0006621,TXN00141656,Bank Server Error,1,Resolved
FAIL0006622,TXN00141667,Bank Server Error,2,Unresolved
FAIL0006623,TXN00141690,Bank Server Error,2,Resolved
FAIL0006624,TXN00141711,Insufficient Balance,1,Unresolved
FAIL0006625,TXN00141713,Payment Gateway Error,1,Resolved
FAIL0006626,TXN00141721,Bank Server Error,1,Unresolved
FAIL0006627,TXN00141730,Network Error,1,Resolved
FAIL0006628,TXN00141792,Timeout,2,Unresolved
FAIL0006629,TXN00141795,Payment Gateway Error,1,Unresolved
FAIL0006630,TXN00141832,Timeout,2,Resolved
FAIL0006631,TXN00141859,Bank Server Error,1,Unresolved
FAIL0006632,TXN00141885,Bank Server Error,1,Resolved
FAIL0006633,TXN00141964,Payment Gateway Error,1,Resolved
FAIL0006634,TXN00142029,Limit Exceeded,1,Resolved
FAIL0006635,TXN00142031,Timeout,1,Resolved
FAIL0006636,TXN00142045,Insufficient Balance,3,Unresolved
FAIL0006637,TXN00142062,Bank Server Error,2,Resolved
FAIL0006638,TXN00142064,Bank Server Error,2,Resolved
FAIL0006639,TXN00142080,Network Error,1,Unresolved
FAIL0006640,TXN00142094,Bank Server Error,1,Unresolved
FAIL0006641,TXN00142102,Network Error,1,Resolved
FAIL0006642,TXN00142108,Payment Gateway Error,1,Resolved
FAIL0006643,TXN00142114,Network Error,1,Resolved
FAIL0006644,TXN00142116,Insufficient Balance,1,Resolved
FAIL0006645,TXN00142130,Limit Exceeded,2,Unresolved
FAIL0006646,TXN00142157,Timeout,1,Unresolved
FAIL0006647,TXN00142160,Bank Server Error,3,Resolved
FAIL0006648,TXN00142187,Bank Server Error,1,Resolved
FAIL0006649,TXN00142192,Timeout,1,Resolved
FAIL0006650,TXN00142209,Insufficient Balance,1,Unresolved
FAIL0006651,TXN00142215,Insufficient Balance,1,Resolved
FAIL0006652,TXN00142219,Bank Server Error,1,Unresolved
FAIL0006653,TXN00142221,Network Error,1,Unresolved
FAIL0006654,TXN00142232,Bank Server Error,2,Unresolved
FAIL0006655,TXN00142236,Bank Server Error,3,Resolved
FAIL0006656,TXN00142241,Limit Exceeded,1,Unresolved
FAIL0006657,TXN00142278,Insufficient Balance,2,Resolved
FAIL0006658,TXN00142286,Payment Gateway Error,1,Unresolved
FAIL0006659,TXN00142306,Timeout,3,Resolved
FAIL0006660,TXN00142321,Bank Server Error,2,Unresolved
FAIL0006661,TXN00142322,Payment Gateway Error,1,Unresolved
FAIL0006662,TXN00142413,Payment Gateway Error,2,Resolved
FAIL0006663,TXN00142426,Insufficient Balance,1,Unresolved
FAIL0006664,TXN00142428,Network Error,1,Resolved
FAIL0006665,TXN00142470,Bank Server Error,1,Resolved
FAIL0006666,TXN00142473,Payment Gateway Error,1,Resolved
FAIL0006667,TXN00142577,Insufficient Balance,2,Unresolved
FAIL0006668,TXN00142594,Payment Gateway Error,1,Unresolved
FAIL0006669,TXN00142615,Bank Server Error,1,Resolved
FAIL0006670,TXN00142623,Network Error,2,Unresolved
FAIL0006671,TXN00142627,Invalid PIN,1,Resolved
FAIL0006672,TXN00142649,Bank Server Error,1,Unresolved
FAIL0006673,TXN00142683,Payment Gateway Error,1,Resolved
FAIL0006674,TXN00142688,Limit Exceeded,2,Resolved
FAIL0006675,TXN00142738,Payment Gateway Error,2,Resolved
FAIL0006676,TXN00142787,Bank Server Error,1,Unresolved
FAIL0006677,TXN00142796,Bank Server Error,1,Resolved
FAIL0006678,TXN00142807,Limit Exceeded,1,Unresolved
FAIL0006679,TXN00142821,Invalid PIN,1,Unresolved
FAIL0006680,TXN00142825,Limit Exceeded,1,Resolved
FAIL0006681,TXN00142886,Payment Gateway Error,2,Resolved
FAIL0006682,TXN00142916,Limit Exceeded,2,Resolved
FAIL0006683,TXN00142920,Payment Gateway Error,1,Resolved
FAIL0006684,TXN00142932,Bank Server Error,2,Unresolved
FAIL0006685,TXN00142954,Limit Exceeded,3,Resolved
FAIL0006686,TXN00142992,Bank Server Error,1,Resolved
FAIL0006687,TXN00143001,Limit Exceeded,1,Resolved
FAIL0006688,TXN00143012,Limit Exceeded,2,Resolved
FAIL0006689,TXN00143107,Insufficient Balance,1,Unresolved
FAIL0006690,TXN00143130,Payment Gateway Error,1,Unresolved
FAIL0006691,TXN00143134,Bank Server Error,3,Resolved
FAIL0006692,TXN00143149,Network Error,2,Resolved
FAIL0006693,TXN00143155,Limit Exceeded,1,Resolved
FAIL0006694,TXN00143157,Insufficient Balance,1,Unresolved
FAIL0006695,TXN00143226,Limit Exceeded,1,Unresolved
FAIL0006696,TXN00143255,Bank Server Error,1,Unresolved
FAIL0006697,TXN00143260,Payment Gateway Error,1,Resolved
FAIL0006698,TXN00143276,Bank Server Error,1,Unresolved
FAIL0006699,TXN00143279,Bank Server Error,1,Resolved
FAIL0006700,TXN00143293,Bank Server Error,3,Resolved
FAIL0006701,TXN00143343,Timeout,1,Resolved
FAIL0006702,TXN00143353,Insufficient Balance,2,Unresolved
FAIL0006703,TXN00143358,Bank Server Error,2,Unresolved
FAIL0006704,TXN00143367,Limit Exceeded,1,Unresolved
FAIL0006705,TXN00143381,Network Error,1,Unresolved
FAIL0006706,TXN00143417,Bank Server Error,1,Unresolved
FAIL0006707,TXN00143481,Limit Exceeded,1,Unresolved
FAIL0006708,TXN00143513,Insufficient Balance,1,Unresolved
FAIL0006709,TXN00143526,Bank Server Error,3,Unresolved
FAIL0006710,TXN00143561,Timeout,1,Unresolved
FAIL0006711,TXN00143580,Timeout,1,Unresolved
FAIL0006712,TXN00143625,Invalid PIN,1,Unresolved
FAIL0006713,TXN00143630,Bank Server Error,2,Unresolved
FAIL0006714,TXN00143637,Insufficient Balance,1,Resolved
FAIL0006715,TXN00143647,Limit Exceeded,1,Resolved
FAIL0006716,TXN00143690,Bank Server Error,1,Unresolved
FAIL0006717,TXN00143699,Invalid PIN,1,Resolved
FAIL0006718,TXN00143707,Payment Gateway Error,1,Resolved
FAIL0006719,TXN00143746,Network Error,1,Resolved
FAIL0006720,TXN00143768,Insufficient Balance,1,Resolved
FAIL0006721,TXN00143820,Network Error,1,Resolved
FAIL0006722,TXN00143853,Limit Exceeded,1,Resolved
FAIL0006723,TXN00143862,Limit Exceeded,1,Unresolved
FAIL0006724,TXN00143891,Timeout,1,Unresolved
FAIL0006725,TXN00143944,Timeout,1,Unresolved
FAIL0006726,TXN00143954,Insufficient Balance,1,Unresolved
FAIL0006727,TXN00144030,Payment Gateway Error,1,Resolved
FAIL0006728,TXN00144040,Bank Server Error,1,Unresolved
FAIL0006729,TXN00144058,Bank Server Error,1,Resolved
FAIL0006730,TXN00144072,Network Error,1,Resolved
FAIL0006731,TXN00144077,Limit Exceeded,3,Resolved
FAIL0006732,TXN00144114,Bank Server Error,2,Resolved
FAIL0006733,TXN00144118,Payment Gateway Error,2,Resolved
FAIL0006734,TXN00144127,Limit Exceeded,1,Resolved
FAIL0006735,TXN00144166,Bank Server Error,2,Resolved
FAIL0006736,TXN00144187,Network Error,2,Resolved
FAIL0006737,TXN00144222,Insufficient Balance,2,Resolved
FAIL0006738,TXN00144236,Bank Server Error,1,Unresolved
FAIL0006739,TXN00144270,Insufficient Balance,1,Unresolved
FAIL0006740,TXN00144281,Invalid PIN,1,Unresolved
FAIL0006741,TXN00144286,Bank Server Error,3,Resolved
FAIL0006742,TXN00144327,Limit Exceeded,2,Unresolved
FAIL0006743,TXN00144341,Network Error,2,Resolved
FAIL0006744,TXN00144367,Invalid PIN,1,Resolved
FAIL0006745,TXN00144377,Limit Exceeded,1,Unresolved
FAIL0006746,TXN00144380,Insufficient Balance,3,Resolved
FAIL0006747,TXN00144382,Limit Exceeded,2,Resolved
FAIL0006748,TXN00144398,Payment Gateway Error,1,Unresolved
FAIL0006749,TXN00144417,Insufficient Balance,1,Resolved
FAIL0006750,TXN00144430,Invalid PIN,1,Unresolved
FAIL0006751,TXN00144467,Payment Gateway Error,1,Resolved
FAIL0006752,TXN00144527,Limit Exceeded,1,Resolved
FAIL0006753,TXN00144543,Bank Server Error,2,Resolved
FAIL0006754,TXN00144557,Bank Server Error,3,Resolved
FAIL0006755,TXN00144606,Network Error,1,Resolved
FAIL0006756,TXN00144621,Insufficient Balance,1,Resolved
FAIL0006757,TXN00144638,Bank Server Error,1,Resolved
FAIL0006758,TXN00144642,Payment Gateway Error,1,Resolved
FAIL0006759,TXN00144788,Invalid PIN,1,Resolved
FAIL0006760,TXN00144848,Network Error,1,Unresolved
FAIL0006761,TXN00144853,Timeout,1,Unresolved
FAIL0006762,TXN00144887,Payment Gateway Error,1,Resolved
FAIL0006763,TXN00144933,Limit Exceeded,3,Resolved
FAIL0006764,TXN00144947,Bank Server Error,1,Resolved
FAIL0006765,TXN00144973,Network Error,1,Unresolved
FAIL0006766,TXN00144990,Insufficient Balance,1,Unresolved
FAIL0006767,TXN00145018,Bank Server Error,1,Unresolved
FAIL0006768,TXN00145019,Payment Gateway Error,1,Resolved
FAIL0006769,TXN00145041,Network Error,2,Unresolved
FAIL0006770,TXN00145067,Insufficient Balance,2,Resolved
FAIL0006771,TXN00145087,Network Error,1,Resolved
FAIL0006772,TXN00145122,Insufficient Balance,1,Unresolved
FAIL0006773,TXN00145261,Bank Server Error,2,Resolved
FAIL0006774,TXN00145303,Invalid PIN,1,Resolved
FAIL0006775,TXN00145320,Bank Server Error,1,Unresolved
FAIL0006776,TXN00145342,Timeout,1,Unresolved
FAIL0006777,TXN00145354,Payment Gateway Error,1,Unresolved
FAIL0006778,TXN00145390,Network Error,1,Resolved
FAIL0006779,TXN00145405,Bank Server Error,1,Unresolved
FAIL0006780,TXN00145408,Limit Exceeded,2,Resolved
FAIL0006781,TXN00145414,Insufficient Balance,1,Unresolved
FAIL0006782,TXN00145448,Insufficient Balance,2,Resolved
FAIL0006783,TXN00145457,Bank Server Error,1,Resolved
FAIL0006784,TXN00145517,Payment Gateway Error,1,Resolved
FAIL0006785,TXN00145565,Bank Server Error,1,Unresolved
FAIL0006786,TXN00145566,Payment Gateway Error,1,Resolved
FAIL0006787,TXN00145574,Payment Gateway Error,1,Resolved
FAIL0006788,TXN00145673,Payment Gateway Error,2,Resolved
FAIL0006789,TXN00145734,Insufficient Balance,1,Unresolved
FAIL0006790,TXN00145742,Limit Exceeded,1,Resolved
FAIL0006791,TXN00145754,Bank Server Error,1,Unresolved
FAIL0006792,TXN00145813,Bank Server Error,2,Resolved
FAIL0006793,TXN00145863,Bank Server Error,1,Resolved
FAIL0006794,TXN00145873,Bank Server Error,1,Resolved
FAIL0006795,TXN00145916,Insufficient Balance,1,Resolved
FAIL0006796,TXN00145919,Insufficient Balance,1,Resolved
FAIL0006797,TXN00145935,Network Error,2,Resolved
FAIL0006798,TXN00145953,Limit Exceeded,3,Resolved
FAIL0006799,TXN00145954,Insufficient Balance,1,Unresolved
FAIL0006800,TXN00145999,Network Error,1,Unresolved
FAIL0006801,TXN00146004,Bank Server Error,1,Resolved
FAIL0006802,TXN00146010,Timeout,2,Resolved
FAIL0006803,TXN00146066,Bank Server Error,1,Resolved
FAIL0006804,TXN00146084,Payment Gateway Error,1,Resolved
FAIL0006805,TXN00146089,Bank Server Error,1,Resolved
FAIL0006806,TXN00146126,Timeout,1,Resolved
FAIL0006807,TXN00146147,Invalid PIN,3,Resolved
FAIL0006808,TXN00146149,Payment Gateway Error,3,Resolved
FAIL0006809,TXN00146185,Limit Exceeded,1,Unresolved
FAIL0006810,TXN00146221,Insufficient Balance,1,Resolved
FAIL0006811,TXN00146237,Payment Gateway Error,1,Unresolved
FAIL0006812,TXN00146239,Insufficient Balance,2,Resolved
FAIL0006813,TXN00146240,Limit Exceeded,1,Unresolved
FAIL0006814,TXN00146242,Insufficient Balance,1,Resolved
FAIL0006815,TXN00146256,Bank Server Error,1,Unresolved
FAIL0006816,TXN00146257,Insufficient Balance,1,Unresolved
FAIL0006817,TXN00146265,Bank Server Error,1,Unresolved
FAIL0006818,TXN00146303,Bank Server Error,1,Unresolved
FAIL0006819,TXN00146308,Insufficient Balance,1,Unresolved
FAIL0006820,TXN00146310,Network Error,1,Resolved
FAIL0006821,TXN00146323,Bank Server Error,1,Unresolved
FAIL0006822,TXN00146334,Network Error,1,Resolved
FAIL0006823,TXN00146346,Payment Gateway Error,2,Resolved
FAIL0006824,TXN00146351,Insufficient Balance,1,Resolved
FAIL0006825,TXN00146372,Bank Server Error,1,Resolved
FAIL0006826,TXN00146383,Network Error,2,Resolved
FAIL0006827,TXN00146386,Bank Server Error,1,Resolved
FAIL0006828,TXN00146424,Payment Gateway Error,1,Resolved
FAIL0006829,TXN00146425,Limit Exceeded,1,Resolved
FAIL0006830,TXN00146497,Network Error,3,Resolved
FAIL0006831,TXN00146506,Payment Gateway Error,1,Resolved
FAIL0006832,TXN00146513,Network Error,1,Resolved
FAIL0006833,TXN00146521,Bank Server Error,2,Unresolved
FAIL0006834,TXN00146534,Network Error,1,Resolved
FAIL0006835,TXN00146537,Insufficient Balance,1,Resolved
FAIL0006836,TXN00146548,Timeout,1,Resolved
FAIL0006837,TXN00146550,Limit Exceeded,1,Unresolved
FAIL0006838,TXN00146652,Bank Server Error,1,Unresolved
FAIL0006839,TXN00146653,Invalid PIN,1,Unresolved
FAIL0006840,TXN00146659,Bank Server Error,1,Resolved
FAIL0006841,TXN00146670,Network Error,1,Resolved
FAIL0006842,TXN00146683,Payment Gateway Error,1,Resolved
FAIL0006843,TXN00146696,Payment Gateway Error,2,Resolved
FAIL0006844,TXN00146702,Network Error,1,Resolved
FAIL0006845,TXN00146744,Invalid PIN,1,Resolved
FAIL0006846,TXN00146776,Payment Gateway Error,1,Resolved
FAIL0006847,TXN00146782,Network Error,2,Resolved
FAIL0006848,TXN00146816,Network Error,1,Resolved
FAIL0006849,TXN00146866,Payment Gateway Error,1,Resolved
FAIL0006850,TXN00146873,Invalid PIN,1,Unresolved
FAIL0006851,TXN00146876,Limit Exceeded,1,Resolved
FAIL0006852,TXN00146913,Payment Gateway Error,1,Resolved
FAIL0006853,TXN00146951,Insufficient Balance,2,Resolved
FAIL0006854,TXN00147031,Payment Gateway Error,1,Resolved
FAIL0006855,TXN00147034,Payment Gateway Error,1,Resolved
FAIL0006856,TXN00147041,Bank Server Error,2,Unresolved
FAIL0006857,TXN00147048,Insufficient Balance,1,Resolved
FAIL0006858,TXN00147079,Bank Server Error,3,Resolved
FAIL0006859,TXN00147100,Invalid PIN,1,Resolved
FAIL0006860,TXN00147134,Limit Exceeded,2,Resolved
FAIL0006861,TXN00147156,Network Error,1,Resolved
FAIL0006862,TXN00147202,Bank Server Error,1,Unresolved
FAIL0006863,TXN00147225,Invalid PIN,1,Unresolved
FAIL0006864,TXN00147265,Payment Gateway Error,1,Resolved
FAIL0006865,TXN00147291,Network Error,1,Unresolved
FAIL0006866,TXN00147317,Bank Server Error,3,Resolved
FAIL0006867,TXN00147331,Bank Server Error,3,Resolved
FAIL0006868,TXN00147350,Limit Exceeded,1,Unresolved
FAIL0006869,TXN00147371,Bank Server Error,2,Resolved
FAIL0006870,TXN00147376,Limit Exceeded,1,Unresolved
FAIL0006871,TXN00147381,Bank Server Error,2,Unresolved
FAIL0006872,TXN00147388,Timeout,1,Resolved
FAIL0006873,TXN00147391,Bank Server Error,2,Unresolved
FAIL0006874,TXN00147408,Network Error,3,Resolved
FAIL0006875,TXN00147436,Payment Gateway Error,1,Resolved
FAIL0006876,TXN00147489,Payment Gateway Error,1,Resolved
FAIL0006877,TXN00147534,Payment Gateway Error,1,Unresolved
FAIL0006878,TXN00147567,Limit Exceeded,3,Resolved
FAIL0006879,TXN00147574,Bank Server Error,1,Unresolved
FAIL0006880,TXN00147617,Bank Server Error,2,Resolved
FAIL0006881,TXN00147642,Timeout,2,Resolved
FAIL0006882,TXN00147659,Bank Server Error,2,Unresolved
FAIL0006883,TXN00147661,Invalid PIN,1,Resolved
FAIL0006884,TXN00147689,Payment Gateway Error,1,Resolved
FAIL0006885,TXN00147724,Payment Gateway Error,1,Unresolved
FAIL0006886,TXN00147736,Bank Server Error,1,Resolved
FAIL0006887,TXN00147758,Network Error,1,Unresolved
FAIL0006888,TXN00147759,Limit Exceeded,3,Resolved
FAIL0006889,TXN00147773,Network Error,1,Unresolved
FAIL0006890,TXN00147790,Timeout,1,Resolved
FAIL0006891,TXN00147795,Network Error,1,Unresolved
FAIL0006892,TXN00147825,Bank Server Error,2,Resolved
FAIL0006893,TXN00147829,Insufficient Balance,1,Resolved
FAIL0006894,TXN00147837,Insufficient Balance,3,Resolved
FAIL0006895,TXN00147840,Limit Exceeded,2,Unresolved
FAIL0006896,TXN00147877,Payment Gateway Error,1,Resolved
FAIL0006897,TXN00147894,Network Error,2,Resolved
FAIL0006898,TXN00147914,Payment Gateway Error,2,Unresolved
FAIL0006899,TXN00147934,Insufficient Balance,2,Resolved
FAIL0006900,TXN00147964,Payment Gateway Error,1,Unresolved
FAIL0006901,TXN00147998,Bank Server Error,1,Resolved
FAIL0006902,TXN00148006,Invalid PIN,1,Resolved
FAIL0006903,TXN00148020,Bank Server Error,2,Resolved
FAIL0006904,TXN00148022,Limit Exceeded,2,Resolved
FAIL0006905,TXN00148069,Limit Exceeded,2,Resolved
FAIL0006906,TXN00148128,Limit Exceeded,1,Resolved
FAIL0006907,TXN00148144,Payment Gateway Error,1,Unresolved
FAIL0006908,TXN00148204,Network Error,1,Resolved
FAIL0006909,TXN00148230,Network Error,1,Unresolved
FAIL0006910,TXN00148287,Insufficient Balance,1,Unresolved
FAIL0006911,TXN00148288,Limit Exceeded,1,Unresolved
FAIL0006912,TXN00148290,Bank Server Error,1,Unresolved
FAIL0006913,TXN00148322,Payment Gateway Error,2,Unresolved
FAIL0006914,TXN00148343,Insufficient Balance,1,Resolved
FAIL0006915,TXN00148416,Insufficient Balance,1,Unresolved
FAIL0006916,TXN00148423,Payment Gateway Error,1,Unresolved
FAIL0006917,TXN00148441,Network Error,1,Unresolved
FAIL0006918,TXN00148454,Payment Gateway Error,3,Unresolved
FAIL0006919,TXN00148468,Network Error,1,Resolved
FAIL0006920,TXN00148505,Limit Exceeded,1,Unresolved
FAIL0006921,TXN00148514,Payment Gateway Error,1,Resolved
FAIL0006922,TXN00148522,Bank Server Error,1,Unresolved
FAIL0006923,TXN00148586,Payment Gateway Error,1,Unresolved
FAIL0006924,TXN00148588,Limit Exceeded,3,Resolved
FAIL0006925,TXN00148594,Limit Exceeded,1,Resolved
FAIL0006926,TXN00148630,Insufficient Balance,1,Resolved
FAIL0006927,TXN00148631,Insufficient Balance,1,Unresolved
FAIL0006928,TXN00148664,Limit Exceeded,2,Resolved
FAIL0006929,TXN00148673,Insufficient Balance,1,Resolved
FAIL0006930,TXN00148684,Bank Server Error,3,Resolved
FAIL0006931,TXN00148707,Insufficient Balance,1,Resolved
FAIL0006932,TXN00148729,Insufficient Balance,2,Unresolved
FAIL0006933,TXN00148741,Network Error,3,Resolved
FAIL0006934,TXN00148759,Bank Server Error,1,Unresolved
FAIL0006935,TXN00148802,Timeout,3,Resolved
FAIL0006936,TXN00148814,Limit Exceeded,1,Unresolved
FAIL0006937,TXN00148846,Bank Server Error,2,Resolved
FAIL0006938,TXN00148850,Bank Server Error,3,Resolved
FAIL0006939,TXN00148884,Insufficient Balance,2,Resolved
FAIL0006940,TXN00148885,Timeout,2,Unresolved
FAIL0006941,TXN00148896,Insufficient Balance,3,Resolved
FAIL0006942,TXN00148916,Invalid PIN,2,Unresolved
FAIL0006943,TXN00148933,Bank Server Error,1,Unresolved
FAIL0006944,TXN00148977,Payment Gateway Error,1,Resolved
FAIL0006945,TXN00148979,Insufficient Balance,3,Resolved
FAIL0006946,TXN00149005,Bank Server Error,1,Resolved
FAIL0006947,TXN00149011,Payment Gateway Error,1,Resolved
FAIL0006948,TXN00149028,Insufficient Balance,1,Resolved
FAIL0006949,TXN00149032,Payment Gateway Error,2,Resolved
FAIL0006950,TXN00149033,Insufficient Balance,1,Resolved
FAIL0006951,TXN00149036,Insufficient Balance,2,Resolved
FAIL0006952,TXN00149048,Payment Gateway Error,1,Unresolved
FAIL0006953,TXN00149093,Payment Gateway Error,3,Resolved
FAIL0006954,TXN00149106,Network Error,1,Resolved
FAIL0006955,TXN00149109,Invalid PIN,1,Unresolved
FAIL0006956,TXN00149123,Insufficient Balance,1,Resolved
FAIL0006957,TXN00149156,Bank Server Error,1,Unresolved
FAIL0006958,TXN00149161,Payment Gateway Error,3,Resolved
FAIL0006959,TXN00149195,Timeout,1,Unresolved
FAIL0006960,TXN00149227,Payment Gateway Error,1,Resolved
FAIL0006961,TXN00149247,Insufficient Balance,1,Unresolved
FAIL0006962,TXN00149261,Bank Server Error,3,Resolved
FAIL0006963,TXN00149326,Insufficient Balance,1,Resolved
FAIL0006964,TXN00149340,Bank Server Error,1,Unresolved
FAIL0006965,TXN00149371,Payment Gateway Error,1,Unresolved
FAIL0006966,TXN00149412,Network Error,1,Resolved
FAIL0006967,TXN00149419,Insufficient Balance,1,Resolved
FAIL0006968,TXN00149421,Bank Server Error,2,Unresolved
FAIL0006969,TXN00149434,Payment Gateway Error,2,Resolved
FAIL0006970,TXN00149440,Network Error,1,Resolved
FAIL0006971,TXN00149458,Bank Server Error,1,Resolved
FAIL0006972,TXN00149522,Insufficient Balance,1,Unresolved
FAIL0006973,TXN00149536,Bank Server Error,2,Resolved
FAIL0006974,TXN00149563,Limit Exceeded,3,Resolved
FAIL0006975,TXN00149586,Payment Gateway Error,1,Unresolved
FAIL0006976,TXN00149605,Invalid PIN,2,Unresolved
FAIL0006977,TXN00149633,Payment Gateway Error,2,Resolved
FAIL0006978,TXN00149654,Limit Exceeded,1,Resolved
FAIL0006979,TXN00149672,Timeout,1,Unresolved
FAIL0006980,TXN00149686,Payment Gateway Error,2,Resolved
FAIL0006981,TXN00149725,Payment Gateway Error,1,Resolved
FAIL0006982,TXN00149732,Insufficient Balance,1,Unresolved
FAIL0006983,TXN00149735,Insufficient Balance,3,Resolved
FAIL0006984,TXN00149749,Timeout,1,Unresolved
FAIL0006985,TXN00149751,Insufficient Balance,2,Resolved
FAIL0006986,TXN00149771,Limit Exceeded,3,Resolved
FAIL0006987,TXN00149784,Bank Server Error,1,Unresolved
FAIL0006988,TXN00149817,Limit Exceeded,1,Resolved
FAIL0006989,TXN00149818,Limit Exceeded,3,Resolved
FAIL0006990,TXN00149881,Bank Server Error,1,Resolved
FAIL0006991,TXN00149882,Bank Server Error,1,Unresolved
FAIL0006992,TXN00149908,Limit Exceeded,3,Resolved
FAIL0006993,TXN00149912,Bank Server Error,1,Unresolved
FAIL0006994,TXN00149923,Bank Server Error,2,Resolved
FAIL0006995,TXN00149943,Invalid PIN,1,Resolved
FAIL0006996,TXN00149945,Network Error,1,Resolved
FAIL0006997,TXN00149963,Insufficient Balance,1,Resolved
FAIL0006998,TXN00149964,Bank Server Error,1,Unresolved
FAIL0006999,TXN00150043,Timeout,3,Unresolved
FAIL0007000,TXN00150055,Invalid PIN,1,Resolved
FAIL0007001,TXN00150093,Bank Server Error,2,Resolved
FAIL0007002,TXN00150105,Limit Exceeded,1,Unresolved
FAIL0007003,TXN00150119,Payment Gateway Error,2,Resolved
FAIL0007004,TXN00150127,Bank Server Error,1,Resolved
FAIL0007005,TXN00150135,Insufficient Balance,1,Unresolved
FAIL0007006,TXN00150197,Limit Exceeded,1,Unresolved
FAIL0007007,TXN00150269,Payment Gateway Error,1,Resolved
FAIL0007008,TXN00150270,Invalid PIN,1,Resolved
FAIL0007009,TXN00150276,Network Error,2,Resolved
FAIL0007010,TXN00150326,Payment Gateway Error,1,Unresolved
FAIL0007011,TXN00150327,Invalid PIN,1,Unresolved
FAIL0007012,TXN00150344,Bank Server Error,1,Resolved
FAIL0007013,TXN00150346,Payment Gateway Error,1,Unresolved
FAIL0007014,TXN00150350,Bank Server Error,2,Resolved
FAIL0007015,TXN00150406,Insufficient Balance,1,Unresolved
FAIL0007016,TXN00150415,Bank Server Error,2,Resolved
FAIL0007017,TXN00150428,Bank Server Error,1,Unresolved
FAIL0007018,TXN00150441,Bank Server Error,1,Unresolved
FAIL0007019,TXN00150454,Bank Server Error,1,Resolved
FAIL0007020,TXN00150475,Insufficient Balance,1,Resolved
FAIL0007021,TXN00150482,Bank Server Error,1,Resolved
FAIL0007022,TXN00150506,Insufficient Balance,2,Resolved
FAIL0007023,TXN00150517,Network Error,1,Unresolved
FAIL0007024,TXN00150543,Network Error,1,Unresolved
FAIL0007025,TXN00150558,Limit Exceeded,2,Resolved
FAIL0007026,TXN00150575,Bank Server Error,2,Resolved
FAIL0007027,TXN00150602,Insufficient Balance,1,Unresolved
FAIL0007028,TXN00150654,Insufficient Balance,3,Resolved
FAIL0007029,TXN00150671,Network Error,2,Resolved
FAIL0007030,TXN00150678,Insufficient Balance,1,Resolved
FAIL0007031,TXN00150680,Invalid PIN,3,Unresolved
FAIL0007032,TXN00150686,Payment Gateway Error,1,Unresolved
FAIL0007033,TXN00150689,Network Error,3,Resolved
FAIL0007034,TXN00150697,Payment Gateway Error,2,Resolved
FAIL0007035,TXN00150704,Insufficient Balance,1,Resolved
FAIL0007036,TXN00150706,Limit Exceeded,1,Unresolved
FAIL0007037,TXN00150707,Timeout,2,Resolved
FAIL0007038,TXN00150755,Bank Server Error,1,Unresolved
FAIL0007039,TXN00150757,Insufficient Balance,3,Resolved
FAIL0007040,TXN00150764,Bank Server Error,1,Unresolved
FAIL0007041,TXN00150781,Insufficient Balance,1,Resolved
FAIL0007042,TXN00150785,Payment Gateway Error,1,Unresolved
FAIL0007043,TXN00150793,Payment Gateway Error,1,Resolved
FAIL0007044,TXN00150810,Insufficient Balance,1,Unresolved
FAIL0007045,TXN00150832,Timeout,1,Unresolved
FAIL0007046,TXN00150849,Limit Exceeded,2,Resolved
FAIL0007047,TXN00150850,Timeout,1,Resolved
FAIL0007048,TXN00150894,Insufficient Balance,2,Resolved
FAIL0007049,TXN00150934,Network Error,3,Unresolved
FAIL0007050,TXN00150939,Network Error,1,Unresolved
FAIL0007051,TXN00150946,Payment Gateway Error,1,Unresolved
FAIL0007052,TXN00150954,Bank Server Error,1,Unresolved
FAIL0007053,TXN00150960,Timeout,1,Unresolved
FAIL0007054,TXN00150986,Payment Gateway Error,1,Unresolved
FAIL0007055,TXN00150996,Limit Exceeded,1,Resolved
FAIL0007056,TXN00151000,Network Error,1,Unresolved
FAIL0007057,TXN00151014,Invalid PIN,1,Resolved
FAIL0007058,TXN00151049,Insufficient Balance,1,Resolved
FAIL0007059,TXN00151124,Insufficient Balance,1,Resolved
FAIL0007060,TXN00151133,Bank Server Error,1,Unresolved
FAIL0007061,TXN00151154,Network Error,1,Unresolved
FAIL0007062,TXN00151163,Payment Gateway Error,1,Resolved
FAIL0007063,TXN00151186,Limit Exceeded,2,Resolved
FAIL0007064,TXN00151193,Payment Gateway Error,2,Resolved
FAIL0007065,TXN00151200,Payment Gateway Error,1,Unresolved
FAIL0007066,TXN00151223,Payment Gateway Error,1,Resolved
FAIL0007067,TXN00151231,Payment Gateway Error,3,Resolved
FAIL0007068,TXN00151281,Limit Exceeded,2,Resolved
FAIL0007069,TXN00151291,Network Error,1,Resolved
FAIL0007070,TXN00151306,Insufficient Balance,1,Unresolved
FAIL0007071,TXN00151310,Bank Server Error,1,Resolved
FAIL0007072,TXN00151332,Insufficient Balance,3,Unresolved
FAIL0007073,TXN00151342,Invalid PIN,1,Resolved
FAIL0007074,TXN00151349,Bank Server Error,1,Resolved
FAIL0007075,TXN00151381,Timeout,1,Resolved
FAIL0007076,TXN00151413,Payment Gateway Error,1,Unresolved
FAIL0007077,TXN00151436,Bank Server Error,1,Unresolved
FAIL0007078,TXN00151450,Network Error,1,Unresolved
FAIL0007079,TXN00151486,Bank Server Error,1,Unresolved
FAIL0007080,TXN00151490,Bank Server Error,1,Unresolved
FAIL0007081,TXN00151556,Insufficient Balance,2,Unresolved
FAIL0007082,TXN00151557,Invalid PIN,1,Unresolved
FAIL0007083,TXN00151567,Payment Gateway Error,1,Unresolved
FAIL0007084,TXN00151637,Limit Exceeded,1,Resolved
FAIL0007085,TXN00151713,Payment Gateway Error,1,Resolved
FAIL0007086,TXN00151719,Limit Exceeded,1,Unresolved
FAIL0007087,TXN00151735,Payment Gateway Error,1,Resolved
FAIL0007088,TXN00151824,Network Error,2,Unresolved
FAIL0007089,TXN00151830,Insufficient Balance,1,Unresolved
FAIL0007090,TXN00151870,Insufficient Balance,3,Resolved
FAIL0007091,TXN00151878,Timeout,1,Resolved
FAIL0007092,TXN00151897,Limit Exceeded,1,Resolved
FAIL0007093,TXN00151911,Bank Server Error,3,Resolved
FAIL0007094,TXN00151928,Insufficient Balance,2,Resolved
FAIL0007095,TXN00151939,Bank Server Error,2,Resolved
FAIL0007096,TXN00151992,Bank Server Error,2,Resolved
FAIL0007097,TXN00151993,Limit Exceeded,1,Unresolved
FAIL0007098,TXN00152010,Insufficient Balance,1,Unresolved
FAIL0007099,TXN00152016,Payment Gateway Error,2,Resolved
FAIL0007100,TXN00152034,Insufficient Balance,2,Resolved
FAIL0007101,TXN00152052,Insufficient Balance,2,Resolved
FAIL0007102,TXN00152077,Payment Gateway Error,1,Unresolved
FAIL0007103,TXN00152097,Insufficient Balance,1,Resolved
FAIL0007104,TXN00152125,Payment Gateway Error,1,Unresolved
FAIL0007105,TXN00152149,Bank Server Error,1,Resolved
FAIL0007106,TXN00152192,Payment Gateway Error,2,Resolved
FAIL0007107,TXN00152199,Limit Exceeded,2,Resolved
FAIL0007108,TXN00152200,Insufficient Balance,1,Unresolved
FAIL0007109,TXN00152223,Invalid PIN,1,Resolved
FAIL0007110,TXN00152270,Insufficient Balance,2,Unresolved
FAIL0007111,TXN00152292,Insufficient Balance,1,Resolved
FAIL0007112,TXN00152294,Network Error,1,Unresolved
FAIL0007113,TXN00152308,Network Error,2,Resolved
FAIL0007114,TXN00152354,Limit Exceeded,1,Resolved
FAIL0007115,TXN00152357,Invalid PIN,1,Unresolved
FAIL0007116,TXN00152360,Bank Server Error,1,Unresolved
FAIL0007117,TXN00152388,Payment Gateway Error,1,Unresolved
FAIL0007118,TXN00152436,Payment Gateway Error,2,Resolved
FAIL0007119,TXN00152449,Bank Server Error,1,Resolved
FAIL0007120,TXN00152454,Limit Exceeded,3,Unresolved
FAIL0007121,TXN00152465,Bank Server Error,1,Resolved
FAIL0007122,TXN00152474,Bank Server Error,2,Unresolved
FAIL0007123,TXN00152479,Bank Server Error,1,Resolved
FAIL0007124,TXN00152510,Insufficient Balance,1,Resolved
FAIL0007125,TXN00152516,Insufficient Balance,1,Resolved
FAIL0007126,TXN00152524,Payment Gateway Error,1,Unresolved
FAIL0007127,TXN00152535,Bank Server Error,1,Unresolved
FAIL0007128,TXN00152572,Limit Exceeded,2,Resolved
FAIL0007129,TXN00152588,Bank Server Error,1,Unresolved
FAIL0007130,TXN00152593,Network Error,1,Unresolved
FAIL0007131,TXN00152604,Invalid PIN,1,Resolved
FAIL0007132,TXN00152638,Network Error,1,Resolved
FAIL0007133,TXN00152641,Bank Server Error,1,Unresolved
FAIL0007134,TXN00152673,Payment Gateway Error,1,Resolved
FAIL0007135,TXN00152688,Insufficient Balance,1,Resolved
FAIL0007136,TXN00152754,Network Error,1,Resolved
FAIL0007137,TXN00152765,Network Error,1,Unresolved
FAIL0007138,TXN00152819,Bank Server Error,1,Resolved
FAIL0007139,TXN00152885,Bank Server Error,1,Resolved
FAIL0007140,TXN00152899,Limit Exceeded,2,Resolved
FAIL0007141,TXN00152999,Limit Exceeded,2,Resolved
FAIL0007142,TXN00153009,Insufficient Balance,1,Resolved
FAIL0007143,TXN00153011,Network Error,2,Resolved
FAIL0007144,TXN00153026,Network Error,1,Resolved
FAIL0007145,TXN00153089,Network Error,1,Resolved
FAIL0007146,TXN00153119,Network Error,2,Resolved
FAIL0007147,TXN00153131,Timeout,1,Resolved
FAIL0007148,TXN00153162,Network Error,1,Unresolved
FAIL0007149,TXN00153191,Payment Gateway Error,1,Unresolved
FAIL0007150,TXN00153201,Insufficient Balance,2,Resolved
FAIL0007151,TXN00153209,Insufficient Balance,1,Resolved
FAIL0007152,TXN00153226,Insufficient Balance,1,Unresolved
FAIL0007153,TXN00153250,Bank Server Error,2,Resolved
FAIL0007154,TXN00153253,Insufficient Balance,1,Unresolved
FAIL0007155,TXN00153270,Network Error,1,Resolved
FAIL0007156,TXN00153275,Insufficient Balance,1,Resolved
FAIL0007157,TXN00153325,Network Error,1,Resolved
FAIL0007158,TXN00153355,Insufficient Balance,1,Resolved
FAIL0007159,TXN00153398,Network Error,1,Unresolved
FAIL0007160,TXN00153400,Insufficient Balance,2,Resolved
FAIL0007161,TXN00153408,Insufficient Balance,3,Resolved
FAIL0007162,TXN00153439,Insufficient Balance,1,Unresolved
FAIL0007163,TXN00153442,Payment Gateway Error,1,Resolved
FAIL0007164,TXN00153467,Invalid PIN,2,Unresolved
FAIL0007165,TXN00153481,Invalid PIN,1,Resolved
FAIL0007166,TXN00153482,Invalid PIN,1,Unresolved
FAIL0007167,TXN00153486,Timeout,1,Unresolved
FAIL0007168,TXN00153514,Limit Exceeded,1,Resolved
FAIL0007169,TXN00153551,Bank Server Error,2,Resolved
FAIL0007170,TXN00153581,Bank Server Error,1,Unresolved
FAIL0007171,TXN00153585,Payment Gateway Error,3,Resolved
FAIL0007172,TXN00153600,Network Error,1,Unresolved
FAIL0007173,TXN00153610,Payment Gateway Error,2,Resolved
FAIL0007174,TXN00153623,Invalid PIN,2,Resolved
FAIL0007175,TXN00153626,Bank Server Error,3,Unresolved
FAIL0007176,TXN00153634,Timeout,2,Resolved
FAIL0007177,TXN00153646,Invalid PIN,2,Unresolved
FAIL0007178,TXN00153693,Payment Gateway Error,1,Unresolved
FAIL0007179,TXN00153695,Bank Server Error,1,Resolved
FAIL0007180,TXN00153702,Bank Server Error,2,Resolved
FAIL0007181,TXN00153713,Insufficient Balance,1,Resolved
FAIL0007182,TXN00153763,Limit Exceeded,2,Unresolved
FAIL0007183,TXN00153775,Payment Gateway Error,1,Resolved
FAIL0007184,TXN00153786,Insufficient Balance,1,Unresolved
FAIL0007185,TXN00153835,Payment Gateway Error,1,Unresolved
FAIL0007186,TXN00153860,Network Error,1,Unresolved
FAIL0007187,TXN00153870,Timeout,1,Resolved
FAIL0007188,TXN00153919,Limit Exceeded,1,Unresolved
FAIL0007189,TXN00153950,Insufficient Balance,3,Resolved
FAIL0007190,TXN00154000,Payment Gateway Error,2,Resolved
FAIL0007191,TXN00154011,Network Error,2,Unresolved
FAIL0007192,TXN00154017,Bank Server Error,1,Unresolved
FAIL0007193,TXN00154087,Limit Exceeded,1,Resolved
FAIL0007194,TXN00154103,Insufficient Balance,1,Unresolved
FAIL0007195,TXN00154122,Timeout,1,Unresolved
FAIL0007196,TXN00154172,Timeout,1,Resolved
FAIL0007197,TXN00154178,Invalid PIN,1,Resolved
FAIL0007198,TXN00154204,Bank Server Error,1,Unresolved
FAIL0007199,TXN00154212,Bank Server Error,1,Resolved
FAIL0007200,TXN00154228,Bank Server Error,2,Resolved
FAIL0007201,TXN00154229,Network Error,1,Unresolved
FAIL0007202,TXN00154238,Limit Exceeded,1,Resolved
FAIL0007203,TXN00154256,Timeout,1,Resolved
FAIL0007204,TXN00154267,Payment Gateway Error,1,Resolved
FAIL0007205,TXN00154285,Insufficient Balance,1,Unresolved
FAIL0007206,TXN00154286,Network Error,1,Unresolved
FAIL0007207,TXN00154297,Payment Gateway Error,1,Unresolved
FAIL0007208,TXN00154326,Insufficient Balance,1,Resolved
FAIL0007209,TXN00154337,Bank Server Error,2,Resolved
FAIL0007210,TXN00154408,Bank Server Error,1,Resolved
FAIL0007211,TXN00154412,Timeout,1,Resolved
FAIL0007212,TXN00154418,Payment Gateway Error,2,Unresolved
FAIL0007213,TXN00154442,Invalid PIN,2,Resolved
FAIL0007214,TXN00154447,Insufficient Balance,1,Unresolved
FAIL0007215,TXN00154456,Bank Server Error,1,Unresolved
FAIL0007216,TXN00154460,Invalid PIN,1,Resolved
FAIL0007217,TXN00154465,Limit Exceeded,2,Resolved
FAIL0007218,TXN00154473,Bank Server Error,1,Unresolved
FAIL0007219,TXN00154501,Bank Server Error,1,Unresolved
FAIL0007220,TXN00154552,Insufficient Balance,1,Unresolved
FAIL0007221,TXN00154564,Payment Gateway Error,2,Resolved
FAIL0007222,TXN00154585,Insufficient Balance,3,Resolved
FAIL0007223,TXN00154593,Network Error,1,Unresolved
FAIL0007224,TXN00154624,Limit Exceeded,1,Unresolved
FAIL0007225,TXN00154627,Bank Server Error,2,Resolved
FAIL0007226,TXN00154653,Payment Gateway Error,2,Resolved
FAIL0007227,TXN00154654,Bank Server Error,1,Resolved
FAIL0007228,TXN00154683,Bank Server Error,1,Unresolved
FAIL0007229,TXN00154684,Invalid PIN,1,Resolved
FAIL0007230,TXN00154698,Limit Exceeded,2,Resolved
FAIL0007231,TXN00154743,Insufficient Balance,1,Resolved
FAIL0007232,TXN00154744,Insufficient Balance,3,Resolved
FAIL0007233,TXN00154773,Network Error,1,Resolved
FAIL0007234,TXN00154802,Payment Gateway Error,1,Resolved
FAIL0007235,TXN00154826,Timeout,1,Resolved
FAIL0007236,TXN00154832,Bank Server Error,1,Resolved
FAIL0007237,TXN00154854,Insufficient Balance,1,Resolved
FAIL0007238,TXN00154925,Timeout,2,Resolved
FAIL0007239,TXN00154932,Insufficient Balance,1,Resolved
FAIL0007240,TXN00154977,Network Error,2,Resolved
FAIL0007241,TXN00154980,Bank Server Error,1,Unresolved
FAIL0007242,TXN00154997,Bank Server Error,1,Unresolved
FAIL0007243,TXN00155009,Timeout,1,Unresolved
FAIL0007244,TXN00155015,Insufficient Balance,3,Resolved
FAIL0007245,TXN00155029,Bank Server Error,1,Resolved
FAIL0007246,TXN00155068,Insufficient Balance,1,Unresolved
FAIL0007247,TXN00155071,Payment Gateway Error,1,Resolved
FAIL0007248,TXN00155162,Insufficient Balance,1,Resolved
FAIL0007249,TXN00155168,Bank Server Error,1,Resolved
FAIL0007250,TXN00155250,Payment Gateway Error,1,Unresolved
FAIL0007251,TXN00155264,Network Error,2,Resolved
FAIL0007252,TXN00155273,Bank Server Error,3,Resolved
FAIL0007253,TXN00155287,Insufficient Balance,1,Resolved
FAIL0007254,TXN00155314,Insufficient Balance,2,Resolved
FAIL0007255,TXN00155328,Bank Server Error,1,Resolved
FAIL0007256,TXN00155387,Invalid PIN,1,Resolved
FAIL0007257,TXN00155400,Insufficient Balance,1,Resolved
FAIL0007258,TXN00155441,Invalid PIN,2,Unresolved
FAIL0007259,TXN00155541,Insufficient Balance,1,Resolved
FAIL0007260,TXN00155574,Limit Exceeded,3,Resolved
FAIL0007261,TXN00155640,Payment Gateway Error,2,Unresolved
FAIL0007262,TXN00155657,Bank Server Error,1,Unresolved
FAIL0007263,TXN00155660,Invalid PIN,1,Resolved
FAIL0007264,TXN00155664,Limit Exceeded,1,Unresolved
FAIL0007265,TXN00155698,Network Error,1,Resolved
FAIL0007266,TXN00155701,Insufficient Balance,2,Resolved
FAIL0007267,TXN00155706,Payment Gateway Error,1,Unresolved
FAIL0007268,TXN00155708,Insufficient Balance,1,Resolved
FAIL0007269,TXN00155710,Network Error,1,Unresolved
FAIL0007270,TXN00155719,Payment Gateway Error,1,Unresolved
FAIL0007271,TXN00155729,Bank Server Error,1,Unresolved
FAIL0007272,TXN00155740,Payment Gateway Error,1,Unresolved
FAIL0007273,TXN00155762,Insufficient Balance,1,Unresolved
FAIL0007274,TXN00155781,Bank Server Error,2,Unresolved
FAIL0007275,TXN00155792,Bank Server Error,2,Resolved
FAIL0007276,TXN00155827,Timeout,1,Unresolved
FAIL0007277,TXN00155882,Payment Gateway Error,1,Resolved
FAIL0007278,TXN00155898,Limit Exceeded,1,Unresolved
FAIL0007279,TXN00155927,Network Error,1,Unresolved
FAIL0007280,TXN00155953,Insufficient Balance,1,Resolved
FAIL0007281,TXN00155954,Invalid PIN,2,Resolved
FAIL0007282,TXN00155964,Limit Exceeded,1,Unresolved
FAIL0007283,TXN00155975,Invalid PIN,1,Resolved
FAIL0007284,TXN00155986,Insufficient Balance,2,Resolved
FAIL0007285,TXN00156008,Payment Gateway Error,2,Resolved
FAIL0007286,TXN00156018,Payment Gateway Error,1,Resolved
FAIL0007287,TXN00156047,Payment Gateway Error,1,Resolved
FAIL0007288,TXN00156062,Insufficient Balance,1,Unresolved
FAIL0007289,TXN00156094,Payment Gateway Error,2,Unresolved
FAIL0007290,TXN00156120,Network Error,2,Resolved
FAIL0007291,TXN00156121,Insufficient Balance,1,Resolved
FAIL0007292,TXN00156147,Bank Server Error,1,Resolved
FAIL0007293,TXN00156156,Bank Server Error,3,Resolved
FAIL0007294,TXN00156170,Payment Gateway Error,2,Resolved
FAIL0007295,TXN00156175,Limit Exceeded,2,Resolved
FAIL0007296,TXN00156185,Invalid PIN,1,Resolved
FAIL0007297,TXN00156189,Payment Gateway Error,1,Resolved
FAIL0007298,TXN00156217,Bank Server Error,3,Resolved
FAIL0007299,TXN00156272,Insufficient Balance,1,Unresolved
FAIL0007300,TXN00156282,Timeout,1,Resolved
FAIL0007301,TXN00156303,Insufficient Balance,1,Resolved
FAIL0007302,TXN00156314,Bank Server Error,1,Resolved
FAIL0007303,TXN00156347,Payment Gateway Error,1,Resolved
FAIL0007304,TXN00156357,Insufficient Balance,1,Resolved
FAIL0007305,TXN00156375,Timeout,2,Resolved
FAIL0007306,TXN00156379,Invalid PIN,1,Resolved
FAIL0007307,TXN00156384,Insufficient Balance,1,Resolved
FAIL0007308,TXN00156391,Invalid PIN,2,Resolved
FAIL0007309,TXN00156404,Limit Exceeded,1,Unresolved
FAIL0007310,TXN00156405,Bank Server Error,1,Resolved
FAIL0007311,TXN00156435,Payment Gateway Error,1,Resolved
FAIL0007312,TXN00156464,Limit Exceeded,1,Unresolved
FAIL0007313,TXN00156466,Insufficient Balance,2,Resolved
FAIL0007314,TXN00156474,Limit Exceeded,1,Resolved
FAIL0007315,TXN00156480,Payment Gateway Error,2,Resolved
FAIL0007316,TXN00156486,Insufficient Balance,1,Unresolved
FAIL0007317,TXN00156487,Insufficient Balance,1,Unresolved
FAIL0007318,TXN00156502,Bank Server Error,1,Unresolved
FAIL0007319,TXN00156542,Network Error,1,Resolved
FAIL0007320,TXN00156545,Bank Server Error,1,Resolved
FAIL0007321,TXN00156547,Insufficient Balance,1,Unresolved
FAIL0007322,TXN00156596,Insufficient Balance,2,Resolved
FAIL0007323,TXN00156629,Payment Gateway Error,2,Resolved
FAIL0007324,TXN00156641,Bank Server Error,2,Unresolved
FAIL0007325,TXN00156653,Payment Gateway Error,1,Resolved
FAIL0007326,TXN00156666,Network Error,2,Resolved
FAIL0007327,TXN00156714,Bank Server Error,1,Unresolved
FAIL0007328,TXN00156730,Network Error,1,Unresolved
FAIL0007329,TXN00156739,Insufficient Balance,2,Unresolved
FAIL0007330,TXN00156755,Invalid PIN,2,Resolved
FAIL0007331,TXN00156773,Bank Server Error,2,Resolved
FAIL0007332,TXN00156775,Bank Server Error,2,Resolved
FAIL0007333,TXN00156791,Bank Server Error,3,Resolved
FAIL0007334,TXN00156803,Payment Gateway Error,1,Resolved
FAIL0007335,TXN00156820,Payment Gateway Error,2,Resolved
FAIL0007336,TXN00156831,Network Error,1,Resolved
FAIL0007337,TXN00156873,Payment Gateway Error,2,Resolved
FAIL0007338,TXN00156882,Insufficient Balance,1,Unresolved
FAIL0007339,TXN00156917,Bank Server Error,1,Unresolved
FAIL0007340,TXN00156923,Network Error,2,Resolved
FAIL0007341,TXN00156944,Limit Exceeded,1,Unresolved
FAIL0007342,TXN00156982,Insufficient Balance,1,Unresolved
FAIL0007343,TXN00157027,Bank Server Error,1,Resolved
FAIL0007344,TXN00157064,Network Error,1,Unresolved
FAIL0007345,TXN00157070,Payment Gateway Error,1,Unresolved
FAIL0007346,TXN00157071,Invalid PIN,3,Resolved
FAIL0007347,TXN00157100,Insufficient Balance,1,Unresolved
FAIL0007348,TXN00157107,Bank Server Error,1,Resolved
FAIL0007349,TXN00157113,Insufficient Balance,1,Unresolved
FAIL0007350,TXN00157129,Timeout,2,Resolved
FAIL0007351,TXN00157166,Payment Gateway Error,1,Unresolved
FAIL0007352,TXN00157207,Limit Exceeded,1,Resolved
FAIL0007353,TXN00157269,Insufficient Balance,1,Unresolved
FAIL0007354,TXN00157282,Network Error,1,Resolved
FAIL0007355,TXN00157283,Invalid PIN,1,Unresolved
FAIL0007356,TXN00157294,Payment Gateway Error,1,Resolved
FAIL0007357,TXN00157304,Limit Exceeded,3,Resolved
FAIL0007358,TXN00157326,Network Error,1,Resolved
FAIL0007359,TXN00157344,Payment Gateway Error,2,Resolved
FAIL0007360,TXN00157363,Limit Exceeded,1,Unresolved
FAIL0007361,TXN00157385,Payment Gateway Error,1,Unresolved
FAIL0007362,TXN00157397,Payment Gateway Error,1,Unresolved
FAIL0007363,TXN00157406,Insufficient Balance,3,Resolved
FAIL0007364,TXN00157437,Payment Gateway Error,1,Resolved
FAIL0007365,TXN00157456,Insufficient Balance,1,Unresolved
FAIL0007366,TXN00157459,Insufficient Balance,1,Resolved
FAIL0007367,TXN00157471,Network Error,2,Resolved
FAIL0007368,TXN00157479,Payment Gateway Error,1,Unresolved
FAIL0007369,TXN00157485,Bank Server Error,3,Resolved
FAIL0007370,TXN00157526,Limit Exceeded,2,Resolved
FAIL0007371,TXN00157545,Insufficient Balance,2,Resolved
FAIL0007372,TXN00157548,Payment Gateway Error,1,Resolved
FAIL0007373,TXN00157549,Bank Server Error,2,Resolved
FAIL0007374,TXN00157607,Timeout,1,Unresolved
FAIL0007375,TXN00157610,Payment Gateway Error,1,Resolved
FAIL0007376,TXN00157619,Payment Gateway Error,1,Unresolved
FAIL0007377,TXN00157639,Network Error,2,Unresolved
FAIL0007378,TXN00157727,Network Error,1,Resolved
FAIL0007379,TXN00157742,Invalid PIN,1,Unresolved
FAIL0007380,TXN00157774,Timeout,2,Resolved
FAIL0007381,TXN00157783,Bank Server Error,2,Resolved
FAIL0007382,TXN00157792,Limit Exceeded,1,Unresolved
FAIL0007383,TXN00157806,Invalid PIN,1,Unresolved
FAIL0007384,TXN00157817,Timeout,1,Unresolved
FAIL0007385,TXN00157834,Payment Gateway Error,1,Resolved
FAIL0007386,TXN00157835,Payment Gateway Error,1,Resolved
FAIL0007387,TXN00157844,Bank Server Error,2,Resolved
FAIL0007388,TXN00157849,Insufficient Balance,1,Unresolved
FAIL0007389,TXN00157858,Timeout,3,Resolved
FAIL0007390,TXN00157867,Limit Exceeded,1,Resolved
FAIL0007391,TXN00157884,Timeout,1,Resolved
FAIL0007392,TXN00157885,Bank Server Error,1,Resolved
FAIL0007393,TXN00157898,Payment Gateway Error,2,Resolved
FAIL0007394,TXN00157903,Bank Server Error,3,Resolved
FAIL0007395,TXN00157926,Timeout,1,Unresolved
FAIL0007396,TXN00158025,Bank Server Error,1,Unresolved
FAIL0007397,TXN00158042,Bank Server Error,1,Resolved
FAIL0007398,TXN00158078,Payment Gateway Error,2,Unresolved
FAIL0007399,TXN00158091,Bank Server Error,2,Unresolved
FAIL0007400,TXN00158141,Bank Server Error,1,Resolved
FAIL0007401,TXN00158143,Network Error,3,Resolved
FAIL0007402,TXN00158153,Insufficient Balance,1,Resolved
FAIL0007403,TXN00158175,Network Error,1,Unresolved
FAIL0007404,TXN00158203,Network Error,1,Resolved
FAIL0007405,TXN00158237,Network Error,1,Resolved
FAIL0007406,TXN00158239,Bank Server Error,2,Resolved
FAIL0007407,TXN00158257,Payment Gateway Error,1,Resolved
FAIL0007408,TXN00158278,Payment Gateway Error,1,Unresolved
FAIL0007409,TXN00158325,Invalid PIN,2,Resolved
FAIL0007410,TXN00158340,Insufficient Balance,3,Resolved
FAIL0007411,TXN00158348,Network Error,3,Resolved
FAIL0007412,TXN00158363,Limit Exceeded,1,Unresolved
FAIL0007413,TXN00158398,Invalid PIN,1,Unresolved
FAIL0007414,TXN00158400,Payment Gateway Error,3,Resolved
FAIL0007415,TXN00158421,Payment Gateway Error,1,Resolved
FAIL0007416,TXN00158448,Limit Exceeded,1,Resolved
FAIL0007417,TXN00158483,Payment Gateway Error,2,Resolved
FAIL0007418,TXN00158492,Payment Gateway Error,1,Unresolved
FAIL0007419,TXN00158493,Bank Server Error,1,Unresolved
FAIL0007420,TXN00158500,Bank Server Error,1,Unresolved
FAIL0007421,TXN00158534,Payment Gateway Error,1,Resolved
FAIL0007422,TXN00158569,Insufficient Balance,1,Resolved
FAIL0007423,TXN00158580,Limit Exceeded,2,Resolved
FAIL0007424,TXN00158584,Insufficient Balance,2,Resolved
FAIL0007425,TXN00158680,Invalid PIN,1,Resolved
FAIL0007426,TXN00158749,Network Error,1,Unresolved
FAIL0007427,TXN00158755,Limit Exceeded,1,Unresolved
FAIL0007428,TXN00158759,Bank Server Error,1,Unresolved
FAIL0007429,TXN00158760,Limit Exceeded,1,Unresolved
FAIL0007430,TXN00158765,Invalid PIN,1,Resolved
FAIL0007431,TXN00158815,Insufficient Balance,1,Resolved
FAIL0007432,TXN00158856,Limit Exceeded,3,Resolved
FAIL0007433,TXN00158897,Bank Server Error,2,Unresolved
FAIL0007434,TXN00158956,Limit Exceeded,2,Resolved
FAIL0007435,TXN00159022,Network Error,1,Unresolved
FAIL0007436,TXN00159036,Limit Exceeded,2,Resolved
FAIL0007437,TXN00159042,Insufficient Balance,1,Unresolved
FAIL0007438,TXN00159050,Payment Gateway Error,1,Resolved
FAIL0007439,TXN00159068,Timeout,1,Resolved
FAIL0007440,TXN00159078,Insufficient Balance,1,Resolved
FAIL0007441,TXN00159081,Invalid PIN,1,Unresolved
FAIL0007442,TXN00159099,Insufficient Balance,1,Unresolved
FAIL0007443,TXN00159100,Bank Server Error,1,Resolved
FAIL0007444,TXN00159106,Invalid PIN,2,Resolved
FAIL0007445,TXN00159125,Payment Gateway Error,1,Resolved
FAIL0007446,TXN00159151,Network Error,2,Resolved
FAIL0007447,TXN00159163,Payment Gateway Error,2,Unresolved
FAIL0007448,TXN00159236,Payment Gateway Error,1,Resolved
FAIL0007449,TXN00159255,Bank Server Error,2,Resolved
FAIL0007450,TXN00159305,Limit Exceeded,2,Resolved
FAIL0007451,TXN00159306,Payment Gateway Error,1,Resolved
FAIL0007452,TXN00159316,Bank Server Error,1,Unresolved
FAIL0007453,TXN00159338,Insufficient Balance,1,Unresolved
FAIL0007454,TXN00159362,Insufficient Balance,1,Unresolved
FAIL0007455,TXN00159381,Insufficient Balance,1,Unresolved
FAIL0007456,TXN00159403,Payment Gateway Error,1,Unresolved
FAIL0007457,TXN00159414,Limit Exceeded,1,Resolved
FAIL0007458,TXN00159444,Network Error,1,Resolved
FAIL0007459,TXN00159453,Network Error,1,Resolved
FAIL0007460,TXN00159535,Payment Gateway Error,1,Unresolved
FAIL0007461,TXN00159633,Network Error,1,Unresolved
FAIL0007462,TXN00159642,Bank Server Error,1,Resolved
FAIL0007463,TXN00159673,Network Error,2,Resolved
FAIL0007464,TXN00159676,Bank Server Error,1,Resolved
FAIL0007465,TXN00159702,Payment Gateway Error,2,Resolved
FAIL0007466,TXN00159780,Insufficient Balance,1,Unresolved
FAIL0007467,TXN00159835,Invalid PIN,2,Resolved
FAIL0007468,TXN00159860,Insufficient Balance,2,Unresolved
FAIL0007469,TXN00159879,Timeout,1,Unresolved
FAIL0007470,TXN00159880,Payment Gateway Error,1,Resolved
FAIL0007471,TXN00159963,Invalid PIN,1,Resolved
FAIL0007472,TXN00159983,Bank Server Error,1,Unresolved
FAIL0007473,TXN00159991,Payment Gateway Error,3,Resolved
FAIL0007474,TXN00160004,Bank Server Error,1,Resolved
FAIL0007475,TXN00160012,Payment Gateway Error,3,Unresolved
FAIL0007476,TXN00160017,Network Error,2,Resolved
FAIL0007477,TXN00160040,Bank Server Error,1,Unresolved
FAIL0007478,TXN00160063,Insufficient Balance,1,Unresolved
FAIL0007479,TXN00160076,Insufficient Balance,1,Unresolved
FAIL0007480,TXN00160093,Limit Exceeded,2,Resolved
FAIL0007481,TXN00160094,Bank Server Error,3,Resolved
FAIL0007482,TXN00160098,Payment Gateway Error,1,Resolved
FAIL0007483,TXN00160114,Insufficient Balance,1,Resolved
FAIL0007484,TXN00160140,Invalid PIN,2,Resolved
FAIL0007485,TXN00160185,Insufficient Balance,1,Resolved
FAIL0007486,TXN00160207,Payment Gateway Error,1,Resolved
FAIL0007487,TXN00160222,Bank Server Error,2,Resolved
FAIL0007488,TXN00160223,Network Error,1,Unresolved
FAIL0007489,TXN00160258,Payment Gateway Error,2,Resolved
FAIL0007490,TXN00160305,Limit Exceeded,1,Resolved
FAIL0007491,TXN00160319,Timeout,1,Resolved
FAIL0007492,TXN00160321,Insufficient Balance,1,Unresolved
FAIL0007493,TXN00160348,Insufficient Balance,1,Unresolved
FAIL0007494,TXN00160362,Payment Gateway Error,1,Resolved
FAIL0007495,TXN00160368,Insufficient Balance,1,Unresolved
FAIL0007496,TXN00160387,Bank Server Error,1,Resolved
FAIL0007497,TXN00160406,Insufficient Balance,1,Unresolved
FAIL0007498,TXN00160407,Bank Server Error,1,Resolved
FAIL0007499,TXN00160433,Insufficient Balance,2,Unresolved
FAIL0007500,TXN00160444,Insufficient Balance,1,Unresolved
FAIL0007501,TXN00160485,Insufficient Balance,1,Unresolved
FAIL0007502,TXN00160488,Insufficient Balance,1,Unresolved
FAIL0007503,TXN00160494,Insufficient Balance,1,Unresolved
FAIL0007504,TXN00160503,Payment Gateway Error,1,Resolved
FAIL0007505,TXN00160512,Payment Gateway Error,1,Resolved
FAIL0007506,TXN00160517,Network Error,1,Unresolved
FAIL0007507,TXN00160581,Limit Exceeded,1,Unresolved
FAIL0007508,TXN00160582,Limit Exceeded,2,Unresolved
FAIL0007509,TXN00160599,Payment Gateway Error,1,Unresolved
FAIL0007510,TXN00160613,Bank Server Error,1,Resolved
FAIL0007511,TXN00160641,Payment Gateway Error,1,Resolved
FAIL0007512,TXN00160654,Network Error,1,Resolved
FAIL0007513,TXN00160664,Network Error,1,Resolved
FAIL0007514,TXN00160672,Insufficient Balance,3,Resolved
FAIL0007515,TXN00160711,Bank Server Error,1,Resolved
FAIL0007516,TXN00160727,Bank Server Error,1,Unresolved
FAIL0007517,TXN00160744,Bank Server Error,2,Resolved
FAIL0007518,TXN00160749,Timeout,1,Unresolved
FAIL0007519,TXN00160756,Limit Exceeded,3,Unresolved
FAIL0007520,TXN00160780,Bank Server Error,1,Resolved
FAIL0007521,TXN00160791,Payment Gateway Error,1,Resolved
FAIL0007522,TXN00160792,Network Error,1,Unresolved
FAIL0007523,TXN00160796,Insufficient Balance,1,Unresolved
FAIL0007524,TXN00160810,Insufficient Balance,1,Resolved
FAIL0007525,TXN00160825,Bank Server Error,1,Resolved
FAIL0007526,TXN00160829,Limit Exceeded,2,Resolved
FAIL0007527,TXN00160845,Network Error,3,Resolved
FAIL0007528,TXN00160846,Network Error,1,Resolved
FAIL0007529,TXN00160876,Insufficient Balance,1,Resolved
FAIL0007530,TXN00160880,Timeout,2,Resolved
FAIL0007531,TXN00160960,Timeout,1,Unresolved
FAIL0007532,TXN00160971,Bank Server Error,1,Resolved
FAIL0007533,TXN00160996,Bank Server Error,2,Resolved
FAIL0007534,TXN00161006,Insufficient Balance,1,Resolved
FAIL0007535,TXN00161193,Network Error,1,Resolved
FAIL0007536,TXN00161222,Payment Gateway Error,3,Resolved
FAIL0007537,TXN00161237,Network Error,1,Resolved
FAIL0007538,TXN00161253,Bank Server Error,1,Resolved
FAIL0007539,TXN00161259,Limit Exceeded,2,Unresolved
FAIL0007540,TXN00161272,Insufficient Balance,2,Resolved
FAIL0007541,TXN00161278,Network Error,1,Unresolved
FAIL0007542,TXN00161325,Bank Server Error,1,Resolved
FAIL0007543,TXN00161340,Insufficient Balance,2,Resolved
FAIL0007544,TXN00161342,Limit Exceeded,1,Resolved
FAIL0007545,TXN00161349,Bank Server Error,2,Resolved
FAIL0007546,TXN00161354,Insufficient Balance,2,Unresolved
FAIL0007547,TXN00161389,Bank Server Error,1,Unresolved
FAIL0007548,TXN00161438,Invalid PIN,3,Resolved
FAIL0007549,TXN00161474,Limit Exceeded,1,Resolved
FAIL0007550,TXN00161481,Network Error,1,Resolved
FAIL0007551,TXN00161499,Payment Gateway Error,1,Resolved
FAIL0007552,TXN00161566,Network Error,3,Resolved
FAIL0007553,TXN00161611,Network Error,1,Unresolved
FAIL0007554,TXN00161615,Network Error,2,Resolved
FAIL0007555,TXN00161616,Limit Exceeded,1,Resolved
FAIL0007556,TXN00161619,Insufficient Balance,1,Resolved
FAIL0007557,TXN00161626,Limit Exceeded,1,Unresolved
FAIL0007558,TXN00161632,Limit Exceeded,1,Unresolved
FAIL0007559,TXN00161642,Payment Gateway Error,1,Unresolved
FAIL0007560,TXN00161647,Bank Server Error,1,Resolved
FAIL0007561,TXN00161649,Bank Server Error,1,Unresolved
FAIL0007562,TXN00161658,Limit Exceeded,1,Unresolved
FAIL0007563,TXN00161700,Limit Exceeded,1,Resolved
FAIL0007564,TXN00161717,Network Error,1,Unresolved
FAIL0007565,TXN00161721,Payment Gateway Error,1,Resolved
FAIL0007566,TXN00161767,Insufficient Balance,1,Resolved
FAIL0007567,TXN00161778,Limit Exceeded,1,Unresolved
FAIL0007568,TXN00161842,Payment Gateway Error,1,Resolved
FAIL0007569,TXN00161878,Invalid PIN,1,Resolved
FAIL0007570,TXN00161880,Invalid PIN,2,Resolved
FAIL0007571,TXN00161888,Invalid PIN,1,Resolved
FAIL0007572,TXN00161895,Invalid PIN,1,Resolved
FAIL0007573,TXN00161934,Network Error,3,Resolved
FAIL0007574,TXN00161953,Insufficient Balance,1,Unresolved
FAIL0007575,TXN00161965,Insufficient Balance,1,Resolved
FAIL0007576,TXN00161975,Limit Exceeded,1,Resolved
FAIL0007577,TXN00161999,Payment Gateway Error,1,Resolved
FAIL0007578,TXN00162005,Limit Exceeded,1,Resolved
FAIL0007579,TXN00162012,Network Error,1,Unresolved
FAIL0007580,TXN00162013,Bank Server Error,1,Resolved
FAIL0007581,TXN00162014,Payment Gateway Error,2,Unresolved
FAIL0007582,TXN00162087,Network Error,1,Resolved
FAIL0007583,TXN00162111,Bank Server Error,1,Resolved
FAIL0007584,TXN00162115,Insufficient Balance,1,Resolved
FAIL0007585,TXN00162119,Payment Gateway Error,2,Resolved
FAIL0007586,TXN00162120,Payment Gateway Error,1,Unresolved
FAIL0007587,TXN00162143,Insufficient Balance,1,Resolved
FAIL0007588,TXN00162231,Bank Server Error,1,Unresolved
FAIL0007589,TXN00162241,Insufficient Balance,2,Resolved
FAIL0007590,TXN00162252,Insufficient Balance,3,Unresolved
FAIL0007591,TXN00162271,Invalid PIN,2,Resolved
FAIL0007592,TXN00162285,Timeout,3,Resolved
FAIL0007593,TXN00162300,Invalid PIN,3,Resolved
FAIL0007594,TXN00162326,Payment Gateway Error,2,Unresolved
FAIL0007595,TXN00162361,Payment Gateway Error,2,Unresolved
FAIL0007596,TXN00162363,Bank Server Error,1,Resolved
FAIL0007597,TXN00162404,Network Error,1,Unresolved
FAIL0007598,TXN00162437,Insufficient Balance,1,Resolved
FAIL0007599,TXN00162441,Bank Server Error,1,Resolved
FAIL0007600,TXN00162475,Payment Gateway Error,1,Unresolved
FAIL0007601,TXN00162478,Limit Exceeded,1,Unresolved
FAIL0007602,TXN00162555,Limit Exceeded,2,Unresolved
FAIL0007603,TXN00162556,Insufficient Balance,1,Resolved
FAIL0007604,TXN00162634,Insufficient Balance,1,Unresolved
FAIL0007605,TXN00162637,Limit Exceeded,1,Resolved
FAIL0007606,TXN00162640,Bank Server Error,1,Unresolved
FAIL0007607,TXN00162660,Bank Server Error,1,Resolved
FAIL0007608,TXN00162668,Network Error,1,Unresolved
FAIL0007609,TXN00162686,Bank Server Error,1,Unresolved
FAIL0007610,TXN00162689,Network Error,1,Resolved
FAIL0007611,TXN00162697,Bank Server Error,1,Resolved
FAIL0007612,TXN00162706,Limit Exceeded,1,Unresolved
FAIL0007613,TXN00162757,Insufficient Balance,1,Resolved
FAIL0007614,TXN00162779,Limit Exceeded,1,Resolved
FAIL0007615,TXN00162783,Network Error,2,Resolved
FAIL0007616,TXN00162788,Timeout,1,Resolved
FAIL0007617,TXN00162797,Network Error,1,Unresolved
FAIL0007618,TXN00162810,Timeout,1,Unresolved
FAIL0007619,TXN00162825,Bank Server Error,3,Unresolved
FAIL0007620,TXN00162852,Network Error,2,Unresolved
FAIL0007621,TXN00162889,Limit Exceeded,1,Resolved
FAIL0007622,TXN00162949,Insufficient Balance,1,Resolved
FAIL0007623,TXN00162967,Insufficient Balance,1,Unresolved
FAIL0007624,TXN00162971,Insufficient Balance,1,Unresolved
FAIL0007625,TXN00163034,Invalid PIN,2,Resolved
FAIL0007626,TXN00163044,Bank Server Error,1,Resolved
FAIL0007627,TXN00163081,Limit Exceeded,1,Unresolved
FAIL0007628,TXN00163115,Insufficient Balance,3,Resolved
FAIL0007629,TXN00163138,Timeout,1,Resolved
FAIL0007630,TXN00163165,Insufficient Balance,2,Resolved
FAIL0007631,TXN00163171,Invalid PIN,2,Unresolved
FAIL0007632,TXN00163185,Bank Server Error,2,Unresolved
FAIL0007633,TXN00163217,Payment Gateway Error,1,Unresolved
FAIL0007634,TXN00163274,Network Error,3,Resolved
FAIL0007635,TXN00163290,Payment Gateway Error,2,Resolved
FAIL0007636,TXN00163308,Bank Server Error,1,Unresolved
FAIL0007637,TXN00163383,Payment Gateway Error,2,Resolved
FAIL0007638,TXN00163440,Bank Server Error,1,Resolved
FAIL0007639,TXN00163487,Insufficient Balance,1,Unresolved
FAIL0007640,TXN00163537,Insufficient Balance,1,Resolved
FAIL0007641,TXN00163558,Insufficient Balance,1,Resolved
FAIL0007642,TXN00163560,Invalid PIN,3,Resolved
FAIL0007643,TXN00163569,Limit Exceeded,2,Resolved
FAIL0007644,TXN00163586,Timeout,1,Resolved
FAIL0007645,TXN00163613,Payment Gateway Error,1,Unresolved
FAIL0007646,TXN00163620,Timeout,1,Resolved
FAIL0007647,TXN00163633,Network Error,1,Unresolved
FAIL0007648,TXN00163680,Limit Exceeded,2,Resolved
FAIL0007649,TXN00163700,Bank Server Error,1,Resolved
FAIL0007650,TXN00163705,Payment Gateway Error,1,Resolved
FAIL0007651,TXN00163736,Limit Exceeded,3,Resolved
FAIL0007652,TXN00163759,Network Error,1,Resolved
FAIL0007653,TXN00163768,Timeout,1,Unresolved
FAIL0007654,TXN00163771,Limit Exceeded,1,Resolved
FAIL0007655,TXN00163783,Insufficient Balance,1,Resolved
FAIL0007656,TXN00163791,Bank Server Error,2,Unresolved
FAIL0007657,TXN00163811,Bank Server Error,2,Resolved
FAIL0007658,TXN00163849,Limit Exceeded,2,Resolved
FAIL0007659,TXN00163854,Limit Exceeded,1,Resolved
FAIL0007660,TXN00163870,Bank Server Error,2,Unresolved
FAIL0007661,TXN00163898,Invalid PIN,1,Unresolved
FAIL0007662,TXN00163904,Limit Exceeded,1,Unresolved
FAIL0007663,TXN00163948,Limit Exceeded,1,Unresolved
FAIL0007664,TXN00163993,Network Error,1,Resolved
FAIL0007665,TXN00164029,Timeout,1,Resolved
FAIL0007666,TXN00164057,Bank Server Error,1,Resolved
FAIL0007667,TXN00164105,Insufficient Balance,1,Unresolved
FAIL0007668,TXN00164120,Payment Gateway Error,2,Resolved
FAIL0007669,TXN00164152,Network Error,1,Unresolved
FAIL0007670,TXN00164219,Invalid PIN,1,Resolved
FAIL0007671,TXN00164254,Insufficient Balance,1,Resolved
FAIL0007672,TXN00164263,Limit Exceeded,1,Resolved
FAIL0007673,TXN00164269,Limit Exceeded,3,Resolved
FAIL0007674,TXN00164297,Insufficient Balance,2,Resolved
FAIL0007675,TXN00164330,Bank Server Error,1,Resolved
FAIL0007676,TXN00164331,Bank Server Error,2,Unresolved
FAIL0007677,TXN00164357,Bank Server Error,2,Resolved
FAIL0007678,TXN00164367,Payment Gateway Error,2,Unresolved
FAIL0007679,TXN00164382,Network Error,1,Resolved
FAIL0007680,TXN00164444,Limit Exceeded,1,Resolved
FAIL0007681,TXN00164455,Bank Server Error,1,Unresolved
FAIL0007682,TXN00164483,Bank Server Error,2,Resolved
FAIL0007683,TXN00164505,Bank Server Error,1,Unresolved
FAIL0007684,TXN00164512,Limit Exceeded,1,Unresolved
FAIL0007685,TXN00164555,Network Error,1,Unresolved
FAIL0007686,TXN00164566,Network Error,2,Resolved
FAIL0007687,TXN00164579,Insufficient Balance,1,Unresolved
FAIL0007688,TXN00164603,Limit Exceeded,2,Unresolved
FAIL0007689,TXN00164645,Insufficient Balance,2,Resolved
FAIL0007690,TXN00164661,Invalid PIN,1,Resolved
FAIL0007691,TXN00164683,Payment Gateway Error,3,Resolved
FAIL0007692,TXN00164687,Limit Exceeded,2,Unresolved
FAIL0007693,TXN00164695,Payment Gateway Error,1,Resolved
FAIL0007694,TXN00164772,Insufficient Balance,1,Resolved
FAIL0007695,TXN00164890,Bank Server Error,1,Resolved
FAIL0007696,TXN00164903,Bank Server Error,2,Resolved
FAIL0007697,TXN00164907,Insufficient Balance,3,Resolved
FAIL0007698,TXN00164939,Payment Gateway Error,1,Resolved
FAIL0007699,TXN00164940,Bank Server Error,1,Resolved
FAIL0007700,TXN00164979,Limit Exceeded,1,Unresolved
FAIL0007701,TXN00164993,Insufficient Balance,1,Resolved
FAIL0007702,TXN00165028,Invalid PIN,1,Unresolved
FAIL0007703,TXN00165053,Invalid PIN,1,Resolved
FAIL0007704,TXN00165059,Bank Server Error,1,Unresolved
FAIL0007705,TXN00165069,Insufficient Balance,1,Unresolved
FAIL0007706,TXN00165077,Bank Server Error,2,Resolved
FAIL0007707,TXN00165098,Limit Exceeded,1,Resolved
FAIL0007708,TXN00165113,Payment Gateway Error,3,Resolved
FAIL0007709,TXN00165115,Payment Gateway Error,2,Resolved
FAIL0007710,TXN00165116,Payment Gateway Error,1,Resolved
FAIL0007711,TXN00165135,Bank Server Error,2,Resolved
FAIL0007712,TXN00165139,Bank Server Error,2,Resolved
FAIL0007713,TXN00165206,Bank Server Error,1,Resolved
FAIL0007714,TXN00165243,Limit Exceeded,1,Unresolved
FAIL0007715,TXN00165278,Insufficient Balance,1,Resolved
FAIL0007716,TXN00165291,Invalid PIN,1,Unresolved
FAIL0007717,TXN00165309,Payment Gateway Error,1,Unresolved
FAIL0007718,TXN00165356,Network Error,2,Resolved
FAIL0007719,TXN00165360,Insufficient Balance,1,Resolved
FAIL0007720,TXN00165377,Limit Exceeded,1,Resolved
FAIL0007721,TXN00165392,Bank Server Error,1,Resolved
FAIL0007722,TXN00165412,Limit Exceeded,2,Resolved
FAIL0007723,TXN00165444,Limit Exceeded,1,Resolved
FAIL0007724,TXN00165466,Insufficient Balance,1,Resolved
FAIL0007725,TXN00165470,Bank Server Error,1,Unresolved
FAIL0007726,TXN00165473,Network Error,1,Resolved
FAIL0007727,TXN00165494,Limit Exceeded,1,Unresolved
FAIL0007728,TXN00165549,Limit Exceeded,1,Resolved
FAIL0007729,TXN00165579,Insufficient Balance,1,Resolved
FAIL0007730,TXN00165699,Limit Exceeded,2,Unresolved
FAIL0007731,TXN00165719,Insufficient Balance,2,Resolved
FAIL0007732,TXN00165723,Bank Server Error,2,Resolved
FAIL0007733,TXN00165737,Network Error,2,Resolved
FAIL0007734,TXN00165756,Payment Gateway Error,2,Resolved
FAIL0007735,TXN00165800,Invalid PIN,1,Unresolved
FAIL0007736,TXN00165840,Insufficient Balance,1,Unresolved
FAIL0007737,TXN00165842,Network Error,1,Resolved
FAIL0007738,TXN00165844,Network Error,1,Unresolved
FAIL0007739,TXN00165864,Network Error,1,Resolved
FAIL0007740,TXN00165875,Bank Server Error,2,Unresolved
FAIL0007741,TXN00165881,Network Error,1,Resolved
FAIL0007742,TXN00165898,Network Error,1,Resolved
FAIL0007743,TXN00165906,Bank Server Error,1,Resolved
FAIL0007744,TXN00165925,Limit Exceeded,1,Resolved
FAIL0007745,TXN00165974,Payment Gateway Error,2,Resolved
FAIL0007746,TXN00165975,Bank Server Error,1,Unresolved
FAIL0007747,TXN00165991,Timeout,3,Resolved
FAIL0007748,TXN00166053,Limit Exceeded,1,Unresolved
FAIL0007749,TXN00166215,Insufficient Balance,2,Resolved
FAIL0007750,TXN00166225,Bank Server Error,1,Unresolved
FAIL0007751,TXN00166230,Payment Gateway Error,3,Resolved
FAIL0007752,TXN00166235,Payment Gateway Error,2,Unresolved
FAIL0007753,TXN00166241,Limit Exceeded,1,Unresolved
FAIL0007754,TXN00166259,Bank Server Error,1,Resolved
FAIL0007755,TXN00166295,Bank Server Error,3,Resolved
FAIL0007756,TXN00166298,Insufficient Balance,1,Resolved
FAIL0007757,TXN00166333,Limit Exceeded,1,Resolved
FAIL0007758,TXN00166372,Limit Exceeded,3,Resolved
FAIL0007759,TXN00166391,Limit Exceeded,1,Resolved
FAIL0007760,TXN00166408,Bank Server Error,1,Resolved
FAIL0007761,TXN00166436,Payment Gateway Error,1,Unresolved
FAIL0007762,TXN00166448,Insufficient Balance,2,Resolved
FAIL0007763,TXN00166450,Payment Gateway Error,3,Resolved
FAIL0007764,TXN00166457,Bank Server Error,1,Unresolved
FAIL0007765,TXN00166461,Bank Server Error,1,Resolved
FAIL0007766,TXN00166480,Network Error,2,Resolved
FAIL0007767,TXN00166494,Bank Server Error,1,Unresolved
FAIL0007768,TXN00166515,Insufficient Balance,2,Resolved
FAIL0007769,TXN00166549,Payment Gateway Error,2,Resolved
FAIL0007770,TXN00166553,Bank Server Error,1,Resolved
FAIL0007771,TXN00166558,Network Error,1,Unresolved
FAIL0007772,TXN00166596,Payment Gateway Error,1,Resolved
FAIL0007773,TXN00166625,Timeout,2,Resolved
FAIL0007774,TXN00166639,Bank Server Error,1,Resolved
FAIL0007775,TXN00166643,Invalid PIN,1,Unresolved
FAIL0007776,TXN00166647,Limit Exceeded,1,Unresolved
FAIL0007777,TXN00166654,Limit Exceeded,2,Resolved
FAIL0007778,TXN00166664,Bank Server Error,1,Unresolved
FAIL0007779,TXN00166683,Payment Gateway Error,1,Resolved
FAIL0007780,TXN00166685,Payment Gateway Error,1,Resolved
FAIL0007781,TXN00166709,Insufficient Balance,1,Resolved
FAIL0007782,TXN00166718,Bank Server Error,1,Unresolved
FAIL0007783,TXN00166729,Network Error,1,Resolved
FAIL0007784,TXN00166756,Bank Server Error,1,Resolved
FAIL0007785,TXN00166773,Payment Gateway Error,1,Unresolved
FAIL0007786,TXN00166774,Limit Exceeded,1,Resolved
FAIL0007787,TXN00166793,Payment Gateway Error,1,Resolved
FAIL0007788,TXN00166847,Payment Gateway Error,1,Unresolved
FAIL0007789,TXN00166861,Payment Gateway Error,1,Resolved
FAIL0007790,TXN00166888,Insufficient Balance,1,Unresolved
FAIL0007791,TXN00166892,Payment Gateway Error,2,Resolved
FAIL0007792,TXN00166927,Limit Exceeded,1,Resolved
FAIL0007793,TXN00166946,Limit Exceeded,1,Resolved
FAIL0007794,TXN00166977,Insufficient Balance,2,Resolved
FAIL0007795,TXN00166999,Payment Gateway Error,2,Resolved
FAIL0007796,TXN00167028,Insufficient Balance,2,Unresolved
FAIL0007797,TXN00167049,Bank Server Error,1,Unresolved
FAIL0007798,TXN00167069,Payment Gateway Error,1,Resolved
FAIL0007799,TXN00167073,Timeout,1,Resolved
FAIL0007800,TXN00167086,Invalid PIN,3,Resolved
FAIL0007801,TXN00167105,Bank Server Error,1,Unresolved
FAIL0007802,TXN00167118,Bank Server Error,1,Resolved
FAIL0007803,TXN00167156,Payment Gateway Error,1,Unresolved
FAIL0007804,TXN00167170,Insufficient Balance,3,Resolved
FAIL0007805,TXN00167174,Timeout,3,Resolved
FAIL0007806,TXN00167187,Payment Gateway Error,1,Resolved
FAIL0007807,TXN00167197,Network Error,2,Unresolved
FAIL0007808,TXN00167198,Bank Server Error,1,Resolved
FAIL0007809,TXN00167233,Payment Gateway Error,1,Resolved
FAIL0007810,TXN00167277,Invalid PIN,1,Resolved
FAIL0007811,TXN00167290,Network Error,1,Unresolved
FAIL0007812,TXN00167297,Timeout,1,Resolved
FAIL0007813,TXN00167306,Insufficient Balance,1,Resolved
FAIL0007814,TXN00167311,Network Error,1,Unresolved
FAIL0007815,TXN00167323,Invalid PIN,1,Resolved
FAIL0007816,TXN00167361,Bank Server Error,1,Resolved
FAIL0007817,TXN00167377,Bank Server Error,1,Resolved
FAIL0007818,TXN00167382,Network Error,1,Resolved
FAIL0007819,TXN00167392,Insufficient Balance,2,Resolved
FAIL0007820,TXN00167423,Invalid PIN,1,Unresolved
FAIL0007821,TXN00167464,Bank Server Error,1,Unresolved
FAIL0007822,TXN00167518,Bank Server Error,1,Resolved
FAIL0007823,TXN00167525,Bank Server Error,2,Resolved
FAIL0007824,TXN00167551,Invalid PIN,1,Resolved
FAIL0007825,TXN00167583,Limit Exceeded,1,Resolved
FAIL0007826,TXN00167592,Limit Exceeded,3,Unresolved
FAIL0007827,TXN00167629,Network Error,3,Resolved
FAIL0007828,TXN00167660,Network Error,2,Resolved
FAIL0007829,TXN00167704,Limit Exceeded,2,Unresolved
FAIL0007830,TXN00167733,Network Error,1,Unresolved
FAIL0007831,TXN00167751,Limit Exceeded,1,Unresolved
FAIL0007832,TXN00167788,Payment Gateway Error,3,Resolved
FAIL0007833,TXN00167795,Bank Server Error,2,Resolved
FAIL0007834,TXN00167806,Payment Gateway Error,1,Unresolved
FAIL0007835,TXN00167835,Limit Exceeded,1,Resolved
FAIL0007836,TXN00167857,Limit Exceeded,2,Resolved
FAIL0007837,TXN00167861,Invalid PIN,1,Resolved
FAIL0007838,TXN00167865,Insufficient Balance,1,Resolved
FAIL0007839,TXN00167919,Payment Gateway Error,2,Resolved
FAIL0007840,TXN00167932,Payment Gateway Error,1,Unresolved
FAIL0007841,TXN00167935,Bank Server Error,2,Unresolved
FAIL0007842,TXN00167938,Bank Server Error,1,Resolved
FAIL0007843,TXN00167944,Insufficient Balance,1,Resolved
FAIL0007844,TXN00167945,Limit Exceeded,3,Resolved
FAIL0007845,TXN00167957,Limit Exceeded,1,Resolved
FAIL0007846,TXN00167965,Limit Exceeded,1,Resolved
FAIL0007847,TXN00167971,Bank Server Error,1,Unresolved
FAIL0007848,TXN00168053,Payment Gateway Error,1,Resolved
FAIL0007849,TXN00168054,Insufficient Balance,1,Unresolved
FAIL0007850,TXN00168090,Insufficient Balance,3,Resolved
FAIL0007851,TXN00168116,Bank Server Error,1,Resolved
FAIL0007852,TXN00168120,Network Error,1,Resolved
FAIL0007853,TXN00168121,Payment Gateway Error,1,Unresolved
FAIL0007854,TXN00168149,Limit Exceeded,3,Resolved
FAIL0007855,TXN00168161,Limit Exceeded,1,Resolved
FAIL0007856,TXN00168180,Insufficient Balance,2,Resolved
FAIL0007857,TXN00168185,Limit Exceeded,1,Resolved
FAIL0007858,TXN00168186,Network Error,1,Unresolved
FAIL0007859,TXN00168193,Limit Exceeded,1,Unresolved
FAIL0007860,TXN00168203,Network Error,1,Unresolved
FAIL0007861,TXN00168232,Limit Exceeded,1,Resolved
FAIL0007862,TXN00168244,Payment Gateway Error,1,Resolved
FAIL0007863,TXN00168253,Insufficient Balance,1,Unresolved
FAIL0007864,TXN00168270,Bank Server Error,1,Resolved
FAIL0007865,TXN00168274,Limit Exceeded,2,Resolved
FAIL0007866,TXN00168276,Insufficient Balance,1,Resolved
FAIL0007867,TXN00168283,Insufficient Balance,1,Resolved
FAIL0007868,TXN00168286,Network Error,1,Unresolved
FAIL0007869,TXN00168297,Insufficient Balance,2,Resolved
FAIL0007870,TXN00168303,Insufficient Balance,1,Unresolved
FAIL0007871,TXN00168310,Payment Gateway Error,1,Resolved
FAIL0007872,TXN00168333,Bank Server Error,1,Resolved
FAIL0007873,TXN00168385,Payment Gateway Error,1,Resolved
FAIL0007874,TXN00168386,Invalid PIN,2,Resolved
FAIL0007875,TXN00168411,Payment Gateway Error,3,Resolved
FAIL0007876,TXN00168450,Payment Gateway Error,1,Resolved
FAIL0007877,TXN00168480,Network Error,2,Resolved
FAIL0007878,TXN00168491,Timeout,1,Resolved
FAIL0007879,TXN00168502,Insufficient Balance,3,Resolved
FAIL0007880,TXN00168507,Bank Server Error,1,Unresolved
FAIL0007881,TXN00168534,Bank Server Error,1,Resolved
FAIL0007882,TXN00168535,Bank Server Error,1,Resolved
FAIL0007883,TXN00168550,Insufficient Balance,2,Unresolved
FAIL0007884,TXN00168560,Invalid PIN,1,Unresolved
FAIL0007885,TXN00168588,Network Error,2,Resolved
FAIL0007886,TXN00168644,Invalid PIN,1,Resolved
FAIL0007887,TXN00168688,Bank Server Error,1,Unresolved
FAIL0007888,TXN00168757,Bank Server Error,1,Unresolved
FAIL0007889,TXN00168778,Payment Gateway Error,2,Unresolved
FAIL0007890,TXN00168780,Bank Server Error,1,Resolved
FAIL0007891,TXN00168792,Limit Exceeded,1,Unresolved
FAIL0007892,TXN00168798,Timeout,1,Unresolved
FAIL0007893,TXN00168806,Payment Gateway Error,2,Resolved
FAIL0007894,TXN00168817,Payment Gateway Error,1,Resolved
FAIL0007895,TXN00168836,Timeout,1,Resolved
FAIL0007896,TXN00168839,Insufficient Balance,2,Unresolved
FAIL0007897,TXN00168915,Limit Exceeded,1,Resolved
FAIL0007898,TXN00168958,Bank Server Error,1,Resolved
FAIL0007899,TXN00169083,Insufficient Balance,1,Unresolved
FAIL0007900,TXN00169086,Invalid PIN,1,Unresolved
FAIL0007901,TXN00169107,Limit Exceeded,1,Unresolved
FAIL0007902,TXN00169117,Bank Server Error,1,Resolved
FAIL0007903,TXN00169126,Payment Gateway Error,2,Unresolved
FAIL0007904,TXN00169139,Bank Server Error,1,Unresolved
FAIL0007905,TXN00169143,Insufficient Balance,1,Resolved
FAIL0007906,TXN00169144,Bank Server Error,1,Unresolved
FAIL0007907,TXN00169163,Timeout,1,Resolved
FAIL0007908,TXN00169210,Payment Gateway Error,1,Unresolved
FAIL0007909,TXN00169241,Limit Exceeded,2,Resolved
FAIL0007910,TXN00169273,Bank Server Error,1,Unresolved
FAIL0007911,TXN00169287,Bank Server Error,1,Resolved
FAIL0007912,TXN00169298,Bank Server Error,1,Resolved
FAIL0007913,TXN00169318,Bank Server Error,1,Unresolved
FAIL0007914,TXN00169350,Timeout,2,Resolved
FAIL0007915,TXN00169382,Limit Exceeded,1,Unresolved
FAIL0007916,TXN00169389,Network Error,1,Unresolved
FAIL0007917,TXN00169402,Insufficient Balance,1,Resolved
FAIL0007918,TXN00169405,Timeout,1,Unresolved
FAIL0007919,TXN00169407,Network Error,1,Resolved
FAIL0007920,TXN00169445,Network Error,1,Resolved
FAIL0007921,TXN00169514,Payment Gateway Error,1,Resolved
FAIL0007922,TXN00169528,Network Error,2,Resolved
FAIL0007923,TXN00169555,Limit Exceeded,1,Unresolved
FAIL0007924,TXN00169565,Timeout,1,Unresolved
FAIL0007925,TXN00169589,Bank Server Error,2,Resolved
FAIL0007926,TXN00169590,Bank Server Error,1,Unresolved
FAIL0007927,TXN00169593,Bank Server Error,2,Resolved
FAIL0007928,TXN00169611,Bank Server Error,3,Resolved
FAIL0007929,TXN00169623,Payment Gateway Error,1,Resolved
FAIL0007930,TXN00169627,Limit Exceeded,1,Resolved
FAIL0007931,TXN00169634,Payment Gateway Error,1,Resolved
FAIL0007932,TXN00169639,Network Error,3,Resolved
FAIL0007933,TXN00169644,Network Error,2,Resolved
FAIL0007934,TXN00169653,Payment Gateway Error,1,Unresolved
FAIL0007935,TXN00169700,Payment Gateway Error,1,Unresolved
FAIL0007936,TXN00169733,Limit Exceeded,2,Resolved
FAIL0007937,TXN00169782,Network Error,1,Unresolved
FAIL0007938,TXN00169787,Payment Gateway Error,1,Resolved
FAIL0007939,TXN00169793,Network Error,1,Resolved
FAIL0007940,TXN00169806,Limit Exceeded,1,Unresolved
FAIL0007941,TXN00169814,Invalid PIN,2,Resolved
FAIL0007942,TXN00169862,Insufficient Balance,2,Resolved
FAIL0007943,TXN00169867,Limit Exceeded,2,Resolved
FAIL0007944,TXN00169870,Bank Server Error,2,Resolved
FAIL0007945,TXN00169880,Payment Gateway Error,1,Unresolved
FAIL0007946,TXN00169885,Network Error,2,Resolved
FAIL0007947,TXN00169939,Bank Server Error,1,Unresolved
FAIL0007948,TXN00169960,Invalid PIN,1,Unresolved
FAIL0007949,TXN00169971,Invalid PIN,1,Unresolved
FAIL0007950,TXN00169979,Payment Gateway Error,2,Resolved
FAIL0007951,TXN00169996,Invalid PIN,1,Unresolved
FAIL0007952,TXN00170043,Network Error,1,Unresolved
FAIL0007953,TXN00170113,Invalid PIN,2,Resolved
FAIL0007954,TXN00170117,Invalid PIN,1,Resolved
FAIL0007955,TXN00170128,Network Error,2,Resolved
FAIL0007956,TXN00170141,Insufficient Balance,1,Unresolved
FAIL0007957,TXN00170160,Insufficient Balance,1,Unresolved
FAIL0007958,TXN00170162,Bank Server Error,1,Resolved
FAIL0007959,TXN00170171,Network Error,2,Unresolved
FAIL0007960,TXN00170186,Bank Server Error,1,Resolved
FAIL0007961,TXN00170192,Network Error,1,Unresolved
FAIL0007962,TXN00170214,Insufficient Balance,1,Unresolved
FAIL0007963,TXN00170248,Network Error,3,Resolved
FAIL0007964,TXN00170254,Network Error,1,Unresolved
FAIL0007965,TXN00170306,Network Error,2,Resolved
FAIL0007966,TXN00170339,Bank Server Error,1,Resolved
FAIL0007967,TXN00170360,Network Error,1,Resolved
FAIL0007968,TXN00170389,Payment Gateway Error,2,Resolved
FAIL0007969,TXN00170400,Timeout,1,Resolved
FAIL0007970,TXN00170406,Payment Gateway Error,1,Resolved
FAIL0007971,TXN00170409,Insufficient Balance,3,Resolved
FAIL0007972,TXN00170411,Limit Exceeded,1,Unresolved
FAIL0007973,TXN00170427,Bank Server Error,1,Resolved
FAIL0007974,TXN00170465,Insufficient Balance,1,Resolved
FAIL0007975,TXN00170487,Bank Server Error,1,Unresolved
FAIL0007976,TXN00170496,Insufficient Balance,1,Unresolved
FAIL0007977,TXN00170510,Bank Server Error,1,Unresolved
FAIL0007978,TXN00170528,Limit Exceeded,1,Resolved
FAIL0007979,TXN00170536,Payment Gateway Error,1,Resolved
FAIL0007980,TXN00170569,Bank Server Error,3,Resolved
FAIL0007981,TXN00170596,Limit Exceeded,1,Resolved
FAIL0007982,TXN00170602,Payment Gateway Error,1,Unresolved
FAIL0007983,TXN00170640,Payment Gateway Error,1,Unresolved
FAIL0007984,TXN00170660,Bank Server Error,2,Unresolved
FAIL0007985,TXN00170670,Limit Exceeded,1,Resolved
FAIL0007986,TXN00170677,Network Error,1,Resolved
FAIL0007987,TXN00170690,Bank Server Error,1,Unresolved
FAIL0007988,TXN00170712,Insufficient Balance,2,Unresolved
FAIL0007989,TXN00170789,Limit Exceeded,1,Unresolved
FAIL0007990,TXN00170796,Invalid PIN,3,Resolved
FAIL0007991,TXN00170806,Network Error,1,Resolved
FAIL0007992,TXN00170828,Bank Server Error,3,Resolved
FAIL0007993,TXN00170830,Payment Gateway Error,1,Resolved
FAIL0007994,TXN00170839,Payment Gateway Error,1,Resolved
FAIL0007995,TXN00170897,Bank Server Error,2,Resolved
FAIL0007996,TXN00170936,Limit Exceeded,1,Resolved
FAIL0007997,TXN00170949,Bank Server Error,1,Resolved
FAIL0007998,TXN00170988,Insufficient Balance,1,Resolved
FAIL0007999,TXN00171000,Limit Exceeded,1,Unresolved
FAIL0008000,TXN00171040,Network Error,1,Unresolved
FAIL0008001,TXN00171056,Limit Exceeded,2,Resolved
FAIL0008002,TXN00171089,Insufficient Balance,1,Unresolved
FAIL0008003,TXN00171093,Bank Server Error,3,Resolved
FAIL0008004,TXN00171155,Limit Exceeded,1,Unresolved
FAIL0008005,TXN00171175,Network Error,1,Unresolved
FAIL0008006,TXN00171200,Invalid PIN,1,Resolved
FAIL0008007,TXN00171309,Bank Server Error,1,Resolved
FAIL0008008,TXN00171329,Limit Exceeded,1,Unresolved
FAIL0008009,TXN00171334,Payment Gateway Error,1,Unresolved
FAIL0008010,TXN00171348,Timeout,1,Resolved
FAIL0008011,TXN00171355,Invalid PIN,1,Resolved
FAIL0008012,TXN00171366,Limit Exceeded,2,Unresolved
FAIL0008013,TXN00171368,Bank Server Error,1,Resolved
FAIL0008014,TXN00171392,Insufficient Balance,1,Unresolved
FAIL0008015,TXN00171418,Bank Server Error,2,Resolved
FAIL0008016,TXN00171451,Network Error,2,Unresolved
FAIL0008017,TXN00171467,Limit Exceeded,1,Resolved
FAIL0008018,TXN00171471,Payment Gateway Error,2,Resolved
FAIL0008019,TXN00171484,Bank Server Error,1,Resolved
FAIL0008020,TXN00171508,Network Error,2,Resolved
FAIL0008021,TXN00171542,Insufficient Balance,1,Unresolved
FAIL0008022,TXN00171543,Network Error,1,Unresolved
FAIL0008023,TXN00171546,Bank Server Error,1,Unresolved
FAIL0008024,TXN00171590,Network Error,2,Resolved
FAIL0008025,TXN00171622,Timeout,1,Resolved
FAIL0008026,TXN00171625,Insufficient Balance,1,Unresolved
FAIL0008027,TXN00171640,Bank Server Error,1,Resolved
FAIL0008028,TXN00171647,Network Error,2,Resolved
FAIL0008029,TXN00171662,Payment Gateway Error,1,Unresolved
FAIL0008030,TXN00171667,Timeout,1,Resolved
FAIL0008031,TXN00171692,Payment Gateway Error,1,Resolved
FAIL0008032,TXN00171702,Insufficient Balance,1,Unresolved
FAIL0008033,TXN00171714,Bank Server Error,1,Unresolved
FAIL0008034,TXN00171793,Timeout,1,Unresolved
FAIL0008035,TXN00171799,Bank Server Error,2,Resolved
FAIL0008036,TXN00171826,Timeout,2,Unresolved
FAIL0008037,TXN00171854,Limit Exceeded,1,Unresolved
FAIL0008038,TXN00171882,Insufficient Balance,1,Resolved
FAIL0008039,TXN00171899,Bank Server Error,2,Resolved
FAIL0008040,TXN00171901,Bank Server Error,1,Resolved
FAIL0008041,TXN00171907,Payment Gateway Error,2,Unresolved
FAIL0008042,TXN00171934,Network Error,2,Resolved
FAIL0008043,TXN00171941,Invalid PIN,1,Unresolved
FAIL0008044,TXN00171950,Limit Exceeded,1,Resolved
FAIL0008045,TXN00171954,Limit Exceeded,1,Resolved
FAIL0008046,TXN00171965,Payment Gateway Error,1,Resolved
FAIL0008047,TXN00171974,Bank Server Error,1,Unresolved
FAIL0008048,TXN00172001,Payment Gateway Error,1,Resolved
FAIL0008049,TXN00172007,Insufficient Balance,1,Unresolved
FAIL0008050,TXN00172050,Bank Server Error,1,Resolved
FAIL0008051,TXN00172062,Insufficient Balance,2,Resolved
FAIL0008052,TXN00172066,Network Error,1,Unresolved
FAIL0008053,TXN00172074,Network Error,2,Resolved
FAIL0008054,TXN00172082,Network Error,1,Resolved
FAIL0008055,TXN00172108,Bank Server Error,2,Resolved
FAIL0008056,TXN00172120,Bank Server Error,1,Unresolved
FAIL0008057,TXN00172129,Limit Exceeded,1,Unresolved
FAIL0008058,TXN00172141,Payment Gateway Error,2,Resolved
FAIL0008059,TXN00172143,Payment Gateway Error,3,Resolved
FAIL0008060,TXN00172173,Insufficient Balance,1,Unresolved
FAIL0008061,TXN00172180,Limit Exceeded,1,Resolved
FAIL0008062,TXN00172211,Payment Gateway Error,1,Resolved
FAIL0008063,TXN00172259,Bank Server Error,2,Unresolved
FAIL0008064,TXN00172306,Invalid PIN,1,Resolved
FAIL0008065,TXN00172311,Limit Exceeded,1,Resolved
FAIL0008066,TXN00172312,Limit Exceeded,1,Resolved
FAIL0008067,TXN00172314,Payment Gateway Error,2,Resolved
FAIL0008068,TXN00172324,Limit Exceeded,1,Unresolved
FAIL0008069,TXN00172335,Payment Gateway Error,1,Resolved
FAIL0008070,TXN00172345,Invalid PIN,1,Resolved
FAIL0008071,TXN00172356,Network Error,1,Unresolved
FAIL0008072,TXN00172366,Bank Server Error,1,Unresolved
FAIL0008073,TXN00172407,Timeout,1,Resolved
FAIL0008074,TXN00172432,Timeout,1,Unresolved
FAIL0008075,TXN00172450,Insufficient Balance,1,Resolved
FAIL0008076,TXN00172456,Invalid PIN,2,Resolved
FAIL0008077,TXN00172509,Limit Exceeded,1,Resolved
FAIL0008078,TXN00172529,Bank Server Error,1,Resolved
FAIL0008079,TXN00172538,Bank Server Error,1,Unresolved
FAIL0008080,TXN00172561,Payment Gateway Error,1,Resolved
FAIL0008081,TXN00172598,Timeout,1,Resolved
FAIL0008082,TXN00172605,Network Error,1,Unresolved
FAIL0008083,TXN00172611,Limit Exceeded,1,Resolved
FAIL0008084,TXN00172637,Bank Server Error,1,Unresolved
FAIL0008085,TXN00172638,Timeout,1,Unresolved
FAIL0008086,TXN00172639,Limit Exceeded,2,Resolved
FAIL0008087,TXN00172672,Network Error,1,Unresolved
FAIL0008088,TXN00172676,Timeout,1,Resolved
FAIL0008089,TXN00172701,Insufficient Balance,2,Resolved
FAIL0008090,TXN00172707,Payment Gateway Error,1,Unresolved
FAIL0008091,TXN00172726,Limit Exceeded,1,Resolved
FAIL0008092,TXN00172767,Limit Exceeded,1,Resolved
FAIL0008093,TXN00172773,Insufficient Balance,2,Unresolved
FAIL0008094,TXN00172793,Payment Gateway Error,1,Resolved
FAIL0008095,TXN00172796,Insufficient Balance,1,Unresolved
FAIL0008096,TXN00172804,Invalid PIN,2,Unresolved
FAIL0008097,TXN00172824,Payment Gateway Error,1,Unresolved
FAIL0008098,TXN00172828,Bank Server Error,1,Unresolved
FAIL0008099,TXN00172839,Network Error,1,Resolved
FAIL0008100,TXN00172854,Invalid PIN,1,Resolved
FAIL0008101,TXN00172913,Payment Gateway Error,1,Unresolved
FAIL0008102,TXN00172916,Limit Exceeded,2,Resolved
FAIL0008103,TXN00172940,Limit Exceeded,1,Unresolved
FAIL0008104,TXN00172959,Bank Server Error,3,Resolved
FAIL0008105,TXN00172973,Insufficient Balance,1,Resolved
FAIL0008106,TXN00173079,Bank Server Error,1,Unresolved
FAIL0008107,TXN00173122,Limit Exceeded,1,Resolved
FAIL0008108,TXN00173129,Insufficient Balance,1,Unresolved
FAIL0008109,TXN00173135,Insufficient Balance,1,Unresolved
FAIL0008110,TXN00173218,Bank Server Error,2,Resolved
FAIL0008111,TXN00173230,Limit Exceeded,3,Resolved
FAIL0008112,TXN00173307,Limit Exceeded,1,Resolved
FAIL0008113,TXN00173313,Limit Exceeded,1,Resolved
FAIL0008114,TXN00173385,Limit Exceeded,1,Resolved
FAIL0008115,TXN00173387,Insufficient Balance,1,Unresolved
FAIL0008116,TXN00173388,Bank Server Error,1,Unresolved
FAIL0008117,TXN00173396,Payment Gateway Error,2,Resolved
FAIL0008118,TXN00173407,Bank Server Error,3,Resolved
FAIL0008119,TXN00173418,Network Error,1,Resolved
FAIL0008120,TXN00173424,Timeout,1,Resolved
FAIL0008121,TXN00173428,Insufficient Balance,1,Resolved
FAIL0008122,TXN00173435,Payment Gateway Error,1,Unresolved
FAIL0008123,TXN00173437,Insufficient Balance,1,Resolved
FAIL0008124,TXN00173454,Payment Gateway Error,2,Resolved
FAIL0008125,TXN00173456,Bank Server Error,2,Resolved
FAIL0008126,TXN00173463,Bank Server Error,1,Unresolved
FAIL0008127,TXN00173472,Insufficient Balance,1,Resolved
FAIL0008128,TXN00173478,Bank Server Error,1,Resolved
FAIL0008129,TXN00173529,Bank Server Error,1,Unresolved
FAIL0008130,TXN00173552,Bank Server Error,1,Resolved
FAIL0008131,TXN00173557,Insufficient Balance,1,Unresolved
FAIL0008132,TXN00173568,Payment Gateway Error,3,Resolved
FAIL0008133,TXN00173576,Insufficient Balance,1,Unresolved
FAIL0008134,TXN00173594,Insufficient Balance,1,Resolved
FAIL0008135,TXN00173652,Network Error,1,Resolved
FAIL0008136,TXN00173684,Bank Server Error,1,Resolved
FAIL0008137,TXN00173791,Invalid PIN,2,Resolved
FAIL0008138,TXN00173854,Bank Server Error,2,Resolved
FAIL0008139,TXN00173869,Insufficient Balance,3,Unresolved
FAIL0008140,TXN00173991,Bank Server Error,2,Resolved
FAIL0008141,TXN00174035,Payment Gateway Error,1,Resolved
FAIL0008142,TXN00174038,Insufficient Balance,1,Resolved
FAIL0008143,TXN00174046,Bank Server Error,1,Resolved
FAIL0008144,TXN00174094,Bank Server Error,2,Resolved
FAIL0008145,TXN00174116,Insufficient Balance,1,Resolved
FAIL0008146,TXN00174184,Network Error,1,Unresolved
FAIL0008147,TXN00174193,Insufficient Balance,1,Resolved
FAIL0008148,TXN00174197,Bank Server Error,2,Resolved
FAIL0008149,TXN00174207,Network Error,1,Resolved
FAIL0008150,TXN00174235,Timeout,2,Unresolved
FAIL0008151,TXN00174253,Bank Server Error,1,Resolved
FAIL0008152,TXN00174268,Insufficient Balance,1,Unresolved
FAIL0008153,TXN00174272,Insufficient Balance,1,Unresolved
FAIL0008154,TXN00174375,Network Error,1,Resolved
FAIL0008155,TXN00174376,Bank Server Error,1,Unresolved
FAIL0008156,TXN00174382,Bank Server Error,1,Unresolved
FAIL0008157,TXN00174392,Timeout,1,Unresolved
FAIL0008158,TXN00174403,Insufficient Balance,1,Resolved
FAIL0008159,TXN00174409,Insufficient Balance,1,Resolved
FAIL0008160,TXN00174433,Bank Server Error,2,Resolved
FAIL0008161,TXN00174435,Insufficient Balance,1,Unresolved
FAIL0008162,TXN00174437,Payment Gateway Error,1,Resolved
FAIL0008163,TXN00174471,Payment Gateway Error,1,Resolved
FAIL0008164,TXN00174484,Timeout,1,Resolved
FAIL0008165,TXN00174489,Limit Exceeded,2,Resolved
FAIL0008166,TXN00174521,Insufficient Balance,1,Resolved
FAIL0008167,TXN00174602,Insufficient Balance,2,Unresolved
FAIL0008168,TXN00174612,Insufficient Balance,1,Resolved
FAIL0008169,TXN00174617,Limit Exceeded,1,Resolved
FAIL0008170,TXN00174635,Network Error,1,Resolved
FAIL0008171,TXN00174656,Limit Exceeded,1,Resolved
FAIL0008172,TXN00174662,Limit Exceeded,1,Unresolved
FAIL0008173,TXN00174676,Limit Exceeded,2,Resolved
FAIL0008174,TXN00174686,Bank Server Error,1,Unresolved
FAIL0008175,TXN00174761,Bank Server Error,1,Resolved
FAIL0008176,TXN00174795,Network Error,1,Resolved
FAIL0008177,TXN00174798,Limit Exceeded,2,Unresolved
FAIL0008178,TXN00174801,Bank Server Error,1,Unresolved
FAIL0008179,TXN00174806,Timeout,1,Resolved
FAIL0008180,TXN00174829,Insufficient Balance,2,Resolved
FAIL0008181,TXN00174873,Bank Server Error,1,Resolved
FAIL0008182,TXN00174880,Bank Server Error,2,Resolved
FAIL0008183,TXN00174889,Payment Gateway Error,1,Unresolved
FAIL0008184,TXN00174904,Insufficient Balance,1,Unresolved
FAIL0008185,TXN00174938,Payment Gateway Error,2,Unresolved
FAIL0008186,TXN00174948,Insufficient Balance,2,Unresolved
FAIL0008187,TXN00174957,Bank Server Error,2,Resolved
FAIL0008188,TXN00174987,Limit Exceeded,1,Unresolved
FAIL0008189,TXN00175019,Network Error,1,Resolved
FAIL0008190,TXN00175086,Bank Server Error,1,Resolved
FAIL0008191,TXN00175093,Bank Server Error,1,Resolved
FAIL0008192,TXN00175132,Limit Exceeded,1,Resolved
FAIL0008193,TXN00175135,Network Error,1,Unresolved
FAIL0008194,TXN00175161,Payment Gateway Error,3,Resolved
FAIL0008195,TXN00175165,Payment Gateway Error,1,Resolved
FAIL0008196,TXN00175203,Insufficient Balance,2,Resolved
FAIL0008197,TXN00175212,Bank Server Error,2,Resolved
FAIL0008198,TXN00175236,Timeout,1,Unresolved
FAIL0008199,TXN00175253,Network Error,1,Unresolved
FAIL0008200,TXN00175261,Network Error,1,Unresolved
FAIL0008201,TXN00175335,Insufficient Balance,2,Unresolved
FAIL0008202,TXN00175337,Network Error,2,Unresolved
FAIL0008203,TXN00175338,Timeout,2,Resolved
FAIL0008204,TXN00175350,Limit Exceeded,2,Resolved
FAIL0008205,TXN00175376,Insufficient Balance,1,Resolved
FAIL0008206,TXN00175386,Payment Gateway Error,1,Resolved
FAIL0008207,TXN00175414,Insufficient Balance,2,Resolved
FAIL0008208,TXN00175432,Payment Gateway Error,1,Resolved
FAIL0008209,TXN00175433,Insufficient Balance,1,Resolved
FAIL0008210,TXN00175435,Insufficient Balance,1,Unresolved
FAIL0008211,TXN00175448,Invalid PIN,2,Resolved
FAIL0008212,TXN00175491,Limit Exceeded,1,Unresolved
FAIL0008213,TXN00175527,Network Error,2,Resolved
FAIL0008214,TXN00175553,Bank Server Error,1,Resolved
FAIL0008215,TXN00175564,Insufficient Balance,2,Resolved
FAIL0008216,TXN00175566,Limit Exceeded,1,Resolved
FAIL0008217,TXN00175569,Limit Exceeded,2,Resolved
FAIL0008218,TXN00175575,Limit Exceeded,1,Unresolved
FAIL0008219,TXN00175583,Bank Server Error,1,Unresolved
FAIL0008220,TXN00175647,Insufficient Balance,1,Unresolved
FAIL0008221,TXN00175678,Payment Gateway Error,2,Resolved
FAIL0008222,TXN00175687,Insufficient Balance,1,Resolved
FAIL0008223,TXN00175694,Bank Server Error,3,Resolved
FAIL0008224,TXN00175703,Insufficient Balance,1,Unresolved
FAIL0008225,TXN00175704,Network Error,1,Resolved
FAIL0008226,TXN00175716,Insufficient Balance,2,Resolved
FAIL0008227,TXN00175727,Insufficient Balance,1,Unresolved
FAIL0008228,TXN00175741,Insufficient Balance,2,Resolved
FAIL0008229,TXN00175781,Insufficient Balance,1,Resolved
FAIL0008230,TXN00175792,Insufficient Balance,1,Resolved
FAIL0008231,TXN00175830,Limit Exceeded,1,Resolved
FAIL0008232,TXN00175831,Payment Gateway Error,1,Resolved
FAIL0008233,TXN00175874,Limit Exceeded,1,Unresolved
FAIL0008234,TXN00175877,Network Error,2,Resolved
FAIL0008235,TXN00175894,Timeout,3,Resolved
FAIL0008236,TXN00175899,Limit Exceeded,1,Unresolved
FAIL0008237,TXN00175931,Bank Server Error,1,Resolved
FAIL0008238,TXN00175936,Insufficient Balance,1,Unresolved
FAIL0008239,TXN00175940,Insufficient Balance,1,Unresolved
FAIL0008240,TXN00175952,Bank Server Error,1,Unresolved
FAIL0008241,TXN00175967,Bank Server Error,2,Resolved
FAIL0008242,TXN00176011,Payment Gateway Error,1,Unresolved
FAIL0008243,TXN00176024,Payment Gateway Error,1,Unresolved
FAIL0008244,TXN00176089,Bank Server Error,1,Unresolved
FAIL0008245,TXN00176095,Payment Gateway Error,1,Resolved
FAIL0008246,TXN00176136,Limit Exceeded,1,Resolved
FAIL0008247,TXN00176141,Timeout,1,Unresolved
FAIL0008248,TXN00176175,Payment Gateway Error,1,Resolved
FAIL0008249,TXN00176224,Limit Exceeded,1,Resolved
FAIL0008250,TXN00176240,Network Error,1,Unresolved
FAIL0008251,TXN00176248,Network Error,2,Resolved
FAIL0008252,TXN00176254,Bank Server Error,1,Resolved
FAIL0008253,TXN00176271,Limit Exceeded,2,Resolved
FAIL0008254,TXN00176274,Timeout,1,Resolved
FAIL0008255,TXN00176278,Bank Server Error,1,Unresolved
FAIL0008256,TXN00176290,Network Error,2,Unresolved
FAIL0008257,TXN00176306,Bank Server Error,3,Resolved
FAIL0008258,TXN00176332,Limit Exceeded,1,Resolved
FAIL0008259,TXN00176346,Timeout,1,Unresolved
FAIL0008260,TXN00176352,Payment Gateway Error,1,Resolved
FAIL0008261,TXN00176357,Bank Server Error,2,Resolved
FAIL0008262,TXN00176367,Limit Exceeded,1,Unresolved
FAIL0008263,TXN00176369,Payment Gateway Error,2,Resolved
FAIL0008264,TXN00176401,Network Error,1,Unresolved
FAIL0008265,TXN00176416,Insufficient Balance,1,Resolved
FAIL0008266,TXN00176428,Network Error,1,Unresolved
FAIL0008267,TXN00176431,Bank Server Error,1,Unresolved
FAIL0008268,TXN00176438,Invalid PIN,2,Resolved
FAIL0008269,TXN00176450,Limit Exceeded,2,Resolved
FAIL0008270,TXN00176535,Timeout,1,Unresolved
FAIL0008271,TXN00176563,Payment Gateway Error,2,Resolved
FAIL0008272,TXN00176566,Network Error,2,Resolved
FAIL0008273,TXN00176578,Invalid PIN,1,Resolved
FAIL0008274,TXN00176593,Invalid PIN,1,Resolved
FAIL0008275,TXN00176596,Bank Server Error,1,Unresolved
FAIL0008276,TXN00176601,Insufficient Balance,1,Resolved
FAIL0008277,TXN00176617,Payment Gateway Error,1,Resolved
FAIL0008278,TXN00176627,Insufficient Balance,1,Unresolved
FAIL0008279,TXN00176667,Bank Server Error,1,Resolved
FAIL0008280,TXN00176691,Payment Gateway Error,1,Unresolved
FAIL0008281,TXN00176696,Payment Gateway Error,1,Resolved
FAIL0008282,TXN00176772,Network Error,1,Unresolved
FAIL0008283,TXN00176781,Insufficient Balance,1,Unresolved
FAIL0008284,TXN00176814,Payment Gateway Error,2,Unresolved
FAIL0008285,TXN00176870,Insufficient Balance,1,Resolved
FAIL0008286,TXN00176874,Network Error,1,Resolved
FAIL0008287,TXN00176901,Insufficient Balance,2,Resolved
FAIL0008288,TXN00176903,Payment Gateway Error,1,Resolved
FAIL0008289,TXN00176907,Payment Gateway Error,1,Unresolved
FAIL0008290,TXN00176932,Bank Server Error,2,Resolved
FAIL0008291,TXN00176981,Payment Gateway Error,1,Resolved
FAIL0008292,TXN00176987,Invalid PIN,1,Resolved
FAIL0008293,TXN00176991,Payment Gateway Error,1,Resolved
FAIL0008294,TXN00176992,Payment Gateway Error,2,Unresolved
FAIL0008295,TXN00177001,Invalid PIN,1,Resolved
FAIL0008296,TXN00177013,Network Error,1,Resolved
FAIL0008297,TXN00177061,Network Error,2,Unresolved
FAIL0008298,TXN00177146,Insufficient Balance,1,Resolved
FAIL0008299,TXN00177178,Invalid PIN,1,Unresolved
FAIL0008300,TXN00177232,Bank Server Error,1,Resolved
FAIL0008301,TXN00177240,Bank Server Error,1,Unresolved
FAIL0008302,TXN00177252,Payment Gateway Error,1,Resolved
FAIL0008303,TXN00177374,Bank Server Error,3,Unresolved
FAIL0008304,TXN00177426,Network Error,1,Resolved
FAIL0008305,TXN00177478,Limit Exceeded,2,Resolved
FAIL0008306,TXN00177499,Payment Gateway Error,1,Unresolved
FAIL0008307,TXN00177546,Network Error,2,Resolved
FAIL0008308,TXN00177568,Bank Server Error,1,Resolved
FAIL0008309,TXN00177570,Limit Exceeded,1,Unresolved
FAIL0008310,TXN00177588,Bank Server Error,1,Resolved
FAIL0008311,TXN00177630,Bank Server Error,3,Resolved
FAIL0008312,TXN00177637,Insufficient Balance,1,Resolved
FAIL0008313,TXN00177653,Invalid PIN,2,Unresolved
FAIL0008314,TXN00177698,Invalid PIN,1,Unresolved
FAIL0008315,TXN00177708,Insufficient Balance,1,Resolved
FAIL0008316,TXN00177739,Payment Gateway Error,2,Resolved
FAIL0008317,TXN00177740,Limit Exceeded,2,Resolved
FAIL0008318,TXN00177743,Limit Exceeded,1,Unresolved
FAIL0008319,TXN00177780,Bank Server Error,1,Unresolved
FAIL0008320,TXN00177803,Invalid PIN,2,Resolved
FAIL0008321,TXN00177812,Invalid PIN,1,Resolved
FAIL0008322,TXN00177818,Network Error,1,Unresolved
FAIL0008323,TXN00177853,Payment Gateway Error,1,Unresolved
FAIL0008324,TXN00177863,Limit Exceeded,1,Resolved
FAIL0008325,TXN00177874,Bank Server Error,2,Resolved
FAIL0008326,TXN00177891,Bank Server Error,1,Unresolved
FAIL0008327,TXN00177900,Invalid PIN,1,Resolved
FAIL0008328,TXN00177931,Payment Gateway Error,1,Resolved
FAIL0008329,TXN00177991,Bank Server Error,2,Unresolved
FAIL0008330,TXN00177998,Bank Server Error,1,Resolved
FAIL0008331,TXN00178010,Network Error,2,Resolved
FAIL0008332,TXN00178011,Limit Exceeded,3,Resolved
FAIL0008333,TXN00178022,Insufficient Balance,1,Unresolved
FAIL0008334,TXN00178027,Payment Gateway Error,1,Unresolved
FAIL0008335,TXN00178046,Limit Exceeded,1,Unresolved
FAIL0008336,TXN00178052,Bank Server Error,1,Unresolved
FAIL0008337,TXN00178057,Insufficient Balance,1,Unresolved
FAIL0008338,TXN00178094,Payment Gateway Error,1,Resolved
FAIL0008339,TXN00178103,Payment Gateway Error,1,Resolved
FAIL0008340,TXN00178114,Limit Exceeded,2,Unresolved
FAIL0008341,TXN00178120,Payment Gateway Error,1,Resolved
FAIL0008342,TXN00178130,Insufficient Balance,1,Unresolved
FAIL0008343,TXN00178167,Network Error,1,Unresolved
FAIL0008344,TXN00178174,Limit Exceeded,1,Resolved
FAIL0008345,TXN00178214,Limit Exceeded,1,Resolved
FAIL0008346,TXN00178223,Limit Exceeded,1,Unresolved
FAIL0008347,TXN00178258,Payment Gateway Error,2,Resolved
FAIL0008348,TXN00178270,Bank Server Error,1,Resolved
FAIL0008349,TXN00178327,Bank Server Error,1,Unresolved
FAIL0008350,TXN00178336,Bank Server Error,1,Resolved
FAIL0008351,TXN00178405,Network Error,1,Unresolved
FAIL0008352,TXN00178419,Limit Exceeded,1,Resolved
FAIL0008353,TXN00178446,Bank Server Error,1,Resolved
FAIL0008354,TXN00178483,Bank Server Error,1,Resolved
FAIL0008355,TXN00178509,Timeout,1,Resolved
FAIL0008356,TXN00178516,Payment Gateway Error,1,Resolved
FAIL0008357,TXN00178518,Network Error,1,Resolved
FAIL0008358,TXN00178538,Insufficient Balance,2,Resolved
FAIL0008359,TXN00178555,Payment Gateway Error,1,Unresolved
FAIL0008360,TXN00178621,Network Error,1,Unresolved
FAIL0008361,TXN00178646,Payment Gateway Error,1,Resolved
FAIL0008362,TXN00178664,Network Error,1,Resolved
FAIL0008363,TXN00178697,Bank Server Error,1,Unresolved
FAIL0008364,TXN00178728,Bank Server Error,1,Unresolved
FAIL0008365,TXN00178730,Network Error,1,Unresolved
FAIL0008366,TXN00178741,Bank Server Error,1,Unresolved
FAIL0008367,TXN00178770,Bank Server Error,1,Resolved
FAIL0008368,TXN00178806,Invalid PIN,2,Resolved
FAIL0008369,TXN00178807,Invalid PIN,1,Unresolved
FAIL0008370,TXN00178826,Bank Server Error,1,Unresolved
FAIL0008371,TXN00178852,Network Error,1,Resolved
FAIL0008372,TXN00178866,Network Error,2,Unresolved
FAIL0008373,TXN00178872,Bank Server Error,1,Resolved
FAIL0008374,TXN00178888,Network Error,2,Resolved
FAIL0008375,TXN00178930,Payment Gateway Error,1,Unresolved
FAIL0008376,TXN00178931,Insufficient Balance,2,Resolved
FAIL0008377,TXN00178965,Limit Exceeded,1,Resolved
FAIL0008378,TXN00178969,Bank Server Error,2,Unresolved
FAIL0008379,TXN00179060,Payment Gateway Error,1,Unresolved
FAIL0008380,TXN00179072,Limit Exceeded,1,Resolved
FAIL0008381,TXN00179084,Invalid PIN,1,Unresolved
FAIL0008382,TXN00179117,Insufficient Balance,2,Resolved
FAIL0008383,TXN00179243,Timeout,1,Resolved
FAIL0008384,TXN00179248,Payment Gateway Error,3,Resolved
FAIL0008385,TXN00179382,Bank Server Error,1,Resolved
FAIL0008386,TXN00179394,Payment Gateway Error,3,Resolved
FAIL0008387,TXN00179402,Network Error,1,Unresolved
FAIL0008388,TXN00179462,Invalid PIN,1,Unresolved
FAIL0008389,TXN00179476,Bank Server Error,1,Unresolved
FAIL0008390,TXN00179503,Insufficient Balance,1,Unresolved
FAIL0008391,TXN00179507,Limit Exceeded,1,Unresolved
FAIL0008392,TXN00179530,Limit Exceeded,1,Resolved
FAIL0008393,TXN00179543,Limit Exceeded,3,Resolved
FAIL0008394,TXN00179549,Insufficient Balance,3,Resolved
FAIL0008395,TXN00179563,Bank Server Error,1,Resolved
FAIL0008396,TXN00179639,Invalid PIN,1,Resolved
FAIL0008397,TXN00179687,Insufficient Balance,1,Resolved
FAIL0008398,TXN00179716,Payment Gateway Error,1,Resolved
FAIL0008399,TXN00179729,Payment Gateway Error,2,Unresolved
FAIL0008400,TXN00179766,Payment Gateway Error,1,Resolved
FAIL0008401,TXN00179791,Insufficient Balance,1,Unresolved
FAIL0008402,TXN00179828,Limit Exceeded,1,Unresolved
FAIL0008403,TXN00179862,Bank Server Error,2,Unresolved
FAIL0008404,TXN00179874,Invalid PIN,1,Resolved
FAIL0008405,TXN00179895,Bank Server Error,1,Unresolved
FAIL0008406,TXN00179906,Insufficient Balance,1,Resolved
FAIL0008407,TXN00179984,Bank Server Error,1,Resolved
FAIL0008408,TXN00180023,Payment Gateway Error,1,Unresolved
FAIL0008409,TXN00180028,Insufficient Balance,1,Unresolved
FAIL0008410,TXN00180093,Limit Exceeded,1,Resolved
FAIL0008411,TXN00180174,Limit Exceeded,3,Resolved
FAIL0008412,TXN00180199,Payment Gateway Error,1,Unresolved
FAIL0008413,TXN00180203,Invalid PIN,1,Unresolved
FAIL0008414,TXN00180223,Insufficient Balance,1,Unresolved
FAIL0008415,TXN00180248,Bank Server Error,1,Resolved
FAIL0008416,TXN00180260,Insufficient Balance,1,Unresolved
FAIL0008417,TXN00180327,Insufficient Balance,1,Unresolved
FAIL0008418,TXN00180347,Payment Gateway Error,1,Resolved
FAIL0008419,TXN00180381,Limit Exceeded,1,Resolved
FAIL0008420,TXN00180382,Limit Exceeded,1,Resolved
FAIL0008421,TXN00180399,Limit Exceeded,1,Resolved
FAIL0008422,TXN00180407,Bank Server Error,2,Unresolved
FAIL0008423,TXN00180423,Limit Exceeded,1,Unresolved
FAIL0008424,TXN00180432,Bank Server Error,1,Resolved
FAIL0008425,TXN00180462,Payment Gateway Error,1,Resolved
FAIL0008426,TXN00180522,Limit Exceeded,1,Resolved
FAIL0008427,TXN00180578,Network Error,1,Unresolved
FAIL0008428,TXN00180596,Bank Server Error,1,Resolved
FAIL0008429,TXN00180598,Network Error,1,Unresolved
FAIL0008430,TXN00180607,Payment Gateway Error,1,Unresolved
FAIL0008431,TXN00180620,Network Error,1,Resolved
FAIL0008432,TXN00180621,Bank Server Error,2,Resolved
FAIL0008433,TXN00180659,Network Error,1,Resolved
FAIL0008434,TXN00180680,Insufficient Balance,2,Resolved
FAIL0008435,TXN00180704,Limit Exceeded,1,Resolved
FAIL0008436,TXN00180716,Bank Server Error,1,Unresolved
FAIL0008437,TXN00180739,Limit Exceeded,1,Unresolved
FAIL0008438,TXN00180764,Limit Exceeded,1,Resolved
FAIL0008439,TXN00180794,Insufficient Balance,1,Unresolved
FAIL0008440,TXN00180817,Limit Exceeded,1,Unresolved
FAIL0008441,TXN00180831,Timeout,3,Resolved
FAIL0008442,TXN00180847,Bank Server Error,3,Resolved
FAIL0008443,TXN00180857,Bank Server Error,1,Resolved
FAIL0008444,TXN00180956,Insufficient Balance,1,Unresolved
FAIL0008445,TXN00180994,Limit Exceeded,1,Unresolved
FAIL0008446,TXN00180996,Limit Exceeded,1,Resolved
FAIL0008447,TXN00181023,Insufficient Balance,1,Unresolved
FAIL0008448,TXN00181263,Network Error,2,Resolved
FAIL0008449,TXN00181271,Limit Exceeded,1,Unresolved
FAIL0008450,TXN00181274,Timeout,1,Resolved
FAIL0008451,TXN00181277,Bank Server Error,1,Unresolved
FAIL0008452,TXN00181281,Limit Exceeded,1,Resolved
FAIL0008453,TXN00181301,Insufficient Balance,1,Resolved
FAIL0008454,TXN00181322,Limit Exceeded,2,Resolved
FAIL0008455,TXN00181323,Network Error,1,Resolved
FAIL0008456,TXN00181349,Limit Exceeded,1,Unresolved
FAIL0008457,TXN00181370,Bank Server Error,2,Resolved
FAIL0008458,TXN00181391,Payment Gateway Error,1,Unresolved
FAIL0008459,TXN00181393,Bank Server Error,2,Resolved
FAIL0008460,TXN00181409,Insufficient Balance,1,Unresolved
FAIL0008461,TXN00181458,Network Error,2,Resolved
FAIL0008462,TXN00181467,Payment Gateway Error,1,Resolved
FAIL0008463,TXN00181484,Insufficient Balance,1,Resolved
FAIL0008464,TXN00181504,Insufficient Balance,1,Unresolved
FAIL0008465,TXN00181510,Payment Gateway Error,1,Resolved
FAIL0008466,TXN00181512,Insufficient Balance,1,Resolved
FAIL0008467,TXN00181517,Bank Server Error,1,Unresolved
FAIL0008468,TXN00181559,Network Error,1,Unresolved
FAIL0008469,TXN00181568,Limit Exceeded,2,Resolved
FAIL0008470,TXN00181572,Insufficient Balance,1,Unresolved
FAIL0008471,TXN00181592,Insufficient Balance,1,Unresolved
FAIL0008472,TXN00181606,Bank Server Error,1,Resolved
FAIL0008473,TXN00181610,Invalid PIN,1,Resolved
FAIL0008474,TXN00181625,Payment Gateway Error,1,Resolved
FAIL0008475,TXN00181640,Invalid PIN,1,Resolved
FAIL0008476,TXN00181643,Insufficient Balance,2,Resolved
FAIL0008477,TXN00181648,Payment Gateway Error,1,Unresolved
FAIL0008478,TXN00181663,Limit Exceeded,1,Unresolved
FAIL0008479,TXN00181664,Bank Server Error,1,Resolved
FAIL0008480,TXN00181666,Bank Server Error,1,Unresolved
FAIL0008481,TXN00181672,Insufficient Balance,1,Resolved
FAIL0008482,TXN00181673,Limit Exceeded,1,Resolved
FAIL0008483,TXN00181712,Payment Gateway Error,1,Unresolved
FAIL0008484,TXN00181768,Payment Gateway Error,2,Resolved
FAIL0008485,TXN00181805,Network Error,1,Resolved
FAIL0008486,TXN00181816,Network Error,2,Unresolved
FAIL0008487,TXN00181818,Network Error,2,Unresolved
FAIL0008488,TXN00181836,Bank Server Error,2,Resolved
FAIL0008489,TXN00181876,Insufficient Balance,1,Resolved
FAIL0008490,TXN00181890,Invalid PIN,2,Resolved
FAIL0008491,TXN00181904,Insufficient Balance,1,Resolved
FAIL0008492,TXN00181920,Network Error,1,Unresolved
FAIL0008493,TXN00181922,Insufficient Balance,1,Unresolved
FAIL0008494,TXN00181924,Bank Server Error,1,Resolved
FAIL0008495,TXN00181932,Network Error,2,Unresolved
FAIL0008496,TXN00181949,Insufficient Balance,1,Unresolved
FAIL0008497,TXN00181977,Timeout,1,Resolved
FAIL0008498,TXN00181980,Bank Server Error,1,Unresolved
FAIL0008499,TXN00182022,Timeout,3,Resolved
FAIL0008500,TXN00182117,Insufficient Balance,1,Unresolved
FAIL0008501,TXN00182136,Network Error,1,Resolved
FAIL0008502,TXN00182144,Timeout,2,Unresolved
FAIL0008503,TXN00182167,Invalid PIN,2,Resolved
FAIL0008504,TXN00182192,Bank Server Error,1,Resolved
FAIL0008505,TXN00182245,Timeout,1,Unresolved
FAIL0008506,TXN00182247,Insufficient Balance,1,Unresolved
FAIL0008507,TXN00182305,Insufficient Balance,1,Resolved
FAIL0008508,TXN00182314,Limit Exceeded,1,Unresolved
FAIL0008509,TXN00182316,Bank Server Error,1,Unresolved
FAIL0008510,TXN00182335,Bank Server Error,3,Resolved
FAIL0008511,TXN00182341,Bank Server Error,1,Resolved
FAIL0008512,TXN00182387,Insufficient Balance,1,Resolved
FAIL0008513,TXN00182393,Insufficient Balance,1,Unresolved
FAIL0008514,TXN00182403,Invalid PIN,2,Resolved
FAIL0008515,TXN00182404,Timeout,2,Unresolved
FAIL0008516,TXN00182508,Payment Gateway Error,1,Resolved
FAIL0008517,TXN00182552,Insufficient Balance,2,Unresolved
FAIL0008518,TXN00182573,Network Error,1,Resolved
FAIL0008519,TXN00182677,Limit Exceeded,1,Resolved
FAIL0008520,TXN00182704,Bank Server Error,1,Unresolved
FAIL0008521,TXN00182748,Payment Gateway Error,2,Unresolved
FAIL0008522,TXN00182760,Insufficient Balance,1,Unresolved
FAIL0008523,TXN00182774,Limit Exceeded,1,Unresolved
FAIL0008524,TXN00182818,Network Error,1,Unresolved
FAIL0008525,TXN00182819,Insufficient Balance,1,Resolved
FAIL0008526,TXN00182827,Insufficient Balance,3,Unresolved
FAIL0008527,TXN00182832,Insufficient Balance,1,Unresolved
FAIL0008528,TXN00182833,Bank Server Error,2,Resolved
FAIL0008529,TXN00182863,Payment Gateway Error,2,Resolved
FAIL0008530,TXN00182877,Limit Exceeded,2,Resolved
FAIL0008531,TXN00182908,Insufficient Balance,2,Resolved
FAIL0008532,TXN00182914,Network Error,1,Resolved
FAIL0008533,TXN00182926,Bank Server Error,1,Unresolved
FAIL0008534,TXN00182966,Insufficient Balance,1,Resolved
FAIL0008535,TXN00182997,Limit Exceeded,1,Unresolved
FAIL0008536,TXN00183004,Payment Gateway Error,2,Resolved
FAIL0008537,TXN00183006,Invalid PIN,3,Resolved
FAIL0008538,TXN00183057,Insufficient Balance,2,Resolved
FAIL0008539,TXN00183067,Payment Gateway Error,1,Unresolved
FAIL0008540,TXN00183099,Bank Server Error,1,Unresolved
FAIL0008541,TXN00183119,Limit Exceeded,1,Resolved
FAIL0008542,TXN00183141,Insufficient Balance,3,Resolved
FAIL0008543,TXN00183155,Insufficient Balance,1,Resolved
FAIL0008544,TXN00183164,Insufficient Balance,1,Unresolved
FAIL0008545,TXN00183176,Insufficient Balance,1,Resolved
FAIL0008546,TXN00183228,Bank Server Error,1,Unresolved
FAIL0008547,TXN00183238,Payment Gateway Error,1,Resolved
FAIL0008548,TXN00183268,Bank Server Error,2,Resolved
FAIL0008549,TXN00183279,Limit Exceeded,1,Resolved
FAIL0008550,TXN00183291,Bank Server Error,1,Resolved
FAIL0008551,TXN00183321,Bank Server Error,1,Resolved
FAIL0008552,TXN00183345,Payment Gateway Error,1,Unresolved
FAIL0008553,TXN00183362,Limit Exceeded,1,Resolved
FAIL0008554,TXN00183395,Insufficient Balance,1,Resolved
FAIL0008555,TXN00183414,Timeout,2,Resolved
FAIL0008556,TXN00183421,Bank Server Error,1,Resolved
FAIL0008557,TXN00183478,Bank Server Error,1,Resolved
FAIL0008558,TXN00183484,Insufficient Balance,1,Resolved
FAIL0008559,TXN00183503,Bank Server Error,1,Unresolved
FAIL0008560,TXN00183531,Network Error,2,Unresolved
FAIL0008561,TXN00183555,Payment Gateway Error,1,Unresolved
FAIL0008562,TXN00183562,Insufficient Balance,1,Resolved
FAIL0008563,TXN00183574,Insufficient Balance,3,Resolved
FAIL0008564,TXN00183607,Bank Server Error,3,Resolved
FAIL0008565,TXN00183615,Network Error,3,Resolved
FAIL0008566,TXN00183647,Insufficient Balance,1,Unresolved
FAIL0008567,TXN00183673,Payment Gateway Error,1,Resolved
FAIL0008568,TXN00183732,Limit Exceeded,1,Unresolved
FAIL0008569,TXN00183787,Bank Server Error,3,Resolved
FAIL0008570,TXN00183805,Bank Server Error,1,Unresolved
FAIL0008571,TXN00183856,Network Error,2,Resolved
FAIL0008572,TXN00183885,Limit Exceeded,1,Unresolved
FAIL0008573,TXN00183886,Limit Exceeded,2,Resolved
FAIL0008574,TXN00183901,Payment Gateway Error,2,Resolved
FAIL0008575,TXN00183915,Bank Server Error,3,Resolved
FAIL0008576,TXN00183947,Network Error,1,Unresolved
FAIL0008577,TXN00183948,Invalid PIN,1,Unresolved
FAIL0008578,TXN00183952,Timeout,1,Unresolved
FAIL0008579,TXN00183971,Limit Exceeded,1,Unresolved
FAIL0008580,TXN00183981,Network Error,1,Resolved
FAIL0008581,TXN00183992,Bank Server Error,1,Resolved
FAIL0008582,TXN00183997,Invalid PIN,1,Unresolved
FAIL0008583,TXN00184044,Insufficient Balance,2,Unresolved
FAIL0008584,TXN00184047,Limit Exceeded,1,Unresolved
FAIL0008585,TXN00184054,Bank Server Error,1,Resolved
FAIL0008586,TXN00184056,Payment Gateway Error,1,Resolved
FAIL0008587,TXN00184061,Bank Server Error,1,Unresolved
FAIL0008588,TXN00184081,Insufficient Balance,1,Unresolved
FAIL0008589,TXN00184084,Invalid PIN,1,Resolved
FAIL0008590,TXN00184097,Insufficient Balance,1,Unresolved
FAIL0008591,TXN00184101,Invalid PIN,2,Resolved
FAIL0008592,TXN00184145,Timeout,1,Resolved
FAIL0008593,TXN00184153,Network Error,1,Unresolved
FAIL0008594,TXN00184155,Invalid PIN,1,Unresolved
FAIL0008595,TXN00184176,Insufficient Balance,2,Resolved
FAIL0008596,TXN00184185,Bank Server Error,2,Resolved
FAIL0008597,TXN00184222,Bank Server Error,1,Resolved
FAIL0008598,TXN00184264,Timeout,1,Resolved
FAIL0008599,TXN00184320,Network Error,1,Resolved
FAIL0008600,TXN00184329,Insufficient Balance,1,Unresolved
FAIL0008601,TXN00184347,Network Error,2,Resolved
FAIL0008602,TXN00184356,Network Error,2,Resolved
FAIL0008603,TXN00184403,Payment Gateway Error,1,Unresolved
FAIL0008604,TXN00184407,Bank Server Error,2,Resolved
FAIL0008605,TXN00184446,Payment Gateway Error,3,Resolved
FAIL0008606,TXN00184452,Invalid PIN,2,Resolved
FAIL0008607,TXN00184455,Network Error,1,Unresolved
FAIL0008608,TXN00184457,Timeout,1,Resolved
FAIL0008609,TXN00184464,Limit Exceeded,3,Resolved
FAIL0008610,TXN00184475,Network Error,2,Resolved
FAIL0008611,TXN00184483,Insufficient Balance,1,Unresolved
FAIL0008612,TXN00184516,Bank Server Error,1,Resolved
FAIL0008613,TXN00184520,Timeout,1,Resolved
FAIL0008614,TXN00184576,Bank Server Error,1,Unresolved
FAIL0008615,TXN00184586,Bank Server Error,1,Unresolved
FAIL0008616,TXN00184600,Timeout,1,Resolved
FAIL0008617,TXN00184607,Bank Server Error,1,Resolved
FAIL0008618,TXN00184625,Payment Gateway Error,1,Unresolved
FAIL0008619,TXN00184642,Bank Server Error,1,Unresolved
FAIL0008620,TXN00184669,Timeout,1,Resolved
FAIL0008621,TXN00184714,Invalid PIN,2,Resolved
FAIL0008622,TXN00184788,Payment Gateway Error,1,Resolved
FAIL0008623,TXN00184800,Bank Server Error,1,Unresolved
FAIL0008624,TXN00184804,Network Error,1,Resolved
FAIL0008625,TXN00184872,Invalid PIN,1,Resolved
FAIL0008626,TXN00184903,Network Error,2,Resolved
FAIL0008627,TXN00184912,Limit Exceeded,1,Resolved
FAIL0008628,TXN00184917,Limit Exceeded,1,Unresolved
FAIL0008629,TXN00184930,Network Error,1,Resolved
FAIL0008630,TXN00184961,Payment Gateway Error,1,Unresolved
FAIL0008631,TXN00184981,Insufficient Balance,1,Unresolved
FAIL0008632,TXN00184991,Bank Server Error,1,Unresolved
FAIL0008633,TXN00185012,Limit Exceeded,1,Unresolved
FAIL0008634,TXN00185051,Insufficient Balance,2,Resolved
FAIL0008635,TXN00185084,Bank Server Error,2,Resolved
FAIL0008636,TXN00185120,Insufficient Balance,1,Resolved
FAIL0008637,TXN00185155,Network Error,1,Resolved
FAIL0008638,TXN00185179,Payment Gateway Error,1,Unresolved
FAIL0008639,TXN00185186,Bank Server Error,1,Unresolved
FAIL0008640,TXN00185190,Bank Server Error,1,Unresolved
FAIL0008641,TXN00185191,Timeout,2,Resolved
FAIL0008642,TXN00185231,Insufficient Balance,1,Unresolved
FAIL0008643,TXN00185237,Network Error,1,Unresolved
FAIL0008644,TXN00185277,Network Error,2,Unresolved
FAIL0008645,TXN00185291,Timeout,2,Resolved
FAIL0008646,TXN00185292,Insufficient Balance,1,Unresolved
FAIL0008647,TXN00185301,Payment Gateway Error,1,Resolved
FAIL0008648,TXN00185322,Network Error,1,Unresolved
FAIL0008649,TXN00185342,Network Error,1,Resolved
FAIL0008650,TXN00185343,Bank Server Error,2,Unresolved
FAIL0008651,TXN00185378,Limit Exceeded,1,Unresolved
FAIL0008652,TXN00185430,Limit Exceeded,1,Unresolved
FAIL0008653,TXN00185433,Timeout,1,Unresolved
FAIL0008654,TXN00185484,Network Error,1,Unresolved
FAIL0008655,TXN00185520,Limit Exceeded,1,Unresolved
FAIL0008656,TXN00185545,Limit Exceeded,2,Resolved
FAIL0008657,TXN00185582,Invalid PIN,3,Resolved
FAIL0008658,TXN00185603,Invalid PIN,2,Resolved
FAIL0008659,TXN00185609,Network Error,1,Resolved
FAIL0008660,TXN00185643,Network Error,1,Unresolved
FAIL0008661,TXN00185657,Network Error,1,Unresolved
FAIL0008662,TXN00185672,Insufficient Balance,2,Resolved
FAIL0008663,TXN00185680,Payment Gateway Error,1,Resolved
FAIL0008664,TXN00185792,Bank Server Error,1,Unresolved
FAIL0008665,TXN00185809,Limit Exceeded,1,Resolved
FAIL0008666,TXN00185845,Payment Gateway Error,1,Resolved
FAIL0008667,TXN00185879,Network Error,2,Resolved
FAIL0008668,TXN00185888,Limit Exceeded,3,Resolved
FAIL0008669,TXN00185898,Invalid PIN,1,Unresolved
FAIL0008670,TXN00185928,Bank Server Error,1,Unresolved
FAIL0008671,TXN00185930,Limit Exceeded,2,Unresolved
FAIL0008672,TXN00185954,Limit Exceeded,3,Resolved
FAIL0008673,TXN00185956,Insufficient Balance,1,Resolved
FAIL0008674,TXN00185958,Bank Server Error,1,Unresolved
FAIL0008675,TXN00185959,Limit Exceeded,1,Unresolved
FAIL0008676,TXN00186011,Timeout,1,Unresolved
FAIL0008677,TXN00186036,Payment Gateway Error,1,Unresolved
FAIL0008678,TXN00186081,Payment Gateway Error,1,Unresolved
FAIL0008679,TXN00186137,Bank Server Error,2,Resolved
FAIL0008680,TXN00186145,Invalid PIN,2,Resolved
FAIL0008681,TXN00186147,Insufficient Balance,2,Resolved
FAIL0008682,TXN00186206,Network Error,1,Resolved
FAIL0008683,TXN00186211,Payment Gateway Error,2,Resolved
FAIL0008684,TXN00186242,Network Error,1,Unresolved
FAIL0008685,TXN00186285,Bank Server Error,2,Resolved
FAIL0008686,TXN00186306,Insufficient Balance,1,Resolved
FAIL0008687,TXN00186313,Limit Exceeded,2,Resolved
FAIL0008688,TXN00186341,Bank Server Error,1,Resolved
FAIL0008689,TXN00186399,Bank Server Error,1,Resolved
FAIL0008690,TXN00186447,Bank Server Error,1,Unresolved
FAIL0008691,TXN00186449,Insufficient Balance,1,Unresolved
FAIL0008692,TXN00186451,Network Error,1,Resolved
FAIL0008693,TXN00186519,Network Error,3,Resolved
FAIL0008694,TXN00186528,Bank Server Error,1,Resolved
FAIL0008695,TXN00186553,Limit Exceeded,1,Resolved
FAIL0008696,TXN00186576,Payment Gateway Error,1,Unresolved
FAIL0008697,TXN00186598,Bank Server Error,1,Resolved
FAIL0008698,TXN00186600,Insufficient Balance,1,Resolved
FAIL0008699,TXN00186647,Network Error,1,Resolved
FAIL0008700,TXN00186652,Bank Server Error,1,Unresolved
FAIL0008701,TXN00186728,Network Error,1,Resolved
FAIL0008702,TXN00186776,Limit Exceeded,3,Resolved
FAIL0008703,TXN00186833,Network Error,1,Resolved
FAIL0008704,TXN00186837,Bank Server Error,1,Unresolved
FAIL0008705,TXN00186867,Payment Gateway Error,1,Resolved
FAIL0008706,TXN00186890,Payment Gateway Error,2,Resolved
FAIL0008707,TXN00186923,Bank Server Error,1,Resolved
FAIL0008708,TXN00186933,Insufficient Balance,1,Unresolved
FAIL0008709,TXN00186961,Bank Server Error,2,Resolved
FAIL0008710,TXN00186967,Bank Server Error,2,Unresolved
FAIL0008711,TXN00186968,Network Error,1,Unresolved
FAIL0008712,TXN00186973,Bank Server Error,2,Resolved
FAIL0008713,TXN00186981,Payment Gateway Error,1,Resolved
FAIL0008714,TXN00187014,Insufficient Balance,3,Resolved
FAIL0008715,TXN00187054,Timeout,1,Resolved
FAIL0008716,TXN00187095,Bank Server Error,1,Resolved
FAIL0008717,TXN00187164,Payment Gateway Error,1,Unresolved
FAIL0008718,TXN00187193,Limit Exceeded,2,Unresolved
FAIL0008719,TXN00187194,Payment Gateway Error,1,Unresolved
FAIL0008720,TXN00187221,Timeout,1,Resolved
FAIL0008721,TXN00187340,Insufficient Balance,1,Resolved
FAIL0008722,TXN00187345,Payment Gateway Error,2,Resolved
FAIL0008723,TXN00187346,Insufficient Balance,2,Resolved
FAIL0008724,TXN00187355,Network Error,2,Resolved
FAIL0008725,TXN00187367,Invalid PIN,1,Resolved
FAIL0008726,TXN00187395,Invalid PIN,3,Resolved
FAIL0008727,TXN00187398,Limit Exceeded,1,Resolved
FAIL0008728,TXN00187420,Insufficient Balance,1,Unresolved
FAIL0008729,TXN00187451,Payment Gateway Error,1,Unresolved
FAIL0008730,TXN00187452,Payment Gateway Error,1,Unresolved
FAIL0008731,TXN00187463,Payment Gateway Error,1,Resolved
FAIL0008732,TXN00187477,Payment Gateway Error,1,Resolved
FAIL0008733,TXN00187503,Invalid PIN,1,Unresolved
FAIL0008734,TXN00187513,Payment Gateway Error,2,Resolved
FAIL0008735,TXN00187532,Insufficient Balance,2,Resolved
FAIL0008736,TXN00187543,Insufficient Balance,1,Unresolved
FAIL0008737,TXN00187562,Insufficient Balance,2,Resolved
FAIL0008738,TXN00187564,Invalid PIN,1,Unresolved
FAIL0008739,TXN00187578,Timeout,1,Unresolved
FAIL0008740,TXN00187605,Payment Gateway Error,3,Resolved
FAIL0008741,TXN00187608,Limit Exceeded,3,Resolved
FAIL0008742,TXN00187631,Timeout,1,Unresolved
FAIL0008743,TXN00187669,Network Error,1,Unresolved
FAIL0008744,TXN00187756,Insufficient Balance,3,Resolved
FAIL0008745,TXN00187840,Insufficient Balance,1,Unresolved
FAIL0008746,TXN00187852,Limit Exceeded,1,Unresolved
FAIL0008747,TXN00187869,Network Error,1,Unresolved
FAIL0008748,TXN00187871,Timeout,2,Resolved
FAIL0008749,TXN00187961,Payment Gateway Error,1,Resolved
FAIL0008750,TXN00187978,Limit Exceeded,1,Unresolved
FAIL0008751,TXN00187989,Bank Server Error,2,Resolved
FAIL0008752,TXN00188014,Payment Gateway Error,3,Resolved
FAIL0008753,TXN00188021,Limit Exceeded,1,Unresolved
FAIL0008754,TXN00188048,Insufficient Balance,2,Resolved
FAIL0008755,TXN00188097,Limit Exceeded,1,Unresolved
FAIL0008756,TXN00188118,Payment Gateway Error,1,Unresolved
FAIL0008757,TXN00188158,Insufficient Balance,1,Unresolved
FAIL0008758,TXN00188202,Bank Server Error,2,Resolved
FAIL0008759,TXN00188219,Limit Exceeded,2,Resolved
FAIL0008760,TXN00188262,Bank Server Error,1,Unresolved
FAIL0008761,TXN00188265,Invalid PIN,1,Resolved
FAIL0008762,TXN00188268,Payment Gateway Error,1,Unresolved
FAIL0008763,TXN00188296,Limit Exceeded,3,Resolved
FAIL0008764,TXN00188303,Payment Gateway Error,1,Unresolved
FAIL0008765,TXN00188330,Bank Server Error,1,Resolved
FAIL0008766,TXN00188357,Bank Server Error,2,Unresolved
FAIL0008767,TXN00188374,Insufficient Balance,2,Resolved
FAIL0008768,TXN00188416,Insufficient Balance,2,Unresolved
FAIL0008769,TXN00188455,Insufficient Balance,2,Unresolved
FAIL0008770,TXN00188474,Limit Exceeded,2,Unresolved
FAIL0008771,TXN00188488,Bank Server Error,1,Unresolved
FAIL0008772,TXN00188494,Invalid PIN,1,Resolved
FAIL0008773,TXN00188515,Payment Gateway Error,2,Unresolved
FAIL0008774,TXN00188518,Network Error,2,Resolved
FAIL0008775,TXN00188554,Bank Server Error,1,Resolved
FAIL0008776,TXN00188557,Insufficient Balance,1,Unresolved
FAIL0008777,TXN00188619,Insufficient Balance,1,Resolved
FAIL0008778,TXN00188629,Invalid PIN,1,Unresolved
FAIL0008779,TXN00188636,Limit Exceeded,3,Unresolved
FAIL0008780,TXN00188653,Timeout,2,Resolved
FAIL0008781,TXN00188658,Bank Server Error,2,Resolved
FAIL0008782,TXN00188683,Insufficient Balance,1,Unresolved
FAIL0008783,TXN00188690,Bank Server Error,2,Resolved
FAIL0008784,TXN00188702,Payment Gateway Error,1,Unresolved
FAIL0008785,TXN00188759,Timeout,3,Resolved
FAIL0008786,TXN00188771,Invalid PIN,1,Resolved
FAIL0008787,TXN00188775,Bank Server Error,1,Resolved
FAIL0008788,TXN00188781,Insufficient Balance,1,Resolved
FAIL0008789,TXN00188839,Insufficient Balance,1,Unresolved
FAIL0008790,TXN00188843,Network Error,1,Unresolved
FAIL0008791,TXN00188857,Bank Server Error,2,Unresolved
FAIL0008792,TXN00188914,Bank Server Error,2,Unresolved
FAIL0008793,TXN00188916,Timeout,1,Unresolved
FAIL0008794,TXN00188937,Network Error,2,Resolved
FAIL0008795,TXN00188963,Network Error,1,Resolved
FAIL0008796,TXN00188970,Payment Gateway Error,3,Resolved
FAIL0008797,TXN00188996,Insufficient Balance,1,Unresolved
FAIL0008798,TXN00189012,Bank Server Error,2,Resolved
FAIL0008799,TXN00189023,Limit Exceeded,2,Resolved
FAIL0008800,TXN00189046,Payment Gateway Error,2,Resolved
FAIL0008801,TXN00189105,Insufficient Balance,2,Resolved
FAIL0008802,TXN00189165,Limit Exceeded,1,Resolved
FAIL0008803,TXN00189166,Payment Gateway Error,2,Resolved
FAIL0008804,TXN00189169,Invalid PIN,3,Resolved
FAIL0008805,TXN00189218,Bank Server Error,1,Unresolved
FAIL0008806,TXN00189239,Timeout,1,Unresolved
FAIL0008807,TXN00189246,Timeout,1,Unresolved
FAIL0008808,TXN00189248,Limit Exceeded,1,Resolved
FAIL0008809,TXN00189263,Payment Gateway Error,1,Resolved
FAIL0008810,TXN00189275,Bank Server Error,1,Resolved
FAIL0008811,TXN00189348,Invalid PIN,1,Resolved
FAIL0008812,TXN00189357,Network Error,2,Unresolved
FAIL0008813,TXN00189428,Insufficient Balance,1,Resolved
FAIL0008814,TXN00189433,Timeout,1,Unresolved
FAIL0008815,TXN00189443,Bank Server Error,1,Resolved
FAIL0008816,TXN00189447,Network Error,1,Resolved
FAIL0008817,TXN00189461,Network Error,1,Resolved
FAIL0008818,TXN00189490,Payment Gateway Error,1,Unresolved
FAIL0008819,TXN00189503,Network Error,1,Unresolved
FAIL0008820,TXN00189507,Insufficient Balance,2,Resolved
FAIL0008821,TXN00189548,Bank Server Error,2,Resolved
FAIL0008822,TXN00189553,Network Error,2,Resolved
FAIL0008823,TXN00189572,Limit Exceeded,1,Unresolved
FAIL0008824,TXN00189573,Bank Server Error,1,Unresolved
FAIL0008825,TXN00189582,Timeout,1,Resolved
FAIL0008826,TXN00189612,Invalid PIN,1,Resolved
FAIL0008827,TXN00189615,Limit Exceeded,1,Resolved
FAIL0008828,TXN00189619,Bank Server Error,1,Unresolved
FAIL0008829,TXN00189621,Timeout,1,Resolved
FAIL0008830,TXN00189642,Payment Gateway Error,1,Resolved
FAIL0008831,TXN00189652,Limit Exceeded,2,Resolved
FAIL0008832,TXN00189663,Limit Exceeded,1,Unresolved
FAIL0008833,TXN00189683,Insufficient Balance,1,Resolved
FAIL0008834,TXN00189685,Invalid PIN,2,Unresolved
FAIL0008835,TXN00189710,Timeout,1,Unresolved
FAIL0008836,TXN00189726,Bank Server Error,1,Resolved
FAIL0008837,TXN00189740,Network Error,1,Resolved
FAIL0008838,TXN00189761,Bank Server Error,1,Resolved
FAIL0008839,TXN00189769,Bank Server Error,1,Unresolved
FAIL0008840,TXN00189779,Insufficient Balance,2,Unresolved
FAIL0008841,TXN00189782,Payment Gateway Error,3,Resolved
FAIL0008842,TXN00189811,Insufficient Balance,1,Resolved
FAIL0008843,TXN00189820,Insufficient Balance,1,Resolved
FAIL0008844,TXN00189833,Insufficient Balance,1,Unresolved
FAIL0008845,TXN00189871,Invalid PIN,1,Unresolved
FAIL0008846,TXN00189908,Insufficient Balance,2,Resolved
FAIL0008847,TXN00189921,Payment Gateway Error,1,Resolved
FAIL0008848,TXN00189937,Payment Gateway Error,2,Unresolved
FAIL0008849,TXN00189947,Bank Server Error,1,Unresolved
FAIL0008850,TXN00189981,Bank Server Error,2,Resolved
FAIL0008851,TXN00190007,Invalid PIN,1,Unresolved
FAIL0008852,TXN00190036,Network Error,1,Unresolved
FAIL0008853,TXN00190069,Payment Gateway Error,1,Resolved
FAIL0008854,TXN00190076,Limit Exceeded,1,Resolved
FAIL0008855,TXN00190102,Bank Server Error,1,Resolved
FAIL0008856,TXN00190112,Limit Exceeded,1,Resolved
FAIL0008857,TXN00190155,Network Error,3,Resolved
FAIL0008858,TXN00190156,Bank Server Error,1,Resolved
FAIL0008859,TXN00190165,Network Error,2,Unresolved
FAIL0008860,TXN00190170,Payment Gateway Error,1,Unresolved
FAIL0008861,TXN00190174,Limit Exceeded,1,Resolved
FAIL0008862,TXN00190187,Insufficient Balance,1,Resolved
FAIL0008863,TXN00190198,Insufficient Balance,2,Unresolved
FAIL0008864,TXN00190210,Insufficient Balance,1,Resolved
FAIL0008865,TXN00190242,Network Error,1,Resolved
FAIL0008866,TXN00190244,Limit Exceeded,1,Unresolved
FAIL0008867,TXN00190259,Insufficient Balance,1,Unresolved
FAIL0008868,TXN00190262,Limit Exceeded,2,Unresolved
FAIL0008869,TXN00190272,Timeout,2,Resolved
FAIL0008870,TXN00190292,Payment Gateway Error,1,Resolved
FAIL0008871,TXN00190390,Insufficient Balance,2,Resolved
FAIL0008872,TXN00190419,Bank Server Error,2,Resolved
FAIL0008873,TXN00190427,Payment Gateway Error,1,Unresolved
FAIL0008874,TXN00190441,Payment Gateway Error,2,Resolved
FAIL0008875,TXN00190446,Insufficient Balance,1,Unresolved
FAIL0008876,TXN00190478,Insufficient Balance,2,Unresolved
FAIL0008877,TXN00190502,Bank Server Error,1,Resolved
FAIL0008878,TXN00190517,Limit Exceeded,1,Unresolved
FAIL0008879,TXN00190519,Insufficient Balance,1,Unresolved
FAIL0008880,TXN00190531,Limit Exceeded,2,Resolved
FAIL0008881,TXN00190538,Limit Exceeded,1,Resolved
FAIL0008882,TXN00190542,Limit Exceeded,1,Resolved
FAIL0008883,TXN00190554,Network Error,1,Resolved
FAIL0008884,TXN00190569,Payment Gateway Error,1,Resolved
FAIL0008885,TXN00190638,Payment Gateway Error,1,Resolved
FAIL0008886,TXN00190677,Limit Exceeded,3,Unresolved
FAIL0008887,TXN00190715,Limit Exceeded,1,Unresolved
FAIL0008888,TXN00190755,Bank Server Error,1,Unresolved
FAIL0008889,TXN00190772,Limit Exceeded,1,Unresolved
FAIL0008890,TXN00190799,Network Error,1,Unresolved
FAIL0008891,TXN00190804,Insufficient Balance,1,Resolved
FAIL0008892,TXN00190828,Invalid PIN,3,Unresolved
FAIL0008893,TXN00190849,Bank Server Error,2,Unresolved
FAIL0008894,TXN00190850,Payment Gateway Error,1,Resolved
FAIL0008895,TXN00190854,Payment Gateway Error,2,Resolved
FAIL0008896,TXN00190863,Payment Gateway Error,1,Unresolved
FAIL0008897,TXN00190871,Limit Exceeded,1,Resolved
FAIL0008898,TXN00190877,Bank Server Error,3,Resolved
FAIL0008899,TXN00190975,Insufficient Balance,1,Unresolved
FAIL0008900,TXN00190985,Network Error,1,Resolved
FAIL0008901,TXN00190986,Insufficient Balance,1,Resolved
FAIL0008902,TXN00191042,Limit Exceeded,1,Unresolved
FAIL0008903,TXN00191098,Limit Exceeded,1,Unresolved
FAIL0008904,TXN00191125,Timeout,1,Unresolved
FAIL0008905,TXN00191204,Bank Server Error,2,Unresolved
FAIL0008906,TXN00191276,Payment Gateway Error,1,Unresolved
FAIL0008907,TXN00191284,Network Error,1,Resolved
FAIL0008908,TXN00191304,Limit Exceeded,1,Resolved
FAIL0008909,TXN00191347,Timeout,1,Unresolved
FAIL0008910,TXN00191375,Bank Server Error,1,Resolved
FAIL0008911,TXN00191398,Bank Server Error,1,Resolved
FAIL0008912,TXN00191451,Bank Server Error,1,Unresolved
FAIL0008913,TXN00191464,Payment Gateway Error,1,Unresolved
FAIL0008914,TXN00191466,Insufficient Balance,1,Unresolved
FAIL0008915,TXN00191467,Network Error,1,Resolved
FAIL0008916,TXN00191468,Timeout,1,Resolved
FAIL0008917,TXN00191479,Timeout,2,Resolved
FAIL0008918,TXN00191518,Timeout,1,Unresolved
FAIL0008919,TXN00191523,Timeout,1,Resolved
FAIL0008920,TXN00191542,Bank Server Error,1,Resolved
FAIL0008921,TXN00191560,Bank Server Error,1,Resolved
FAIL0008922,TXN00191637,Bank Server Error,2,Resolved
FAIL0008923,TXN00191638,Network Error,1,Unresolved
FAIL0008924,TXN00191639,Limit Exceeded,1,Unresolved
FAIL0008925,TXN00191648,Bank Server Error,1,Unresolved
FAIL0008926,TXN00191723,Payment Gateway Error,3,Resolved
FAIL0008927,TXN00191725,Timeout,1,Resolved
FAIL0008928,TXN00191746,Insufficient Balance,1,Resolved
FAIL0008929,TXN00191763,Payment Gateway Error,2,Resolved
FAIL0008930,TXN00191783,Bank Server Error,2,Resolved
FAIL0008931,TXN00191791,Bank Server Error,1,Resolved
FAIL0008932,TXN00191792,Payment Gateway Error,1,Unresolved
FAIL0008933,TXN00191808,Insufficient Balance,1,Unresolved
FAIL0008934,TXN00191856,Bank Server Error,1,Unresolved
FAIL0008935,TXN00191862,Limit Exceeded,1,Resolved
FAIL0008936,TXN00191878,Network Error,1,Resolved
FAIL0008937,TXN00191906,Bank Server Error,1,Unresolved
FAIL0008938,TXN00191911,Limit Exceeded,1,Unresolved
FAIL0008939,TXN00191914,Bank Server Error,1,Unresolved
FAIL0008940,TXN00191948,Timeout,1,Resolved
FAIL0008941,TXN00191955,Payment Gateway Error,2,Unresolved
FAIL0008942,TXN00191968,Bank Server Error,1,Resolved
FAIL0008943,TXN00191983,Bank Server Error,1,Resolved
FAIL0008944,TXN00192055,Bank Server Error,1,Resolved
FAIL0008945,TXN00192087,Insufficient Balance,1,Unresolved
FAIL0008946,TXN00192155,Insufficient Balance,1,Resolved
FAIL0008947,TXN00192164,Limit Exceeded,3,Resolved
FAIL0008948,TXN00192168,Insufficient Balance,1,Resolved
FAIL0008949,TXN00192174,Insufficient Balance,2,Resolved
FAIL0008950,TXN00192245,Payment Gateway Error,1,Resolved
FAIL0008951,TXN00192302,Payment Gateway Error,1,Unresolved
FAIL0008952,TXN00192305,Timeout,1,Resolved
FAIL0008953,TXN00192322,Timeout,1,Resolved
FAIL0008954,TXN00192367,Timeout,2,Resolved
FAIL0008955,TXN00192380,Network Error,1,Resolved
FAIL0008956,TXN00192452,Payment Gateway Error,2,Resolved
FAIL0008957,TXN00192493,Network Error,1,Resolved
FAIL0008958,TXN00192498,Payment Gateway Error,1,Resolved
FAIL0008959,TXN00192502,Bank Server Error,1,Unresolved
FAIL0008960,TXN00192584,Payment Gateway Error,2,Resolved
FAIL0008961,TXN00192617,Limit Exceeded,1,Unresolved
FAIL0008962,TXN00192645,Bank Server Error,1,Resolved
FAIL0008963,TXN00192653,Limit Exceeded,3,Resolved
FAIL0008964,TXN00192692,Limit Exceeded,2,Resolved
FAIL0008965,TXN00192737,Payment Gateway Error,1,Unresolved
FAIL0008966,TXN00192741,Timeout,2,Resolved
FAIL0008967,TXN00192748,Insufficient Balance,2,Unresolved
FAIL0008968,TXN00192753,Network Error,1,Resolved
FAIL0008969,TXN00192857,Bank Server Error,2,Unresolved
FAIL0008970,TXN00192890,Insufficient Balance,1,Unresolved
FAIL0008971,TXN00192902,Limit Exceeded,1,Unresolved
FAIL0008972,TXN00192949,Bank Server Error,1,Unresolved
FAIL0008973,TXN00192961,Timeout,1,Unresolved
FAIL0008974,TXN00192976,Bank Server Error,1,Resolved
FAIL0008975,TXN00192980,Insufficient Balance,1,Unresolved
FAIL0008976,TXN00193021,Limit Exceeded,1,Resolved
FAIL0008977,TXN00193038,Bank Server Error,1,Resolved
FAIL0008978,TXN00193079,Payment Gateway Error,1,Unresolved
FAIL0008979,TXN00193082,Invalid PIN,1,Unresolved
FAIL0008980,TXN00193091,Insufficient Balance,1,Unresolved
FAIL0008981,TXN00193142,Invalid PIN,2,Unresolved
FAIL0008982,TXN00193169,Bank Server Error,1,Unresolved
FAIL0008983,TXN00193170,Insufficient Balance,1,Unresolved
FAIL0008984,TXN00193222,Bank Server Error,1,Unresolved
FAIL0008985,TXN00193238,Insufficient Balance,1,Unresolved
FAIL0008986,TXN00193239,Timeout,2,Unresolved
FAIL0008987,TXN00193274,Payment Gateway Error,3,Resolved
FAIL0008988,TXN00193282,Bank Server Error,2,Unresolved
FAIL0008989,TXN00193286,Bank Server Error,1,Unresolved
FAIL0008990,TXN00193296,Insufficient Balance,1,Resolved
FAIL0008991,TXN00193368,Bank Server Error,1,Resolved
FAIL0008992,TXN00193376,Bank Server Error,2,Unresolved
FAIL0008993,TXN00193381,Insufficient Balance,2,Resolved
FAIL0008994,TXN00193392,Bank Server Error,1,Resolved
FAIL0008995,TXN00193401,Invalid PIN,1,Resolved
FAIL0008996,TXN00193435,Invalid PIN,1,Unresolved
FAIL0008997,TXN00193436,Network Error,1,Resolved
FAIL0008998,TXN00193444,Network Error,1,Unresolved
FAIL0008999,TXN00193469,Insufficient Balance,3,Resolved
FAIL0009000,TXN00193473,Payment Gateway Error,1,Resolved
FAIL0009001,TXN00193488,Insufficient Balance,1,Unresolved
FAIL0009002,TXN00193503,Limit Exceeded,1,Unresolved
FAIL0009003,TXN00193511,Payment Gateway Error,1,Unresolved
FAIL0009004,TXN00193521,Insufficient Balance,1,Resolved
FAIL0009005,TXN00193571,Limit Exceeded,1,Unresolved
FAIL0009006,TXN00193572,Payment Gateway Error,1,Resolved
FAIL0009007,TXN00193585,Limit Exceeded,3,Resolved
FAIL0009008,TXN00193624,Network Error,1,Resolved
FAIL0009009,TXN00193628,Network Error,1,Resolved
FAIL0009010,TXN00193648,Network Error,3,Resolved
FAIL0009011,TXN00193682,Timeout,2,Resolved
FAIL0009012,TXN00193685,Insufficient Balance,1,Unresolved
FAIL0009013,TXN00193725,Network Error,1,Resolved
FAIL0009014,TXN00193753,Insufficient Balance,1,Unresolved
FAIL0009015,TXN00193760,Payment Gateway Error,1,Resolved
FAIL0009016,TXN00193770,Timeout,1,Unresolved
FAIL0009017,TXN00193775,Limit Exceeded,3,Resolved
FAIL0009018,TXN00193795,Insufficient Balance,1,Resolved
FAIL0009019,TXN00193810,Insufficient Balance,1,Unresolved
FAIL0009020,TXN00193828,Payment Gateway Error,1,Unresolved
FAIL0009021,TXN00193869,Payment Gateway Error,2,Resolved
FAIL0009022,TXN00193909,Payment Gateway Error,1,Unresolved
FAIL0009023,TXN00193959,Insufficient Balance,1,Resolved
FAIL0009024,TXN00193961,Network Error,1,Unresolved
FAIL0009025,TXN00193974,Bank Server Error,1,Resolved
FAIL0009026,TXN00194003,Limit Exceeded,1,Resolved
FAIL0009027,TXN00194004,Payment Gateway Error,3,Unresolved
FAIL0009028,TXN00194033,Payment Gateway Error,1,Resolved
FAIL0009029,TXN00194056,Network Error,1,Resolved
FAIL0009030,TXN00194088,Limit Exceeded,1,Unresolved
FAIL0009031,TXN00194096,Bank Server Error,1,Resolved
FAIL0009032,TXN00194107,Insufficient Balance,2,Resolved
FAIL0009033,TXN00194114,Insufficient Balance,1,Resolved
FAIL0009034,TXN00194129,Bank Server Error,2,Resolved
FAIL0009035,TXN00194145,Limit Exceeded,1,Resolved
FAIL0009036,TXN00194187,Insufficient Balance,1,Resolved
FAIL0009037,TXN00194189,Limit Exceeded,1,Resolved
FAIL0009038,TXN00194214,Timeout,1,Resolved
FAIL0009039,TXN00194233,Invalid PIN,2,Resolved
FAIL0009040,TXN00194247,Limit Exceeded,1,Resolved
FAIL0009041,TXN00194260,Network Error,1,Unresolved
FAIL0009042,TXN00194279,Invalid PIN,1,Resolved
FAIL0009043,TXN00194284,Insufficient Balance,1,Unresolved
FAIL0009044,TXN00194285,Bank Server Error,1,Resolved
FAIL0009045,TXN00194297,Timeout,1,Resolved
FAIL0009046,TXN00194325,Bank Server Error,1,Resolved
FAIL0009047,TXN00194326,Timeout,1,Unresolved
FAIL0009048,TXN00194336,Limit Exceeded,1,Resolved
FAIL0009049,TXN00194337,Invalid PIN,2,Resolved
FAIL0009050,TXN00194348,Invalid PIN,1,Resolved
FAIL0009051,TXN00194370,Timeout,2,Resolved
FAIL0009052,TXN00194386,Bank Server Error,2,Resolved
FAIL0009053,TXN00194389,Bank Server Error,2,Resolved
FAIL0009054,TXN00194406,Bank Server Error,1,Unresolved
FAIL0009055,TXN00194409,Insufficient Balance,1,Unresolved
FAIL0009056,TXN00194428,Network Error,1,Resolved
FAIL0009057,TXN00194440,Bank Server Error,2,Resolved
FAIL0009058,TXN00194448,Insufficient Balance,3,Resolved
FAIL0009059,TXN00194468,Bank Server Error,2,Unresolved
FAIL0009060,TXN00194477,Bank Server Error,1,Resolved
FAIL0009061,TXN00194480,Payment Gateway Error,1,Resolved
FAIL0009062,TXN00194501,Payment Gateway Error,1,Resolved
FAIL0009063,TXN00194522,Insufficient Balance,1,Unresolved
FAIL0009064,TXN00194600,Payment Gateway Error,1,Unresolved
FAIL0009065,TXN00194634,Timeout,1,Unresolved
FAIL0009066,TXN00194655,Invalid PIN,1,Unresolved
FAIL0009067,TXN00194660,Invalid PIN,3,Resolved
FAIL0009068,TXN00194675,Bank Server Error,1,Resolved
FAIL0009069,TXN00194685,Limit Exceeded,2,Unresolved
FAIL0009070,TXN00194692,Network Error,1,Resolved
FAIL0009071,TXN00194706,Limit Exceeded,1,Resolved
FAIL0009072,TXN00194746,Timeout,1,Resolved
FAIL0009073,TXN00194755,Insufficient Balance,1,Resolved
FAIL0009074,TXN00194763,Payment Gateway Error,2,Resolved
FAIL0009075,TXN00194775,Insufficient Balance,1,Resolved
FAIL0009076,TXN00194783,Limit Exceeded,1,Unresolved
FAIL0009077,TXN00194798,Timeout,1,Unresolved
FAIL0009078,TXN00194822,Insufficient Balance,1,Resolved
FAIL0009079,TXN00194839,Insufficient Balance,1,Resolved
FAIL0009080,TXN00194875,Payment Gateway Error,2,Resolved
FAIL0009081,TXN00194940,Payment Gateway Error,1,Resolved
FAIL0009082,TXN00194948,Limit Exceeded,1,Resolved
FAIL0009083,TXN00194968,Timeout,1,Unresolved
FAIL0009084,TXN00195016,Invalid PIN,1,Unresolved
FAIL0009085,TXN00195023,Payment Gateway Error,1,Resolved
FAIL0009086,TXN00195050,Insufficient Balance,1,Unresolved
FAIL0009087,TXN00195057,Insufficient Balance,1,Resolved
FAIL0009088,TXN00195065,Bank Server Error,1,Unresolved
FAIL0009089,TXN00195102,Invalid PIN,1,Unresolved
FAIL0009090,TXN00195131,Payment Gateway Error,1,Unresolved
FAIL0009091,TXN00195136,Limit Exceeded,1,Unresolved
FAIL0009092,TXN00195147,Network Error,2,Resolved
FAIL0009093,TXN00195155,Limit Exceeded,1,Unresolved
FAIL0009094,TXN00195166,Timeout,1,Resolved
FAIL0009095,TXN00195184,Bank Server Error,1,Resolved
FAIL0009096,TXN00195206,Payment Gateway Error,1,Resolved
FAIL0009097,TXN00195210,Network Error,1,Unresolved
FAIL0009098,TXN00195290,Payment Gateway Error,3,Resolved
FAIL0009099,TXN00195308,Payment Gateway Error,1,Unresolved
FAIL0009100,TXN00195332,Bank Server Error,1,Unresolved
FAIL0009101,TXN00195339,Bank Server Error,1,Unresolved
FAIL0009102,TXN00195394,Network Error,2,Resolved
FAIL0009103,TXN00195424,Timeout,1,Unresolved
FAIL0009104,TXN00195428,Limit Exceeded,1,Resolved
FAIL0009105,TXN00195443,Timeout,1,Resolved
FAIL0009106,TXN00195454,Network Error,2,Resolved
FAIL0009107,TXN00195456,Network Error,2,Unresolved
FAIL0009108,TXN00195461,Insufficient Balance,1,Unresolved
FAIL0009109,TXN00195475,Network Error,1,Unresolved
FAIL0009110,TXN00195487,Invalid PIN,1,Resolved
FAIL0009111,TXN00195506,Insufficient Balance,2,Unresolved
FAIL0009112,TXN00195519,Network Error,2,Unresolved
FAIL0009113,TXN00195523,Network Error,3,Resolved
FAIL0009114,TXN00195526,Bank Server Error,1,Unresolved
FAIL0009115,TXN00195539,Bank Server Error,2,Resolved
FAIL0009116,TXN00195559,Network Error,1,Resolved
FAIL0009117,TXN00195598,Insufficient Balance,1,Resolved
FAIL0009118,TXN00195604,Bank Server Error,1,Resolved
FAIL0009119,TXN00195615,Payment Gateway Error,1,Resolved
FAIL0009120,TXN00195632,Invalid PIN,1,Resolved
FAIL0009121,TXN00195646,Invalid PIN,2,Resolved
FAIL0009122,TXN00195659,Insufficient Balance,1,Unresolved
FAIL0009123,TXN00195668,Network Error,1,Unresolved
FAIL0009124,TXN00195702,Bank Server Error,2,Resolved
FAIL0009125,TXN00195744,Network Error,1,Unresolved
FAIL0009126,TXN00195747,Insufficient Balance,1,Resolved
FAIL0009127,TXN00195756,Bank Server Error,1,Resolved
FAIL0009128,TXN00195790,Bank Server Error,1,Resolved
FAIL0009129,TXN00195793,Payment Gateway Error,1,Resolved
FAIL0009130,TXN00195812,Payment Gateway Error,1,Unresolved
FAIL0009131,TXN00195844,Bank Server Error,1,Resolved
FAIL0009132,TXN00195878,Insufficient Balance,1,Unresolved
FAIL0009133,TXN00195891,Network Error,1,Resolved
FAIL0009134,TXN00195893,Limit Exceeded,1,Resolved
FAIL0009135,TXN00195910,Timeout,1,Resolved
FAIL0009136,TXN00195932,Bank Server Error,1,Resolved
FAIL0009137,TXN00195957,Insufficient Balance,1,Unresolved
FAIL0009138,TXN00195984,Bank Server Error,1,Unresolved
FAIL0009139,TXN00196042,Payment Gateway Error,3,Resolved
FAIL0009140,TXN00196052,Bank Server Error,1,Resolved
FAIL0009141,TXN00196069,Timeout,1,Resolved
FAIL0009142,TXN00196070,Bank Server Error,1,Resolved
FAIL0009143,TXN00196079,Bank Server Error,1,Resolved
FAIL0009144,TXN00196101,Limit Exceeded,1,Resolved
FAIL0009145,TXN00196102,Limit Exceeded,1,Unresolved
FAIL0009146,TXN00196105,Bank Server Error,1,Resolved
FAIL0009147,TXN00196124,Network Error,1,Resolved
FAIL0009148,TXN00196141,Timeout,1,Resolved
FAIL0009149,TXN00196149,Insufficient Balance,1,Resolved
FAIL0009150,TXN00196174,Invalid PIN,1,Unresolved
FAIL0009151,TXN00196183,Invalid PIN,1,Unresolved
FAIL0009152,TXN00196206,Network Error,1,Unresolved
FAIL0009153,TXN00196245,Payment Gateway Error,1,Unresolved
FAIL0009154,TXN00196249,Insufficient Balance,1,Resolved
FAIL0009155,TXN00196294,Invalid PIN,3,Resolved
FAIL0009156,TXN00196313,Limit Exceeded,2,Resolved
FAIL0009157,TXN00196314,Timeout,2,Resolved
FAIL0009158,TXN00196317,Network Error,1,Unresolved
FAIL0009159,TXN00196384,Bank Server Error,1,Resolved
FAIL0009160,TXN00196385,Insufficient Balance,2,Resolved
FAIL0009161,TXN00196426,Bank Server Error,2,Unresolved
FAIL0009162,TXN00196430,Bank Server Error,2,Resolved
FAIL0009163,TXN00196452,Insufficient Balance,1,Resolved
FAIL0009164,TXN00196474,Payment Gateway Error,1,Unresolved
FAIL0009165,TXN00196476,Network Error,1,Resolved
FAIL0009166,TXN00196502,Insufficient Balance,1,Resolved
FAIL0009167,TXN00196568,Insufficient Balance,3,Resolved
FAIL0009168,TXN00196591,Payment Gateway Error,1,Resolved
FAIL0009169,TXN00196604,Insufficient Balance,1,Resolved
FAIL0009170,TXN00196626,Network Error,2,Unresolved
FAIL0009171,TXN00196669,Bank Server Error,1,Resolved
FAIL0009172,TXN00196706,Network Error,1,Unresolved
FAIL0009173,TXN00196726,Network Error,2,Resolved
FAIL0009174,TXN00196742,Payment Gateway Error,1,Resolved
FAIL0009175,TXN00196743,Insufficient Balance,1,Unresolved
FAIL0009176,TXN00196756,Invalid PIN,1,Unresolved
FAIL0009177,TXN00196776,Invalid PIN,2,Resolved
FAIL0009178,TXN00196787,Insufficient Balance,1,Resolved
FAIL0009179,TXN00196793,Insufficient Balance,2,Resolved
FAIL0009180,TXN00196821,Payment Gateway Error,1,Resolved
FAIL0009181,TXN00196833,Network Error,1,Resolved
FAIL0009182,TXN00196877,Invalid PIN,1,Unresolved
FAIL0009183,TXN00196889,Bank Server Error,1,Resolved
FAIL0009184,TXN00196891,Timeout,1,Unresolved
FAIL0009185,TXN00196901,Bank Server Error,1,Unresolved
FAIL0009186,TXN00196926,Bank Server Error,1,Resolved
FAIL0009187,TXN00196945,Insufficient Balance,3,Resolved
FAIL0009188,TXN00196968,Network Error,1,Unresolved
FAIL0009189,TXN00196980,Invalid PIN,1,Unresolved
FAIL0009190,TXN00197000,Bank Server Error,1,Resolved
FAIL0009191,TXN00197032,Bank Server Error,1,Unresolved
FAIL0009192,TXN00197059,Network Error,1,Resolved
FAIL0009193,TXN00197150,Bank Server Error,1,Resolved
FAIL0009194,TXN00197152,Bank Server Error,1,Unresolved
FAIL0009195,TXN00197161,Insufficient Balance,1,Unresolved
FAIL0009196,TXN00197181,Limit Exceeded,1,Resolved
FAIL0009197,TXN00197217,Network Error,1,Resolved
FAIL0009198,TXN00197310,Limit Exceeded,1,Resolved
FAIL0009199,TXN00197342,Bank Server Error,1,Resolved
FAIL0009200,TXN00197366,Timeout,1,Unresolved
FAIL0009201,TXN00197378,Insufficient Balance,1,Resolved
FAIL0009202,TXN00197391,Insufficient Balance,2,Resolved
FAIL0009203,TXN00197417,Network Error,3,Unresolved
FAIL0009204,TXN00197435,Limit Exceeded,1,Unresolved
FAIL0009205,TXN00197466,Timeout,1,Unresolved
FAIL0009206,TXN00197481,Bank Server Error,2,Resolved
FAIL0009207,TXN00197496,Bank Server Error,2,Unresolved
FAIL0009208,TXN00197506,Limit Exceeded,1,Resolved
FAIL0009209,TXN00197514,Insufficient Balance,1,Resolved
FAIL0009210,TXN00197537,Insufficient Balance,1,Unresolved
FAIL0009211,TXN00197555,Insufficient Balance,1,Unresolved
FAIL0009212,TXN00197580,Invalid PIN,2,Resolved
FAIL0009213,TXN00197593,Insufficient Balance,1,Resolved
FAIL0009214,TXN00197628,Insufficient Balance,1,Resolved
FAIL0009215,TXN00197632,Payment Gateway Error,1,Resolved
FAIL0009216,TXN00197638,Bank Server Error,2,Resolved
FAIL0009217,TXN00197647,Timeout,1,Unresolved
FAIL0009218,TXN00197677,Payment Gateway Error,2,Resolved
FAIL0009219,TXN00197693,Payment Gateway Error,2,Resolved
FAIL0009220,TXN00197751,Bank Server Error,1,Resolved
FAIL0009221,TXN00197757,Bank Server Error,1,Resolved
FAIL0009222,TXN00197758,Network Error,2,Resolved
FAIL0009223,TXN00197773,Bank Server Error,1,Resolved
FAIL0009224,TXN00197831,Insufficient Balance,1,Resolved
FAIL0009225,TXN00197872,Network Error,2,Resolved
FAIL0009226,TXN00197948,Insufficient Balance,1,Unresolved
FAIL0009227,TXN00197959,Timeout,1,Resolved
FAIL0009228,TXN00197995,Limit Exceeded,1,Unresolved
FAIL0009229,TXN00198010,Insufficient Balance,1,Unresolved
FAIL0009230,TXN00198026,Network Error,1,Resolved
FAIL0009231,TXN00198080,Payment Gateway Error,2,Resolved
FAIL0009232,TXN00198116,Network Error,1,Unresolved
FAIL0009233,TXN00198130,Payment Gateway Error,1,Resolved
FAIL0009234,TXN00198148,Payment Gateway Error,1,Resolved
FAIL0009235,TXN00198153,Bank Server Error,1,Unresolved
FAIL0009236,TXN00198197,Network Error,1,Resolved
FAIL0009237,TXN00198198,Bank Server Error,2,Resolved
FAIL0009238,TXN00198207,Limit Exceeded,1,Resolved
FAIL0009239,TXN00198239,Limit Exceeded,1,Resolved
FAIL0009240,TXN00198243,Network Error,1,Unresolved
FAIL0009241,TXN00198257,Bank Server Error,1,Resolved
FAIL0009242,TXN00198259,Network Error,1,Unresolved
FAIL0009243,TXN00198282,Bank Server Error,2,Resolved
FAIL0009244,TXN00198306,Payment Gateway Error,1,Unresolved
FAIL0009245,TXN00198337,Insufficient Balance,2,Resolved
FAIL0009246,TXN00198339,Bank Server Error,1,Unresolved
FAIL0009247,TXN00198348,Insufficient Balance,1,Unresolved
FAIL0009248,TXN00198354,Network Error,1,Unresolved
FAIL0009249,TXN00198356,Payment Gateway Error,1,Unresolved
FAIL0009250,TXN00198362,Limit Exceeded,1,Resolved
FAIL0009251,TXN00198363,Limit Exceeded,2,Resolved
FAIL0009252,TXN00198378,Payment Gateway Error,1,Resolved
FAIL0009253,TXN00198479,Network Error,2,Resolved
FAIL0009254,TXN00198480,Network Error,1,Resolved
FAIL0009255,TXN00198484,Invalid PIN,1,Unresolved
FAIL0009256,TXN00198497,Bank Server Error,2,Resolved
FAIL0009257,TXN00198510,Invalid PIN,1,Unresolved
FAIL0009258,TXN00198525,Limit Exceeded,1,Resolved
FAIL0009259,TXN00198535,Bank Server Error,2,Unresolved
FAIL0009260,TXN00198551,Invalid PIN,1,Unresolved
FAIL0009261,TXN00198578,Payment Gateway Error,3,Resolved
FAIL0009262,TXN00198615,Limit Exceeded,1,Resolved
FAIL0009263,TXN00198624,Limit Exceeded,1,Resolved
FAIL0009264,TXN00198636,Insufficient Balance,2,Resolved
FAIL0009265,TXN00198641,Payment Gateway Error,1,Unresolved
FAIL0009266,TXN00198658,Insufficient Balance,1,Resolved
FAIL0009267,TXN00198717,Bank Server Error,3,Resolved
FAIL0009268,TXN00198725,Bank Server Error,1,Resolved
FAIL0009269,TXN00198727,Insufficient Balance,2,Resolved
FAIL0009270,TXN00198743,Insufficient Balance,1,Resolved
FAIL0009271,TXN00198763,Limit Exceeded,1,Unresolved
FAIL0009272,TXN00198764,Insufficient Balance,3,Resolved
FAIL0009273,TXN00198765,Network Error,2,Resolved
FAIL0009274,TXN00198779,Invalid PIN,1,Unresolved
FAIL0009275,TXN00198846,Limit Exceeded,1,Unresolved
FAIL0009276,TXN00198886,Payment Gateway Error,1,Resolved
FAIL0009277,TXN00198896,Limit Exceeded,1,Resolved
FAIL0009278,TXN00198928,Bank Server Error,2,Resolved
FAIL0009279,TXN00199009,Insufficient Balance,1,Resolved
FAIL0009280,TXN00199021,Limit Exceeded,1,Resolved
FAIL0009281,TXN00199073,Insufficient Balance,1,Resolved
FAIL0009282,TXN00199092,Insufficient Balance,1,Resolved
FAIL0009283,TXN00199132,Network Error,1,Resolved
FAIL0009284,TXN00199246,Bank Server Error,1,Unresolved
FAIL0009285,TXN00199250,Payment Gateway Error,1,Resolved
FAIL0009286,TXN00199277,Insufficient Balance,1,Unresolved
FAIL0009287,TXN00199304,Payment Gateway Error,1,Resolved
FAIL0009288,TXN00199357,Payment Gateway Error,1,Resolved
FAIL0009289,TXN00199371,Bank Server Error,1,Unresolved
FAIL0009290,TXN00199374,Network Error,1,Resolved
FAIL0009291,TXN00199389,Limit Exceeded,1,Unresolved
FAIL0009292,TXN00199405,Payment Gateway Error,1,Resolved
FAIL0009293,TXN00199479,Invalid PIN,2,Resolved
FAIL0009294,TXN00199483,Payment Gateway Error,1,Resolved
FAIL0009295,TXN00199489,Limit Exceeded,1,Resolved
FAIL0009296,TXN00199498,Network Error,1,Resolved
FAIL0009297,TXN00199501,Bank Server Error,2,Resolved
FAIL0009298,TXN00199564,Payment Gateway Error,1,Resolved
FAIL0009299,TXN00199567,Network Error,1,Resolved
FAIL0009300,TXN00199589,Limit Exceeded,2,Resolved
FAIL0009301,TXN00199617,Bank Server Error,1,Unresolved
FAIL0009302,TXN00199661,Payment Gateway Error,1,Resolved
FAIL0009303,TXN00199725,Limit Exceeded,3,Resolved
FAIL0009304,TXN00199731,Bank Server Error,1,Resolved
FAIL0009305,TXN00199738,Timeout,2,Resolved
FAIL0009306,TXN00199752,Bank Server Error,1,Resolved
FAIL0009307,TXN00199755,Network Error,2,Resolved
FAIL0009308,TXN00199770,Invalid PIN,1,Resolved
FAIL0009309,TXN00199793,Bank Server Error,2,Unresolved
FAIL0009310,TXN00199809,Bank Server Error,2,Resolved
FAIL0009311,TXN00199811,Limit Exceeded,1,Resolved
FAIL0009312,TXN00199849,Insufficient Balance,1,Resolved
FAIL0009313,TXN00199859,Limit Exceeded,1,Unresolved
FAIL0009314,TXN00199934,Limit Exceeded,1,Resolved
FAIL0009315,TXN00199955,Limit Exceeded,1,Resolved
FAIL0009316,TXN00199958,Network Error,1,Resolved
FAIL0009317,TXN00200034,Limit Exceeded,1,Unresolved
FAIL0009318,TXN00200038,Insufficient Balance,1,Unresolved
FAIL0009319,TXN00200054,Insufficient Balance,1,Unresolved
FAIL0009320,TXN00200117,Network Error,1,Resolved
FAIL0009321,TXN00200130,Insufficient Balance,1,Unresolved
FAIL0009322,TXN00200167,Payment Gateway Error,2,Resolved
FAIL0009323,TXN00200176,Bank Server Error,2,Resolved
FAIL0009324,TXN00200184,Bank Server Error,1,Unresolved
FAIL0009325,TXN00200194,Insufficient Balance,2,Resolved
FAIL0009326,TXN00200201,Timeout,1,Unresolved
FAIL0009327,TXN00200210,Payment Gateway Error,1,Unresolved
FAIL0009328,TXN00200232,Bank Server Error,1,Unresolved
FAIL0009329,TXN00200247,Limit Exceeded,1,Unresolved
FAIL0009330,TXN00200356,Payment Gateway Error,1,Unresolved
FAIL0009331,TXN00200409,Payment Gateway Error,1,Unresolved
FAIL0009332,TXN00200420,Payment Gateway Error,1,Unresolved
FAIL0009333,TXN00200421,Network Error,1,Resolved
FAIL0009334,TXN00200425,Invalid PIN,1,Resolved
FAIL0009335,TXN00200450,Payment Gateway Error,1,Unresolved
FAIL0009336,TXN00200461,Limit Exceeded,1,Unresolved
FAIL0009337,TXN00200510,Bank Server Error,2,Resolved
FAIL0009338,TXN00200516,Payment Gateway Error,1,Resolved
FAIL0009339,TXN00200554,Invalid PIN,1,Unresolved
FAIL0009340,TXN00200569,Payment Gateway Error,2,Resolved
FAIL0009341,TXN00200570,Invalid PIN,1,Unresolved
FAIL0009342,TXN00200613,Network Error,1,Unresolved
FAIL0009343,TXN00200621,Payment Gateway Error,2,Resolved
FAIL0009344,TXN00200643,Network Error,1,Resolved
FAIL0009345,TXN00200685,Payment Gateway Error,1,Unresolved
FAIL0009346,TXN00200687,Bank Server Error,1,Unresolved
FAIL0009347,TXN00200690,Payment Gateway Error,2,Resolved
FAIL0009348,TXN00200711,Network Error,2,Resolved
FAIL0009349,TXN00200742,Bank Server Error,1,Unresolved
FAIL0009350,TXN00200745,Bank Server Error,1,Unresolved
FAIL0009351,TXN00200802,Network Error,1,Unresolved
FAIL0009352,TXN00200817,Bank Server Error,3,Resolved
FAIL0009353,TXN00200863,Payment Gateway Error,2,Resolved
FAIL0009354,TXN00200879,Payment Gateway Error,1,Resolved
FAIL0009355,TXN00200905,Bank Server Error,1,Resolved
FAIL0009356,TXN00200944,Limit Exceeded,1,Unresolved
FAIL0009357,TXN00200953,Timeout,3,Unresolved
FAIL0009358,TXN00200960,Payment Gateway Error,1,Unresolved
FAIL0009359,TXN00200974,Bank Server Error,1,Resolved
FAIL0009360,TXN00200997,Timeout,2,Resolved
FAIL0009361,TXN00201000,Insufficient Balance,1,Unresolved
FAIL0009362,TXN00201046,Invalid PIN,3,Resolved
FAIL0009363,TXN00201050,Network Error,2,Resolved
FAIL0009364,TXN00201080,Payment Gateway Error,1,Unresolved
FAIL0009365,TXN00201121,Limit Exceeded,3,Resolved
FAIL0009366,TXN00201176,Limit Exceeded,1,Resolved
FAIL0009367,TXN00201206,Limit Exceeded,1,Resolved
FAIL0009368,TXN00201218,Insufficient Balance,1,Resolved
FAIL0009369,TXN00201223,Limit Exceeded,1,Unresolved
FAIL0009370,TXN00201260,Network Error,1,Unresolved
FAIL0009371,TXN00201281,Invalid PIN,1,Resolved
FAIL0009372,TXN00201292,Limit Exceeded,1,Unresolved
FAIL0009373,TXN00201338,Timeout,1,Unresolved
FAIL0009374,TXN00201348,Limit Exceeded,2,Resolved
FAIL0009375,TXN00201350,Insufficient Balance,1,Resolved
FAIL0009376,TXN00201379,Bank Server Error,1,Resolved
FAIL0009377,TXN00201380,Timeout,1,Resolved
FAIL0009378,TXN00201394,Bank Server Error,1,Unresolved
FAIL0009379,TXN00201441,Limit Exceeded,2,Resolved
FAIL0009380,TXN00201449,Insufficient Balance,1,Resolved
FAIL0009381,TXN00201483,Insufficient Balance,1,Resolved
FAIL0009382,TXN00201491,Limit Exceeded,1,Resolved
FAIL0009383,TXN00201516,Payment Gateway Error,1,Resolved
FAIL0009384,TXN00201596,Payment Gateway Error,1,Unresolved
FAIL0009385,TXN00201597,Insufficient Balance,1,Resolved
FAIL0009386,TXN00201622,Insufficient Balance,1,Resolved
FAIL0009387,TXN00201655,Insufficient Balance,2,Resolved
FAIL0009388,TXN00201714,Payment Gateway Error,1,Unresolved
FAIL0009389,TXN00201756,Payment Gateway Error,2,Resolved
FAIL0009390,TXN00201770,Bank Server Error,1,Resolved
FAIL0009391,TXN00201786,Network Error,1,Unresolved
FAIL0009392,TXN00201818,Bank Server Error,1,Unresolved
FAIL0009393,TXN00201860,Insufficient Balance,1,Resolved
FAIL0009394,TXN00201919,Network Error,2,Resolved
FAIL0009395,TXN00201991,Invalid PIN,2,Resolved
FAIL0009396,TXN00202016,Insufficient Balance,2,Unresolved
FAIL0009397,TXN00202018,Limit Exceeded,2,Resolved
FAIL0009398,TXN00202037,Network Error,3,Resolved
FAIL0009399,TXN00202050,Bank Server Error,1,Resolved
FAIL0009400,TXN00202053,Payment Gateway Error,1,Unresolved
FAIL0009401,TXN00202057,Payment Gateway Error,2,Resolved
FAIL0009402,TXN00202063,Payment Gateway Error,1,Unresolved
FAIL0009403,TXN00202108,Payment Gateway Error,1,Resolved
FAIL0009404,TXN00202122,Bank Server Error,3,Resolved
FAIL0009405,TXN00202143,Insufficient Balance,2,Resolved
FAIL0009406,TXN00202177,Invalid PIN,1,Unresolved
FAIL0009407,TXN00202210,Insufficient Balance,1,Unresolved
FAIL0009408,TXN00202231,Network Error,1,Resolved
FAIL0009409,TXN00202232,Network Error,2,Resolved
FAIL0009410,TXN00202233,Network Error,1,Resolved
FAIL0009411,TXN00202239,Bank Server Error,1,Unresolved
FAIL0009412,TXN00202249,Network Error,2,Resolved
FAIL0009413,TXN00202252,Bank Server Error,1,Unresolved
FAIL0009414,TXN00202273,Timeout,1,Resolved
FAIL0009415,TXN00202278,Network Error,2,Resolved
FAIL0009416,TXN00202289,Network Error,2,Unresolved
FAIL0009417,TXN00202327,Network Error,2,Resolved
FAIL0009418,TXN00202334,Payment Gateway Error,1,Resolved
FAIL0009419,TXN00202352,Timeout,2,Resolved
FAIL0009420,TXN00202373,Network Error,1,Resolved
FAIL0009421,TXN00202381,Bank Server Error,1,Unresolved
FAIL0009422,TXN00202383,Bank Server Error,1,Unresolved
FAIL0009423,TXN00202408,Insufficient Balance,1,Resolved
FAIL0009424,TXN00202411,Payment Gateway Error,2,Unresolved
FAIL0009425,TXN00202457,Invalid PIN,1,Resolved
FAIL0009426,TXN00202482,Bank Server Error,1,Resolved
FAIL0009427,TXN00202510,Limit Exceeded,2,Unresolved
FAIL0009428,TXN00202524,Limit Exceeded,2,Resolved
FAIL0009429,TXN00202548,Bank Server Error,1,Resolved
FAIL0009430,TXN00202549,Timeout,1,Unresolved
FAIL0009431,TXN00202575,Limit Exceeded,1,Resolved
FAIL0009432,TXN00202587,Payment Gateway Error,2,Resolved
FAIL0009433,TXN00202592,Limit Exceeded,1,Resolved
FAIL0009434,TXN00202625,Bank Server Error,1,Resolved
FAIL0009435,TXN00202669,Network Error,1,Unresolved
FAIL0009436,TXN00202674,Bank Server Error,1,Resolved
FAIL0009437,TXN00202720,Limit Exceeded,3,Resolved
FAIL0009438,TXN00202727,Bank Server Error,1,Resolved
FAIL0009439,TXN00202738,Timeout,1,Unresolved
FAIL0009440,TXN00202759,Payment Gateway Error,3,Resolved
FAIL0009441,TXN00202797,Limit Exceeded,1,Unresolved
FAIL0009442,TXN00202856,Network Error,2,Unresolved
FAIL0009443,TXN00202874,Payment Gateway Error,1,Resolved
FAIL0009444,TXN00202875,Insufficient Balance,3,Resolved
FAIL0009445,TXN00202889,Invalid PIN,1,Unresolved
FAIL0009446,TXN00202894,Network Error,1,Unresolved
FAIL0009447,TXN00202897,Payment Gateway Error,1,Unresolved
FAIL0009448,TXN00202907,Insufficient Balance,1,Resolved
FAIL0009449,TXN00202915,Bank Server Error,1,Unresolved
FAIL0009450,TXN00202947,Bank Server Error,2,Resolved
FAIL0009451,TXN00202968,Insufficient Balance,1,Unresolved
FAIL0009452,TXN00203033,Limit Exceeded,1,Unresolved
FAIL0009453,TXN00203057,Limit Exceeded,1,Resolved
FAIL0009454,TXN00203113,Payment Gateway Error,2,Resolved
FAIL0009455,TXN00203150,Invalid PIN,1,Resolved
FAIL0009456,TXN00203151,Insufficient Balance,1,Resolved
FAIL0009457,TXN00203211,Network Error,1,Resolved
FAIL0009458,TXN00203308,Limit Exceeded,1,Resolved
FAIL0009459,TXN00203309,Bank Server Error,3,Resolved
FAIL0009460,TXN00203339,Bank Server Error,1,Resolved
FAIL0009461,TXN00203352,Bank Server Error,1,Unresolved
FAIL0009462,TXN00203377,Timeout,2,Unresolved
FAIL0009463,TXN00203397,Bank Server Error,1,Unresolved
FAIL0009464,TXN00203419,Insufficient Balance,2,Resolved
FAIL0009465,TXN00203461,Invalid PIN,1,Unresolved
FAIL0009466,TXN00203465,Insufficient Balance,1,Unresolved
FAIL0009467,TXN00203528,Payment Gateway Error,1,Unresolved
FAIL0009468,TXN00203534,Network Error,1,Resolved
FAIL0009469,TXN00203565,Bank Server Error,3,Unresolved
FAIL0009470,TXN00203582,Invalid PIN,1,Resolved
FAIL0009471,TXN00203601,Invalid PIN,2,Resolved
FAIL0009472,TXN00203615,Limit Exceeded,1,Unresolved
FAIL0009473,TXN00203646,Insufficient Balance,1,Resolved
FAIL0009474,TXN00203689,Insufficient Balance,1,Unresolved
FAIL0009475,TXN00203706,Limit Exceeded,1,Unresolved
FAIL0009476,TXN00203715,Payment Gateway Error,1,Resolved
FAIL0009477,TXN00203721,Payment Gateway Error,1,Resolved
FAIL0009478,TXN00203735,Network Error,1,Unresolved
FAIL0009479,TXN00203742,Insufficient Balance,2,Resolved
FAIL0009480,TXN00203751,Invalid PIN,2,Resolved
FAIL0009481,TXN00203760,Network Error,2,Resolved
FAIL0009482,TXN00203849,Network Error,1,Unresolved
FAIL0009483,TXN00203877,Payment Gateway Error,1,Resolved
FAIL0009484,TXN00203887,Invalid PIN,3,Unresolved
FAIL0009485,TXN00203909,Payment Gateway Error,2,Resolved
FAIL0009486,TXN00203915,Insufficient Balance,2,Resolved
FAIL0009487,TXN00203916,Bank Server Error,1,Resolved
FAIL0009488,TXN00203932,Network Error,1,Unresolved
FAIL0009489,TXN00203937,Network Error,1,Unresolved
FAIL0009490,TXN00203964,Payment Gateway Error,1,Unresolved
FAIL0009491,TXN00203981,Limit Exceeded,2,Resolved
FAIL0009492,TXN00204010,Payment Gateway Error,1,Resolved
FAIL0009493,TXN00204023,Timeout,1,Unresolved
FAIL0009494,TXN00204085,Timeout,1,Unresolved
FAIL0009495,TXN00204089,Invalid PIN,2,Resolved
FAIL0009496,TXN00204093,Invalid PIN,2,Resolved
FAIL0009497,TXN00204128,Insufficient Balance,1,Unresolved
FAIL0009498,TXN00204137,Limit Exceeded,1,Unresolved
FAIL0009499,TXN00204163,Limit Exceeded,1,Resolved
FAIL0009500,TXN00204166,Limit Exceeded,1,Unresolved
FAIL0009501,TXN00204172,Bank Server Error,1,Resolved
FAIL0009502,TXN00204182,Limit Exceeded,1,Resolved
FAIL0009503,TXN00204185,Bank Server Error,1,Resolved
FAIL0009504,TXN00204208,Bank Server Error,1,Resolved
FAIL0009505,TXN00204259,Network Error,1,Resolved
FAIL0009506,TXN00204321,Payment Gateway Error,1,Resolved
FAIL0009507,TXN00204348,Bank Server Error,1,Resolved
FAIL0009508,TXN00204349,Limit Exceeded,1,Resolved
FAIL0009509,TXN00204364,Network Error,1,Unresolved
FAIL0009510,TXN00204372,Bank Server Error,2,Resolved
FAIL0009511,TXN00204377,Insufficient Balance,1,Unresolved
FAIL0009512,TXN00204395,Network Error,1,Resolved
FAIL0009513,TXN00204412,Bank Server Error,1,Unresolved
FAIL0009514,TXN00204432,Insufficient Balance,2,Resolved
FAIL0009515,TXN00204501,Limit Exceeded,1,Unresolved
FAIL0009516,TXN00204516,Limit Exceeded,1,Unresolved
FAIL0009517,TXN00204538,Bank Server Error,1,Unresolved
FAIL0009518,TXN00204547,Insufficient Balance,1,Unresolved
FAIL0009519,TXN00204557,Limit Exceeded,1,Unresolved
FAIL0009520,TXN00204583,Limit Exceeded,1,Resolved
FAIL0009521,TXN00204607,Bank Server Error,1,Resolved
FAIL0009522,TXN00204620,Network Error,1,Unresolved
FAIL0009523,TXN00204658,Timeout,1,Resolved
FAIL0009524,TXN00204667,Limit Exceeded,1,Resolved
FAIL0009525,TXN00204685,Bank Server Error,2,Resolved
FAIL0009526,TXN00204723,Limit Exceeded,1,Resolved
FAIL0009527,TXN00204724,Invalid PIN,2,Resolved
FAIL0009528,TXN00204737,Payment Gateway Error,2,Resolved
FAIL0009529,TXN00204751,Timeout,1,Unresolved
FAIL0009530,TXN00204758,Network Error,1,Resolved
FAIL0009531,TXN00204760,Bank Server Error,1,Unresolved
FAIL0009532,TXN00204791,Network Error,1,Resolved
FAIL0009533,TXN00204796,Payment Gateway Error,1,Unresolved
FAIL0009534,TXN00204800,Insufficient Balance,1,Unresolved
FAIL0009535,TXN00204826,Bank Server Error,1,Unresolved
FAIL0009536,TXN00204911,Network Error,1,Resolved
FAIL0009537,TXN00204918,Insufficient Balance,1,Resolved
FAIL0009538,TXN00204930,Bank Server Error,1,Resolved
FAIL0009539,TXN00204946,Limit Exceeded,2,Resolved
FAIL0009540,TXN00204957,Bank Server Error,1,Unresolved
FAIL0009541,TXN00205020,Bank Server Error,2,Resolved
FAIL0009542,TXN00205042,Payment Gateway Error,1,Unresolved
FAIL0009543,TXN00205058,Limit Exceeded,2,Resolved
FAIL0009544,TXN00205064,Bank Server Error,2,Resolved
FAIL0009545,TXN00205067,Network Error,1,Unresolved
FAIL0009546,TXN00205104,Bank Server Error,1,Unresolved
FAIL0009547,TXN00205130,Network Error,1,Unresolved
FAIL0009548,TXN00205145,Timeout,1,Unresolved
FAIL0009549,TXN00205163,Invalid PIN,1,Unresolved
FAIL0009550,TXN00205180,Limit Exceeded,1,Resolved
FAIL0009551,TXN00205197,Bank Server Error,1,Unresolved
FAIL0009552,TXN00205204,Payment Gateway Error,2,Unresolved
FAIL0009553,TXN00205222,Insufficient Balance,1,Resolved
FAIL0009554,TXN00205266,Insufficient Balance,1,Resolved
FAIL0009555,TXN00205361,Network Error,1,Unresolved
FAIL0009556,TXN00205365,Bank Server Error,1,Unresolved
FAIL0009557,TXN00205371,Payment Gateway Error,1,Resolved
FAIL0009558,TXN00205380,Payment Gateway Error,1,Resolved
FAIL0009559,TXN00205394,Payment Gateway Error,2,Resolved
FAIL0009560,TXN00205398,Payment Gateway Error,3,Resolved
FAIL0009561,TXN00205413,Payment Gateway Error,1,Unresolved
FAIL0009562,TXN00205453,Insufficient Balance,2,Resolved
FAIL0009563,TXN00205460,Limit Exceeded,1,Resolved
FAIL0009564,TXN00205528,Invalid PIN,1,Unresolved
FAIL0009565,TXN00205529,Insufficient Balance,2,Resolved
FAIL0009566,TXN00205624,Bank Server Error,2,Resolved
FAIL0009567,TXN00205635,Invalid PIN,3,Resolved
FAIL0009568,TXN00205646,Bank Server Error,3,Resolved
FAIL0009569,TXN00205653,Payment Gateway Error,1,Unresolved
FAIL0009570,TXN00205686,Limit Exceeded,1,Unresolved
FAIL0009571,TXN00205687,Payment Gateway Error,1,Resolved
FAIL0009572,TXN00205697,Bank Server Error,1,Resolved
FAIL0009573,TXN00205717,Limit Exceeded,2,Unresolved
FAIL0009574,TXN00205730,Insufficient Balance,1,Resolved
FAIL0009575,TXN00205744,Insufficient Balance,3,Resolved
FAIL0009576,TXN00205748,Limit Exceeded,1,Resolved
FAIL0009577,TXN00205822,Insufficient Balance,1,Unresolved
FAIL0009578,TXN00205839,Payment Gateway Error,1,Unresolved
FAIL0009579,TXN00205847,Network Error,1,Unresolved
FAIL0009580,TXN00205881,Bank Server Error,2,Resolved
FAIL0009581,TXN00205885,Payment Gateway Error,1,Resolved
FAIL0009582,TXN00205894,Limit Exceeded,1,Resolved
FAIL0009583,TXN00205898,Network Error,1,Resolved
FAIL0009584,TXN00205910,Network Error,2,Resolved
FAIL0009585,TXN00205924,Network Error,1,Resolved
FAIL0009586,TXN00205974,Insufficient Balance,3,Resolved
FAIL0009587,TXN00205990,Payment Gateway Error,1,Unresolved
FAIL0009588,TXN00205996,Insufficient Balance,2,Unresolved
FAIL0009589,TXN00206018,Timeout,2,Unresolved
FAIL0009590,TXN00206066,Bank Server Error,1,Resolved
FAIL0009591,TXN00206067,Payment Gateway Error,2,Resolved
FAIL0009592,TXN00206074,Bank Server Error,1,Unresolved
FAIL0009593,TXN00206080,Invalid PIN,1,Unresolved
FAIL0009594,TXN00206094,Network Error,1,Unresolved
FAIL0009595,TXN00206107,Limit Exceeded,2,Resolved
FAIL0009596,TXN00206116,Limit Exceeded,1,Resolved
FAIL0009597,TXN00206121,Timeout,1,Resolved
FAIL0009598,TXN00206186,Insufficient Balance,1,Unresolved
FAIL0009599,TXN00206218,Bank Server Error,1,Resolved
FAIL0009600,TXN00206221,Payment Gateway Error,2,Unresolved
FAIL0009601,TXN00206226,Payment Gateway Error,1,Resolved
FAIL0009602,TXN00206227,Network Error,2,Unresolved
FAIL0009603,TXN00206277,Insufficient Balance,1,Unresolved
FAIL0009604,TXN00206296,Payment Gateway Error,1,Unresolved
FAIL0009605,TXN00206307,Payment Gateway Error,1,Resolved
FAIL0009606,TXN00206385,Payment Gateway Error,1,Resolved
FAIL0009607,TXN00206390,Limit Exceeded,2,Unresolved
FAIL0009608,TXN00206410,Network Error,2,Resolved
FAIL0009609,TXN00206437,Limit Exceeded,2,Resolved
FAIL0009610,TXN00206447,Bank Server Error,1,Unresolved
FAIL0009611,TXN00206493,Limit Exceeded,1,Resolved
FAIL0009612,TXN00206533,Limit Exceeded,1,Resolved
FAIL0009613,TXN00206543,Invalid PIN,1,Resolved
FAIL0009614,TXN00206564,Insufficient Balance,2,Resolved
FAIL0009615,TXN00206572,Bank Server Error,1,Unresolved
FAIL0009616,TXN00206609,Timeout,1,Resolved
FAIL0009617,TXN00206614,Limit Exceeded,1,Unresolved
FAIL0009618,TXN00206636,Limit Exceeded,2,Resolved
FAIL0009619,TXN00206721,Limit Exceeded,2,Resolved
FAIL0009620,TXN00206727,Payment Gateway Error,1,Resolved
FAIL0009621,TXN00206768,Limit Exceeded,2,Resolved
FAIL0009622,TXN00206783,Payment Gateway Error,2,Resolved
FAIL0009623,TXN00206793,Insufficient Balance,1,Unresolved
FAIL0009624,TXN00206796,Payment Gateway Error,2,Unresolved
FAIL0009625,TXN00206808,Bank Server Error,1,Resolved
FAIL0009626,TXN00206814,Network Error,1,Resolved
FAIL0009627,TXN00206832,Limit Exceeded,2,Resolved
FAIL0009628,TXN00206833,Insufficient Balance,1,Unresolved
FAIL0009629,TXN00206836,Limit Exceeded,1,Unresolved
FAIL0009630,TXN00206837,Insufficient Balance,2,Resolved
FAIL0009631,TXN00206848,Network Error,2,Resolved
FAIL0009632,TXN00206876,Insufficient Balance,1,Unresolved
FAIL0009633,TXN00206879,Invalid PIN,2,Resolved
FAIL0009634,TXN00206900,Payment Gateway Error,1,Resolved
FAIL0009635,TXN00206914,Network Error,1,Resolved
FAIL0009636,TXN00206922,Insufficient Balance,1,Resolved
FAIL0009637,TXN00206947,Bank Server Error,2,Resolved
FAIL0009638,TXN00206972,Limit Exceeded,1,Resolved
FAIL0009639,TXN00206979,Bank Server Error,1,Resolved
FAIL0009640,TXN00206992,Payment Gateway Error,3,Resolved
FAIL0009641,TXN00207002,Insufficient Balance,1,Unresolved
FAIL0009642,TXN00207016,Limit Exceeded,2,Resolved
FAIL0009643,TXN00207029,Timeout,2,Unresolved
FAIL0009644,TXN00207065,Limit Exceeded,1,Unresolved
FAIL0009645,TXN00207094,Bank Server Error,3,Unresolved
FAIL0009646,TXN00207125,Insufficient Balance,2,Resolved
FAIL0009647,TXN00207144,Payment Gateway Error,1,Resolved
FAIL0009648,TXN00207148,Bank Server Error,1,Resolved
FAIL0009649,TXN00207158,Invalid PIN,1,Resolved
FAIL0009650,TXN00207189,Network Error,1,Unresolved
FAIL0009651,TXN00207219,Network Error,1,Resolved
FAIL0009652,TXN00207223,Payment Gateway Error,1,Unresolved
FAIL0009653,TXN00207229,Insufficient Balance,1,Unresolved
FAIL0009654,TXN00207259,Insufficient Balance,1,Unresolved
FAIL0009655,TXN00207269,Limit Exceeded,2,Resolved
FAIL0009656,TXN00207311,Limit Exceeded,1,Unresolved
FAIL0009657,TXN00207337,Bank Server Error,1,Resolved
FAIL0009658,TXN00207367,Insufficient Balance,3,Resolved
FAIL0009659,TXN00207370,Bank Server Error,1,Resolved
FAIL0009660,TXN00207392,Limit Exceeded,2,Unresolved
FAIL0009661,TXN00207415,Payment Gateway Error,1,Unresolved
FAIL0009662,TXN00207419,Insufficient Balance,2,Resolved
FAIL0009663,TXN00207420,Timeout,1,Resolved
FAIL0009664,TXN00207432,Payment Gateway Error,1,Unresolved
FAIL0009665,TXN00207466,Payment Gateway Error,2,Resolved
FAIL0009666,TXN00207546,Bank Server Error,1,Resolved
FAIL0009667,TXN00207556,Insufficient Balance,3,Resolved
FAIL0009668,TXN00207574,Invalid PIN,1,Resolved
FAIL0009669,TXN00207576,Limit Exceeded,1,Resolved
FAIL0009670,TXN00207580,Insufficient Balance,2,Unresolved
FAIL0009671,TXN00207615,Network Error,2,Resolved
FAIL0009672,TXN00207624,Network Error,2,Resolved
FAIL0009673,TXN00207646,Invalid PIN,1,Unresolved
FAIL0009674,TXN00207661,Bank Server Error,1,Resolved
FAIL0009675,TXN00207674,Insufficient Balance,3,Resolved
FAIL0009676,TXN00207675,Limit Exceeded,1,Unresolved
FAIL0009677,TXN00207678,Insufficient Balance,2,Resolved
FAIL0009678,TXN00207772,Payment Gateway Error,1,Unresolved
FAIL0009679,TXN00207838,Limit Exceeded,1,Resolved
FAIL0009680,TXN00207875,Payment Gateway Error,1,Unresolved
FAIL0009681,TXN00207895,Payment Gateway Error,1,Resolved
FAIL0009682,TXN00207917,Bank Server Error,1,Resolved
FAIL0009683,TXN00207923,Payment Gateway Error,3,Resolved
FAIL0009684,TXN00207963,Invalid PIN,1,Unresolved
FAIL0009685,TXN00207964,Network Error,3,Resolved
FAIL0009686,TXN00207982,Bank Server Error,2,Resolved
FAIL0009687,TXN00208004,Limit Exceeded,1,Resolved
FAIL0009688,TXN00208089,Network Error,1,Unresolved
FAIL0009689,TXN00208125,Invalid PIN,1,Resolved
FAIL0009690,TXN00208232,Timeout,1,Unresolved
FAIL0009691,TXN00208260,Insufficient Balance,2,Unresolved
FAIL0009692,TXN00208263,Invalid PIN,1,Resolved
FAIL0009693,TXN00208271,Bank Server Error,2,Resolved
FAIL0009694,TXN00208294,Insufficient Balance,1,Unresolved
FAIL0009695,TXN00208334,Payment Gateway Error,1,Unresolved
FAIL0009696,TXN00208409,Invalid PIN,1,Resolved
FAIL0009697,TXN00208466,Bank Server Error,3,Resolved
FAIL0009698,TXN00208490,Insufficient Balance,1,Unresolved
FAIL0009699,TXN00208500,Invalid PIN,1,Unresolved
FAIL0009700,TXN00208503,Invalid PIN,1,Resolved
FAIL0009701,TXN00208509,Payment Gateway Error,1,Resolved
FAIL0009702,TXN00208556,Bank Server Error,2,Resolved
FAIL0009703,TXN00208571,Invalid PIN,1,Resolved
FAIL0009704,TXN00208613,Limit Exceeded,1,Resolved
FAIL0009705,TXN00208632,Network Error,1,Resolved
FAIL0009706,TXN00208650,Limit Exceeded,1,Unresolved
FAIL0009707,TXN00208664,Limit Exceeded,1,Unresolved
FAIL0009708,TXN00208670,Bank Server Error,1,Resolved
FAIL0009709,TXN00208685,Network Error,1,Unresolved
FAIL0009710,TXN00208726,Limit Exceeded,1,Unresolved
FAIL0009711,TXN00208737,Limit Exceeded,1,Unresolved
FAIL0009712,TXN00208772,Invalid PIN,1,Unresolved
FAIL0009713,TXN00208781,Bank Server Error,1,Unresolved
FAIL0009714,TXN00208821,Insufficient Balance,1,Unresolved
FAIL0009715,TXN00208853,Limit Exceeded,1,Unresolved
FAIL0009716,TXN00208900,Invalid PIN,2,Resolved
FAIL0009717,TXN00208906,Insufficient Balance,1,Resolved
FAIL0009718,TXN00208918,Insufficient Balance,1,Unresolved
FAIL0009719,TXN00208926,Network Error,1,Resolved
FAIL0009720,TXN00208958,Bank Server Error,1,Unresolved
FAIL0009721,TXN00209039,Insufficient Balance,1,Resolved
FAIL0009722,TXN00209040,Payment Gateway Error,2,Resolved
FAIL0009723,TXN00209100,Insufficient Balance,1,Resolved
FAIL0009724,TXN00209103,Payment Gateway Error,1,Resolved
FAIL0009725,TXN00209108,Timeout,1,Resolved
FAIL0009726,TXN00209117,Insufficient Balance,1,Unresolved
FAIL0009727,TXN00209156,Network Error,1,Unresolved
FAIL0009728,TXN00209194,Limit Exceeded,1,Unresolved
FAIL0009729,TXN00209201,Insufficient Balance,1,Resolved
FAIL0009730,TXN00209248,Timeout,1,Resolved
FAIL0009731,TXN00209314,Network Error,3,Resolved
FAIL0009732,TXN00209327,Insufficient Balance,2,Unresolved
FAIL0009733,TXN00209354,Insufficient Balance,1,Resolved
FAIL0009734,TXN00209360,Network Error,1,Resolved
FAIL0009735,TXN00209394,Insufficient Balance,1,Unresolved
FAIL0009736,TXN00209427,Limit Exceeded,1,Unresolved
FAIL0009737,TXN00209448,Bank Server Error,1,Unresolved
FAIL0009738,TXN00209472,Limit Exceeded,1,Resolved
FAIL0009739,TXN00209488,Bank Server Error,1,Unresolved
FAIL0009740,TXN00209526,Insufficient Balance,1,Resolved
FAIL0009741,TXN00209536,Network Error,1,Resolved
FAIL0009742,TXN00209545,Timeout,1,Resolved
FAIL0009743,TXN00209550,Limit Exceeded,2,Resolved
FAIL0009744,TXN00209553,Payment Gateway Error,1,Unresolved
FAIL0009745,TXN00209559,Timeout,1,Resolved
FAIL0009746,TXN00209567,Network Error,1,Resolved
FAIL0009747,TXN00209608,Insufficient Balance,2,Resolved
FAIL0009748,TXN00209622,Insufficient Balance,1,Unresolved
FAIL0009749,TXN00209637,Bank Server Error,1,Resolved
FAIL0009750,TXN00209704,Payment Gateway Error,3,Resolved
FAIL0009751,TXN00209713,Network Error,2,Resolved
FAIL0009752,TXN00209760,Insufficient Balance,1,Resolved
FAIL0009753,TXN00209771,Payment Gateway Error,2,Unresolved
FAIL0009754,TXN00209811,Invalid PIN,1,Unresolved
FAIL0009755,TXN00209877,Invalid PIN,3,Resolved
FAIL0009756,TXN00209885,Payment Gateway Error,2,Resolved
FAIL0009757,TXN00209888,Insufficient Balance,2,Resolved
FAIL0009758,TXN00209898,Bank Server Error,1,Resolved
FAIL0009759,TXN00209915,Bank Server Error,1,Unresolved
FAIL0009760,TXN00209917,Bank Server Error,1,Resolved
FAIL0009761,TXN00209928,Limit Exceeded,1,Resolved
FAIL0009762,TXN00209993,Bank Server Error,1,Unresolved
FAIL0009763,TXN00209999,Timeout,1,Resolved
FAIL0009764,TXN00210011,Limit Exceeded,1,Resolved
FAIL0009765,TXN00210024,Payment Gateway Error,3,Resolved
FAIL0009766,TXN00210029,Limit Exceeded,1,Unresolved
FAIL0009767,TXN00210031,Network Error,2,Resolved
FAIL0009768,TXN00210045,Bank Server Error,1,Unresolved
FAIL0009769,TXN00210071,Network Error,1,Resolved
FAIL0009770,TXN00210095,Timeout,2,Resolved
FAIL0009771,TXN00210139,Payment Gateway Error,1,Unresolved
FAIL0009772,TXN00210141,Bank Server Error,1,Resolved
FAIL0009773,TXN00210180,Network Error,1,Unresolved
FAIL0009774,TXN00210187,Payment Gateway Error,1,Resolved
FAIL0009775,TXN00210199,Insufficient Balance,1,Unresolved
FAIL0009776,TXN00210255,Insufficient Balance,3,Resolved
FAIL0009777,TXN00210257,Payment Gateway Error,1,Resolved
FAIL0009778,TXN00210262,Payment Gateway Error,2,Resolved
FAIL0009779,TXN00210298,Invalid PIN,1,Resolved
FAIL0009780,TXN00210303,Network Error,1,Resolved
FAIL0009781,TXN00210335,Network Error,2,Resolved
FAIL0009782,TXN00210356,Invalid PIN,1,Resolved
FAIL0009783,TXN00210362,Network Error,1,Resolved
FAIL0009784,TXN00210388,Bank Server Error,1,Resolved
FAIL0009785,TXN00210391,Insufficient Balance,1,Unresolved
FAIL0009786,TXN00210403,Timeout,1,Unresolved
FAIL0009787,TXN00210436,Invalid PIN,1,Resolved
FAIL0009788,TXN00210479,Limit Exceeded,2,Resolved
FAIL0009789,TXN00210497,Payment Gateway Error,1,Unresolved
FAIL0009790,TXN00210549,Insufficient Balance,1,Unresolved
FAIL0009791,TXN00210561,Invalid PIN,3,Resolved
FAIL0009792,TXN00210571,Limit Exceeded,1,Unresolved
FAIL0009793,TXN00210619,Payment Gateway Error,1,Unresolved
FAIL0009794,TXN00210622,Limit Exceeded,1,Resolved
FAIL0009795,TXN00210627,Bank Server Error,1,Resolved
FAIL0009796,TXN00210661,Bank Server Error,1,Unresolved
FAIL0009797,TXN00210675,Network Error,2,Resolved
FAIL0009798,TXN00210679,Bank Server Error,1,Unresolved
FAIL0009799,TXN00210697,Limit Exceeded,1,Unresolved
FAIL0009800,TXN00210741,Limit Exceeded,1,Resolved
FAIL0009801,TXN00210760,Insufficient Balance,1,Resolved
FAIL0009802,TXN00210777,Network Error,1,Resolved
FAIL0009803,TXN00210820,Insufficient Balance,1,Unresolved
FAIL0009804,TXN00210826,Network Error,2,Resolved
FAIL0009805,TXN00210850,Bank Server Error,3,Resolved
FAIL0009806,TXN00210855,Limit Exceeded,1,Resolved
FAIL0009807,TXN00210868,Network Error,1,Resolved
FAIL0009808,TXN00210897,Network Error,1,Unresolved
FAIL0009809,TXN00210909,Limit Exceeded,1,Unresolved
FAIL0009810,TXN00210934,Insufficient Balance,1,Resolved
FAIL0009811,TXN00210956,Limit Exceeded,1,Unresolved
FAIL0009812,TXN00210962,Limit Exceeded,1,Unresolved
FAIL0009813,TXN00210968,Bank Server Error,1,Resolved
FAIL0009814,TXN00210973,Insufficient Balance,1,Unresolved
FAIL0009815,TXN00210976,Invalid PIN,1,Resolved
FAIL0009816,TXN00210980,Bank Server Error,1,Resolved
FAIL0009817,TXN00211008,Network Error,2,Resolved
FAIL0009818,TXN00211046,Bank Server Error,2,Resolved
FAIL0009819,TXN00211057,Invalid PIN,1,Resolved
FAIL0009820,TXN00211070,Bank Server Error,1,Resolved
FAIL0009821,TXN00211077,Network Error,1,Resolved
FAIL0009822,TXN00211102,Payment Gateway Error,3,Resolved
FAIL0009823,TXN00211142,Insufficient Balance,2,Unresolved
FAIL0009824,TXN00211161,Invalid PIN,1,Resolved
FAIL0009825,TXN00211163,Timeout,1,Unresolved
FAIL0009826,TXN00211170,Timeout,1,Unresolved
FAIL0009827,TXN00211172,Bank Server Error,1,Resolved
FAIL0009828,TXN00211198,Limit Exceeded,2,Unresolved
FAIL0009829,TXN00211199,Payment Gateway Error,1,Resolved
FAIL0009830,TXN00211233,Invalid PIN,1,Unresolved
FAIL0009831,TXN00211235,Payment Gateway Error,1,Resolved
FAIL0009832,TXN00211263,Network Error,1,Resolved
FAIL0009833,TXN00211277,Limit Exceeded,1,Unresolved
FAIL0009834,TXN00211298,Limit Exceeded,1,Resolved
FAIL0009835,TXN00211300,Insufficient Balance,1,Unresolved
FAIL0009836,TXN00211313,Insufficient Balance,2,Unresolved
FAIL0009837,TXN00211326,Bank Server Error,2,Resolved
FAIL0009838,TXN00211335,Limit Exceeded,1,Resolved
FAIL0009839,TXN00211363,Payment Gateway Error,1,Resolved
FAIL0009840,TXN00211374,Insufficient Balance,1,Unresolved
FAIL0009841,TXN00211377,Bank Server Error,1,Resolved
FAIL0009842,TXN00211397,Payment Gateway Error,1,Resolved
FAIL0009843,TXN00211450,Timeout,1,Resolved
FAIL0009844,TXN00211459,Bank Server Error,1,Unresolved
FAIL0009845,TXN00211469,Insufficient Balance,2,Resolved
FAIL0009846,TXN00211480,Bank Server Error,1,Unresolved
FAIL0009847,TXN00211520,Insufficient Balance,1,Resolved
FAIL0009848,TXN00211527,Bank Server Error,2,Resolved
FAIL0009849,TXN00211568,Bank Server Error,2,Unresolved
FAIL0009850,TXN00211618,Timeout,1,Resolved
FAIL0009851,TXN00211645,Timeout,1,Resolved
FAIL0009852,TXN00211669,Insufficient Balance,1,Unresolved
FAIL0009853,TXN00211672,Limit Exceeded,1,Unresolved
FAIL0009854,TXN00211691,Limit Exceeded,2,Unresolved
FAIL0009855,TXN00211692,Network Error,1,Unresolved
FAIL0009856,TXN00211747,Bank Server Error,1,Resolved
FAIL0009857,TXN00211755,Bank Server Error,2,Unresolved
FAIL0009858,TXN00211786,Network Error,1,Unresolved
FAIL0009859,TXN00211821,Bank Server Error,2,Resolved
FAIL0009860,TXN00211846,Network Error,1,Unresolved
FAIL0009861,TXN00211871,Insufficient Balance,1,Resolved
FAIL0009862,TXN00211890,Network Error,1,Resolved
FAIL0009863,TXN00211914,Timeout,1,Unresolved
FAIL0009864,TXN00211916,Timeout,1,Unresolved
FAIL0009865,TXN00211984,Invalid PIN,1,Unresolved
FAIL0009866,TXN00212013,Bank Server Error,1,Resolved
FAIL0009867,TXN00212073,Bank Server Error,1,Resolved
FAIL0009868,TXN00212078,Network Error,1,Resolved
FAIL0009869,TXN00212091,Insufficient Balance,1,Resolved
FAIL0009870,TXN00212155,Network Error,1,Unresolved
FAIL0009871,TXN00212187,Timeout,2,Resolved
FAIL0009872,TXN00212198,Network Error,1,Unresolved
FAIL0009873,TXN00212200,Bank Server Error,2,Unresolved
FAIL0009874,TXN00212202,Bank Server Error,1,Resolved
FAIL0009875,TXN00212220,Bank Server Error,1,Unresolved
FAIL0009876,TXN00212238,Insufficient Balance,1,Unresolved
FAIL0009877,TXN00212279,Bank Server Error,1,Resolved
FAIL0009878,TXN00212298,Invalid PIN,2,Unresolved
FAIL0009879,TXN00212330,Bank Server Error,1,Resolved
FAIL0009880,TXN00212344,Payment Gateway Error,1,Unresolved
FAIL0009881,TXN00212359,Limit Exceeded,1,Resolved
FAIL0009882,TXN00212364,Insufficient Balance,1,Resolved
FAIL0009883,TXN00212377,Payment Gateway Error,1,Resolved
FAIL0009884,TXN00212379,Payment Gateway Error,2,Unresolved
FAIL0009885,TXN00212393,Bank Server Error,1,Resolved
FAIL0009886,TXN00212450,Network Error,1,Unresolved
FAIL0009887,TXN00212462,Limit Exceeded,1,Unresolved
FAIL0009888,TXN00212466,Bank Server Error,3,Resolved
FAIL0009889,TXN00212596,Payment Gateway Error,1,Resolved
FAIL0009890,TXN00212603,Network Error,1,Resolved
FAIL0009891,TXN00212635,Invalid PIN,1,Unresolved
FAIL0009892,TXN00212645,Insufficient Balance,1,Unresolved
FAIL0009893,TXN00212661,Bank Server Error,1,Unresolved
FAIL0009894,TXN00212676,Network Error,3,Unresolved
FAIL0009895,TXN00212688,Insufficient Balance,1,Unresolved
FAIL0009896,TXN00212743,Timeout,1,Resolved
FAIL0009897,TXN00212756,Bank Server Error,1,Unresolved
FAIL0009898,TXN00212759,Payment Gateway Error,1,Unresolved
FAIL0009899,TXN00212781,Payment Gateway Error,1,Unresolved
FAIL0009900,TXN00212788,Invalid PIN,1,Unresolved
FAIL0009901,TXN00212848,Invalid PIN,2,Resolved
FAIL0009902,TXN00212868,Payment Gateway Error,1,Unresolved
FAIL0009903,TXN00212881,Bank Server Error,1,Resolved
FAIL0009904,TXN00212887,Bank Server Error,1,Unresolved
FAIL0009905,TXN00212901,Invalid PIN,2,Resolved
FAIL0009906,TXN00212915,Bank Server Error,1,Unresolved
FAIL0009907,TXN00212923,Bank Server Error,1,Resolved
FAIL0009908,TXN00212998,Timeout,1,Resolved
FAIL0009909,TXN00213035,Network Error,1,Unresolved
FAIL0009910,TXN00213070,Bank Server Error,1,Resolved
FAIL0009911,TXN00213073,Insufficient Balance,1,Resolved
FAIL0009912,TXN00213079,Payment Gateway Error,1,Unresolved
FAIL0009913,TXN00213111,Network Error,1,Unresolved
FAIL0009914,TXN00213130,Bank Server Error,3,Resolved
FAIL0009915,TXN00213147,Insufficient Balance,1,Unresolved
FAIL0009916,TXN00213168,Bank Server Error,1,Unresolved
FAIL0009917,TXN00213211,Invalid PIN,1,Resolved
FAIL0009918,TXN00213218,Limit Exceeded,1,Resolved
FAIL0009919,TXN00213226,Payment Gateway Error,1,Resolved
FAIL0009920,TXN00213279,Payment Gateway Error,1,Resolved
FAIL0009921,TXN00213289,Invalid PIN,1,Resolved
FAIL0009922,TXN00213303,Bank Server Error,1,Resolved
FAIL0009923,TXN00213325,Insufficient Balance,1,Resolved
FAIL0009924,TXN00213326,Network Error,1,Resolved
FAIL0009925,TXN00213356,Bank Server Error,1,Resolved
FAIL0009926,TXN00213360,Payment Gateway Error,2,Resolved
FAIL0009927,TXN00213367,Insufficient Balance,1,Resolved
FAIL0009928,TXN00213408,Invalid PIN,2,Resolved
FAIL0009929,TXN00213451,Network Error,1,Unresolved
FAIL0009930,TXN00213466,Timeout,2,Resolved
FAIL0009931,TXN00213490,Invalid PIN,1,Resolved
FAIL0009932,TXN00213507,Limit Exceeded,1,Resolved
FAIL0009933,TXN00213512,Timeout,1,Unresolved
FAIL0009934,TXN00213568,Insufficient Balance,1,Resolved
FAIL0009935,TXN00213577,Network Error,1,Resolved
FAIL0009936,TXN00213663,Insufficient Balance,2,Resolved
FAIL0009937,TXN00213672,Bank Server Error,1,Unresolved
FAIL0009938,TXN00213702,Limit Exceeded,2,Resolved
FAIL0009939,TXN00213734,Limit Exceeded,1,Resolved
FAIL0009940,TXN00213759,Network Error,1,Unresolved
FAIL0009941,TXN00213785,Insufficient Balance,1,Unresolved
FAIL0009942,TXN00213837,Insufficient Balance,1,Resolved
FAIL0009943,TXN00213884,Payment Gateway Error,1,Unresolved
FAIL0009944,TXN00213887,Network Error,3,Resolved
FAIL0009945,TXN00213905,Network Error,1,Resolved
FAIL0009946,TXN00213947,Bank Server Error,1,Resolved
FAIL0009947,TXN00213959,Limit Exceeded,3,Resolved
FAIL0009948,TXN00213972,Network Error,1,Unresolved
FAIL0009949,TXN00213978,Payment Gateway Error,1,Unresolved
FAIL0009950,TXN00213990,Limit Exceeded,1,Resolved
FAIL0009951,TXN00214025,Bank Server Error,2,Resolved
FAIL0009952,TXN00214033,Bank Server Error,2,Resolved
FAIL0009953,TXN00214042,Network Error,1,Resolved
FAIL0009954,TXN00214053,Bank Server Error,1,Unresolved
FAIL0009955,TXN00214088,Insufficient Balance,1,Resolved
FAIL0009956,TXN00214103,Insufficient Balance,1,Unresolved
FAIL0009957,TXN00214104,Payment Gateway Error,2,Resolved
FAIL0009958,TXN00214126,Limit Exceeded,1,Unresolved
FAIL0009959,TXN00214190,Bank Server Error,2,Resolved
FAIL0009960,TXN00214200,Insufficient Balance,1,Unresolved
FAIL0009961,TXN00214259,Payment Gateway Error,1,Resolved
FAIL0009962,TXN00214270,Insufficient Balance,2,Resolved
FAIL0009963,TXN00214314,Timeout,1,Resolved
FAIL0009964,TXN00214322,Limit Exceeded,2,Resolved
FAIL0009965,TXN00214338,Invalid PIN,1,Resolved
FAIL0009966,TXN00214352,Insufficient Balance,1,Resolved
FAIL0009967,TXN00214354,Network Error,2,Resolved
FAIL0009968,TXN00214374,Bank Server Error,1,Unresolved
FAIL0009969,TXN00214379,Bank Server Error,1,Resolved
FAIL0009970,TXN00214391,Network Error,1,Unresolved
FAIL0009971,TXN00214401,Invalid PIN,1,Resolved
FAIL0009972,TXN00214514,Insufficient Balance,2,Resolved
FAIL0009973,TXN00214527,Insufficient Balance,1,Unresolved
FAIL0009974,TXN00214547,Insufficient Balance,1,Unresolved
FAIL0009975,TXN00214599,Bank Server Error,3,Resolved
FAIL0009976,TXN00214735,Invalid PIN,1,Resolved
FAIL0009977,TXN00214746,Insufficient Balance,1,Resolved
FAIL0009978,TXN00214749,Invalid PIN,2,Resolved
FAIL0009979,TXN00214783,Limit Exceeded,2,Unresolved
FAIL0009980,TXN00214791,Limit Exceeded,1,Unresolved
FAIL0009981,TXN00214834,Bank Server Error,1,Resolved
FAIL0009982,TXN00214859,Bank Server Error,1,Resolved
FAIL0009983,TXN00214887,Limit Exceeded,1,Unresolved
FAIL0009984,TXN00214905,Bank Server Error,1,Resolved
FAIL0009985,TXN00214925,Insufficient Balance,1,Resolved
FAIL0009986,TXN00214937,Network Error,1,Unresolved
FAIL0009987,TXN00214956,Bank Server Error,1,Resolved
FAIL0009988,TXN00214961,Insufficient Balance,1,Resolved
FAIL0009989,TXN00214975,Payment Gateway Error,1,Unresolved
FAIL0009990,TXN00214981,Network Error,1,Resolved
FAIL0009991,TXN00214983,Insufficient Balance,1,Resolved
FAIL0009992,TXN00214987,Network Error,2,Resolved
FAIL0009993,TXN00215007,Invalid PIN,1,Unresolved
FAIL0009994,TXN00215010,Network Error,2,Resolved
FAIL0009995,TXN00215056,Network Error,1,Unresolved
FAIL0009996,TXN00215113,Timeout,1,Resolved
FAIL0009997,TXN00215137,Limit Exceeded,1,Resolved
FAIL0009998,TXN00215153,Bank Server Error,2,Resolved
FAIL0009999,TXN00215168,Network Error,1,Unresolved
FAIL0010000,TXN00215206,Network Error,1,Resolved
FAIL0010001,TXN00215215,Insufficient Balance,3,Resolved
FAIL0010002,TXN00215246,Network Error,1,Resolved
FAIL0010003,TXN00215304,Network Error,2,Unresolved
FAIL0010004,TXN00215319,Network Error,1,Resolved
FAIL0010005,TXN00215413,Payment Gateway Error,1,Unresolved
FAIL0010006,TXN00215433,Insufficient Balance,1,Unresolved
FAIL0010007,TXN00215474,Network Error,1,Resolved
FAIL0010008,TXN00215499,Bank Server Error,2,Resolved
FAIL0010009,TXN00215556,Insufficient Balance,1,Resolved
FAIL0010010,TXN00215560,Bank Server Error,1,Unresolved
FAIL0010011,TXN00215567,Invalid PIN,1,Unresolved
FAIL0010012,TXN00215575,Bank Server Error,2,Resolved
FAIL0010013,TXN00215612,Limit Exceeded,1,Resolved
FAIL0010014,TXN00215623,Payment Gateway Error,1,Resolved
FAIL0010015,TXN00215631,Invalid PIN,1,Resolved
FAIL0010016,TXN00215634,Limit Exceeded,2,Unresolved
FAIL0010017,TXN00215671,Payment Gateway Error,1,Resolved
FAIL0010018,TXN00215684,Timeout,1,Resolved
FAIL0010019,TXN00215702,Network Error,2,Resolved
FAIL0010020,TXN00215713,Payment Gateway Error,2,Resolved
FAIL0010021,TXN00215720,Payment Gateway Error,3,Resolved
FAIL0010022,TXN00215729,Insufficient Balance,1,Resolved
FAIL0010023,TXN00215733,Insufficient Balance,1,Resolved
FAIL0010024,TXN00215739,Network Error,1,Unresolved
FAIL0010025,TXN00215778,Limit Exceeded,3,Resolved
FAIL0010026,TXN00215783,Bank Server Error,1,Resolved
FAIL0010027,TXN00215809,Timeout,1,Resolved
FAIL0010028,TXN00215822,Bank Server Error,1,Resolved
FAIL0010029,TXN00215823,Insufficient Balance,1,Resolved
FAIL0010030,TXN00215889,Insufficient Balance,1,Unresolved
FAIL0010031,TXN00215918,Bank Server Error,1,Unresolved
FAIL0010032,TXN00215921,Network Error,2,Resolved
FAIL0010033,TXN00215928,Limit Exceeded,1,Unresolved
FAIL0010034,TXN00215940,Payment Gateway Error,2,Resolved
FAIL0010035,TXN00215943,Bank Server Error,1,Resolved
FAIL0010036,TXN00215959,Bank Server Error,3,Resolved
FAIL0010037,TXN00215971,Insufficient Balance,1,Resolved
FAIL0010038,TXN00215981,Limit Exceeded,1,Unresolved
FAIL0010039,TXN00215992,Bank Server Error,1,Resolved
FAIL0010040,TXN00216027,Network Error,1,Resolved
FAIL0010041,TXN00216037,Bank Server Error,1,Unresolved
FAIL0010042,TXN00216039,Network Error,1,Unresolved
FAIL0010043,TXN00216100,Limit Exceeded,1,Resolved
FAIL0010044,TXN00216183,Insufficient Balance,2,Unresolved
FAIL0010045,TXN00216185,Bank Server Error,1,Unresolved
FAIL0010046,TXN00216202,Limit Exceeded,2,Unresolved
FAIL0010047,TXN00216243,Limit Exceeded,1,Unresolved
FAIL0010048,TXN00216270,Invalid PIN,1,Unresolved
FAIL0010049,TXN00216288,Insufficient Balance,1,Resolved
FAIL0010050,TXN00216306,Bank Server Error,2,Resolved
FAIL0010051,TXN00216354,Limit Exceeded,1,Resolved
FAIL0010052,TXN00216356,Payment Gateway Error,2,Resolved
FAIL0010053,TXN00216357,Insufficient Balance,1,Resolved
FAIL0010054,TXN00216375,Bank Server Error,1,Unresolved
FAIL0010055,TXN00216382,Insufficient Balance,1,Unresolved
FAIL0010056,TXN00216411,Insufficient Balance,1,Unresolved
FAIL0010057,TXN00216442,Payment Gateway Error,2,Resolved
FAIL0010058,TXN00216489,Network Error,2,Resolved
FAIL0010059,TXN00216530,Limit Exceeded,2,Resolved
FAIL0010060,TXN00216548,Payment Gateway Error,1,Unresolved
FAIL0010061,TXN00216569,Bank Server Error,2,Resolved
FAIL0010062,TXN00216572,Timeout,1,Unresolved
FAIL0010063,TXN00216577,Bank Server Error,1,Resolved
FAIL0010064,TXN00216588,Network Error,2,Unresolved
FAIL0010065,TXN00216618,Payment Gateway Error,1,Resolved
FAIL0010066,TXN00216639,Timeout,1,Resolved
FAIL0010067,TXN00216640,Payment Gateway Error,3,Resolved
FAIL0010068,TXN00216654,Payment Gateway Error,1,Unresolved
FAIL0010069,TXN00216664,Insufficient Balance,1,Resolved
FAIL0010070,TXN00216734,Payment Gateway Error,1,Unresolved
FAIL0010071,TXN00216752,Payment Gateway Error,1,Unresolved
FAIL0010072,TXN00216785,Invalid PIN,2,Resolved
FAIL0010073,TXN00216802,Timeout,1,Unresolved
FAIL0010074,TXN00216822,Bank Server Error,2,Resolved
FAIL0010075,TXN00216825,Bank Server Error,3,Unresolved
FAIL0010076,TXN00216845,Timeout,1,Unresolved
FAIL0010077,TXN00216860,Network Error,1,Unresolved
FAIL0010078,TXN00216863,Bank Server Error,3,Resolved
FAIL0010079,TXN00216904,Payment Gateway Error,1,Unresolved
FAIL0010080,TXN00216909,Limit Exceeded,1,Resolved
FAIL0010081,TXN00216913,Payment Gateway Error,3,Resolved
FAIL0010082,TXN00216950,Insufficient Balance,2,Resolved
FAIL0010083,TXN00216956,Network Error,1,Unresolved
FAIL0010084,TXN00216961,Network Error,1,Unresolved
FAIL0010085,TXN00216967,Payment Gateway Error,1,Unresolved
FAIL0010086,TXN00216970,Bank Server Error,1,Unresolved
FAIL0010087,TXN00216975,Insufficient Balance,1,Unresolved
FAIL0010088,TXN00216977,Payment Gateway Error,1,Unresolved
FAIL0010089,TXN00216992,Insufficient Balance,1,Resolved
FAIL0010090,TXN00217026,Network Error,1,Unresolved
FAIL0010091,TXN00217077,Limit Exceeded,1,Resolved
FAIL0010092,TXN00217087,Network Error,1,Resolved
FAIL0010093,TXN00217096,Insufficient Balance,2,Resolved
FAIL0010094,TXN00217104,Insufficient Balance,1,Resolved
FAIL0010095,TXN00217116,Insufficient Balance,1,Resolved
FAIL0010096,TXN00217138,Insufficient Balance,1,Unresolved
FAIL0010097,TXN00217147,Network Error,2,Unresolved
FAIL0010098,TXN00217149,Insufficient Balance,3,Resolved
FAIL0010099,TXN00217171,Bank Server Error,1,Unresolved
FAIL0010100,TXN00217203,Insufficient Balance,1,Resolved
FAIL0010101,TXN00217209,Bank Server Error,1,Resolved
FAIL0010102,TXN00217213,Payment Gateway Error,1,Unresolved
FAIL0010103,TXN00217228,Limit Exceeded,1,Unresolved
FAIL0010104,TXN00217248,Insufficient Balance,1,Unresolved
FAIL0010105,TXN00217263,Bank Server Error,1,Unresolved
FAIL0010106,TXN00217265,Bank Server Error,1,Unresolved
FAIL0010107,TXN00217317,Bank Server Error,1,Unresolved
FAIL0010108,TXN00217343,Payment Gateway Error,1,Resolved
FAIL0010109,TXN00217351,Payment Gateway Error,1,Resolved
FAIL0010110,TXN00217361,Network Error,1,Resolved
FAIL0010111,TXN00217370,Timeout,1,Unresolved
FAIL0010112,TXN00217375,Invalid PIN,1,Resolved
FAIL0010113,TXN00217377,Payment Gateway Error,1,Unresolved
FAIL0010114,TXN00217389,Network Error,1,Unresolved
FAIL0010115,TXN00217414,Bank Server Error,1,Resolved
FAIL0010116,TXN00217419,Insufficient Balance,2,Unresolved
FAIL0010117,TXN00217420,Network Error,1,Unresolved
FAIL0010118,TXN00217430,Payment Gateway Error,1,Unresolved
FAIL0010119,TXN00217476,Insufficient Balance,2,Resolved
FAIL0010120,TXN00217495,Payment Gateway Error,2,Resolved
FAIL0010121,TXN00217517,Bank Server Error,1,Unresolved
FAIL0010122,TXN00217518,Network Error,1,Resolved
FAIL0010123,TXN00217560,Bank Server Error,1,Resolved
FAIL0010124,TXN00217574,Payment Gateway Error,2,Unresolved
FAIL0010125,TXN00217581,Bank Server Error,1,Resolved
FAIL0010126,TXN00217605,Network Error,1,Resolved
FAIL0010127,TXN00217607,Timeout,3,Resolved
FAIL0010128,TXN00217649,Bank Server Error,1,Resolved
FAIL0010129,TXN00217682,Payment Gateway Error,1,Resolved
FAIL0010130,TXN00217692,Limit Exceeded,2,Unresolved
FAIL0010131,TXN00217693,Network Error,1,Resolved
FAIL0010132,TXN00217701,Limit Exceeded,2,Resolved
FAIL0010133,TXN00217732,Limit Exceeded,1,Unresolved
FAIL0010134,TXN00217739,Timeout,1,Unresolved
FAIL0010135,TXN00217742,Bank Server Error,1,Resolved
FAIL0010136,TXN00217754,Network Error,1,Unresolved
FAIL0010137,TXN00217761,Invalid PIN,1,Resolved
FAIL0010138,TXN00217778,Invalid PIN,2,Resolved
FAIL0010139,TXN00217803,Bank Server Error,1,Resolved
FAIL0010140,TXN00217818,Invalid PIN,1,Unresolved
FAIL0010141,TXN00217823,Network Error,2,Unresolved
FAIL0010142,TXN00217838,Network Error,1,Unresolved
FAIL0010143,TXN00217891,Limit Exceeded,1,Resolved
FAIL0010144,TXN00217911,Limit Exceeded,3,Resolved
FAIL0010145,TXN00217925,Payment Gateway Error,1,Unresolved
FAIL0010146,TXN00217934,Insufficient Balance,2,Resolved
FAIL0010147,TXN00217950,Insufficient Balance,2,Resolved
FAIL0010148,TXN00217952,Insufficient Balance,2,Resolved
FAIL0010149,TXN00217978,Invalid PIN,1,Unresolved
FAIL0010150,TXN00218007,Limit Exceeded,3,Resolved
FAIL0010151,TXN00218067,Payment Gateway Error,1,Unresolved
FAIL0010152,TXN00218070,Payment Gateway Error,1,Resolved
FAIL0010153,TXN00218075,Limit Exceeded,1,Unresolved
FAIL0010154,TXN00218094,Bank Server Error,1,Unresolved
FAIL0010155,TXN00218120,Bank Server Error,1,Resolved
FAIL0010156,TXN00218213,Insufficient Balance,1,Unresolved
FAIL0010157,TXN00218228,Invalid PIN,1,Resolved
FAIL0010158,TXN00218252,Payment Gateway Error,1,Resolved
FAIL0010159,TXN00218256,Limit Exceeded,1,Resolved
FAIL0010160,TXN00218305,Bank Server Error,1,Resolved
FAIL0010161,TXN00218309,Limit Exceeded,2,Unresolved
FAIL0010162,TXN00218311,Limit Exceeded,2,Unresolved
FAIL0010163,TXN00218327,Bank Server Error,2,Resolved
FAIL0010164,TXN00218339,Bank Server Error,1,Resolved
FAIL0010165,TXN00218352,Network Error,1,Unresolved
FAIL0010166,TXN00218353,Payment Gateway Error,1,Resolved
FAIL0010167,TXN00218358,Network Error,2,Resolved
FAIL0010168,TXN00218366,Insufficient Balance,1,Unresolved
FAIL0010169,TXN00218383,Payment Gateway Error,1,Resolved
FAIL0010170,TXN00218406,Network Error,1,Unresolved
FAIL0010171,TXN00218515,Insufficient Balance,3,Resolved
FAIL0010172,TXN00218525,Invalid PIN,1,Resolved
FAIL0010173,TXN00218564,Bank Server Error,1,Unresolved
FAIL0010174,TXN00218570,Limit Exceeded,2,Resolved
FAIL0010175,TXN00218576,Limit Exceeded,1,Unresolved
FAIL0010176,TXN00218589,Timeout,2,Unresolved
FAIL0010177,TXN00218650,Insufficient Balance,1,Resolved
FAIL0010178,TXN00218661,Limit Exceeded,2,Resolved
FAIL0010179,TXN00218666,Payment Gateway Error,2,Resolved
FAIL0010180,TXN00218690,Bank Server Error,1,Resolved
FAIL0010181,TXN00218696,Insufficient Balance,2,Unresolved
FAIL0010182,TXN00218724,Network Error,1,Resolved
FAIL0010183,TXN00218731,Network Error,1,Unresolved
FAIL0010184,TXN00218758,Limit Exceeded,2,Resolved
FAIL0010185,TXN00218790,Network Error,2,Unresolved
FAIL0010186,TXN00218827,Insufficient Balance,2,Unresolved
FAIL0010187,TXN00218839,Bank Server Error,1,Unresolved
FAIL0010188,TXN00218852,Timeout,1,Unresolved
FAIL0010189,TXN00218905,Network Error,2,Resolved
FAIL0010190,TXN00218947,Limit Exceeded,1,Unresolved
FAIL0010191,TXN00219004,Payment Gateway Error,1,Unresolved
FAIL0010192,TXN00219028,Timeout,1,Resolved
FAIL0010193,TXN00219034,Bank Server Error,3,Resolved
FAIL0010194,TXN00219055,Bank Server Error,1,Resolved
FAIL0010195,TXN00219085,Limit Exceeded,2,Unresolved
FAIL0010196,TXN00219093,Bank Server Error,3,Resolved
FAIL0010197,TXN00219102,Bank Server Error,1,Resolved
FAIL0010198,TXN00219126,Network Error,1,Unresolved
FAIL0010199,TXN00219143,Payment Gateway Error,1,Unresolved
FAIL0010200,TXN00219174,Invalid PIN,2,Resolved
FAIL0010201,TXN00219181,Timeout,2,Resolved
FAIL0010202,TXN00219228,Bank Server Error,1,Unresolved
FAIL0010203,TXN00219252,Payment Gateway Error,1,Resolved
FAIL0010204,TXN00219258,Bank Server Error,2,Resolved
FAIL0010205,TXN00219308,Insufficient Balance,1,Resolved
FAIL0010206,TXN00219311,Bank Server Error,1,Resolved
FAIL0010207,TXN00219312,Bank Server Error,1,Unresolved
FAIL0010208,TXN00219318,Network Error,1,Unresolved
FAIL0010209,TXN00219359,Insufficient Balance,1,Unresolved
FAIL0010210,TXN00219393,Payment Gateway Error,1,Resolved
FAIL0010211,TXN00219400,Network Error,2,Resolved
FAIL0010212,TXN00219421,Payment Gateway Error,2,Resolved
FAIL0010213,TXN00219438,Network Error,2,Unresolved
FAIL0010214,TXN00219454,Limit Exceeded,1,Resolved
FAIL0010215,TXN00219477,Insufficient Balance,1,Unresolved
FAIL0010216,TXN00219480,Bank Server Error,1,Unresolved
FAIL0010217,TXN00219548,Network Error,1,Resolved
FAIL0010218,TXN00219618,Insufficient Balance,1,Resolved
FAIL0010219,TXN00219639,Payment Gateway Error,1,Resolved
FAIL0010220,TXN00219642,Payment Gateway Error,1,Resolved
FAIL0010221,TXN00219653,Limit Exceeded,1,Resolved
FAIL0010222,TXN00219660,Network Error,1,Resolved
FAIL0010223,TXN00219706,Limit Exceeded,1,Resolved
FAIL0010224,TXN00219715,Limit Exceeded,2,Resolved
FAIL0010225,TXN00219728,Bank Server Error,1,Resolved
FAIL0010226,TXN00219814,Insufficient Balance,1,Resolved
FAIL0010227,TXN00219830,Payment Gateway Error,1,Resolved
FAIL0010228,TXN00219852,Invalid PIN,1,Unresolved
FAIL0010229,TXN00219863,Timeout,1,Resolved
FAIL0010230,TXN00219867,Bank Server Error,3,Resolved
FAIL0010231,TXN00219877,Limit Exceeded,1,Resolved
FAIL0010232,TXN00219882,Payment Gateway Error,1,Resolved
FAIL0010233,TXN00219899,Bank Server Error,1,Unresolved
FAIL0010234,TXN00219906,Insufficient Balance,2,Resolved
FAIL0010235,TXN00219924,Insufficient Balance,1,Resolved
FAIL0010236,TXN00219934,Insufficient Balance,2,Resolved
FAIL0010237,TXN00219943,Payment Gateway Error,1,Unresolved
FAIL0010238,TXN00219946,Payment Gateway Error,1,Resolved
FAIL0010239,TXN00219990,Network Error,1,Unresolved
FAIL0010240,TXN00220005,Network Error,1,Unresolved
FAIL0010241,TXN00220011,Limit Exceeded,1,Resolved
FAIL0010242,TXN00220037,Timeout,1,Unresolved
FAIL0010243,TXN00220039,Network Error,3,Resolved
FAIL0010244,TXN00220053,Payment Gateway Error,1,Unresolved
FAIL0010245,TXN00220074,Network Error,1,Unresolved
FAIL0010246,TXN00220101,Insufficient Balance,3,Unresolved
FAIL0010247,TXN00220113,Limit Exceeded,1,Unresolved
FAIL0010248,TXN00220158,Insufficient Balance,1,Unresolved
FAIL0010249,TXN00220237,Timeout,1,Resolved
FAIL0010250,TXN00220251,Insufficient Balance,1,Unresolved
FAIL0010251,TXN00220286,Network Error,1,Unresolved
FAIL0010252,TXN00220327,Insufficient Balance,1,Unresolved
FAIL0010253,TXN00220344,Insufficient Balance,1,Resolved
FAIL0010254,TXN00220348,Bank Server Error,1,Unresolved
FAIL0010255,TXN00220349,Limit Exceeded,1,Resolved
FAIL0010256,TXN00220353,Limit Exceeded,1,Resolved
FAIL0010257,TXN00220360,Payment Gateway Error,1,Unresolved
FAIL0010258,TXN00220362,Payment Gateway Error,1,Unresolved
FAIL0010259,TXN00220399,Payment Gateway Error,1,Unresolved
FAIL0010260,TXN00220403,Limit Exceeded,1,Resolved
FAIL0010261,TXN00220414,Timeout,2,Resolved
FAIL0010262,TXN00220494,Invalid PIN,1,Unresolved
FAIL0010263,TXN00220536,Timeout,1,Resolved
FAIL0010264,TXN00220556,Bank Server Error,1,Resolved
FAIL0010265,TXN00220587,Limit Exceeded,1,Resolved
FAIL0010266,TXN00220596,Insufficient Balance,1,Unresolved
FAIL0010267,TXN00220628,Payment Gateway Error,1,Resolved
FAIL0010268,TXN00220644,Bank Server Error,2,Resolved
FAIL0010269,TXN00220682,Payment Gateway Error,1,Unresolved
FAIL0010270,TXN00220686,Payment Gateway Error,1,Resolved
FAIL0010271,TXN00220707,Network Error,1,Resolved
FAIL0010272,TXN00220729,Insufficient Balance,1,Unresolved
FAIL0010273,TXN00220768,Insufficient Balance,1,Unresolved
FAIL0010274,TXN00220776,Insufficient Balance,1,Resolved
FAIL0010275,TXN00220804,Limit Exceeded,1,Resolved
FAIL0010276,TXN00220815,Timeout,1,Unresolved
FAIL0010277,TXN00220821,Bank Server Error,1,Resolved
FAIL0010278,TXN00220827,Bank Server Error,1,Resolved
FAIL0010279,TXN00220845,Payment Gateway Error,1,Unresolved
FAIL0010280,TXN00220880,Payment Gateway Error,1,Unresolved
FAIL0010281,TXN00220900,Bank Server Error,2,Resolved
FAIL0010282,TXN00220918,Limit Exceeded,1,Unresolved
FAIL0010283,TXN00220951,Limit Exceeded,1,Resolved
FAIL0010284,TXN00220956,Payment Gateway Error,1,Resolved
FAIL0010285,TXN00221024,Payment Gateway Error,1,Unresolved
FAIL0010286,TXN00221026,Insufficient Balance,2,Resolved
FAIL0010287,TXN00221114,Bank Server Error,1,Resolved
FAIL0010288,TXN00221125,Bank Server Error,3,Resolved
FAIL0010289,TXN00221137,Insufficient Balance,1,Unresolved
FAIL0010290,TXN00221154,Timeout,1,Unresolved
FAIL0010291,TXN00221176,Invalid PIN,3,Resolved
FAIL0010292,TXN00221198,Bank Server Error,2,Resolved
FAIL0010293,TXN00221204,Timeout,2,Resolved
FAIL0010294,TXN00221207,Limit Exceeded,2,Resolved
FAIL0010295,TXN00221227,Bank Server Error,1,Resolved
FAIL0010296,TXN00221307,Limit Exceeded,3,Resolved
FAIL0010297,TXN00221345,Insufficient Balance,1,Unresolved
FAIL0010298,TXN00221390,Bank Server Error,1,Unresolved
FAIL0010299,TXN00221401,Bank Server Error,1,Resolved
FAIL0010300,TXN00221429,Network Error,1,Unresolved
FAIL0010301,TXN00221432,Insufficient Balance,1,Unresolved
FAIL0010302,TXN00221442,Bank Server Error,1,Resolved
FAIL0010303,TXN00221492,Insufficient Balance,1,Unresolved
FAIL0010304,TXN00221494,Bank Server Error,2,Resolved
FAIL0010305,TXN00221509,Network Error,1,Resolved
FAIL0010306,TXN00221525,Limit Exceeded,1,Resolved
FAIL0010307,TXN00221544,Timeout,3,Resolved
FAIL0010308,TXN00221578,Limit Exceeded,1,Resolved
FAIL0010309,TXN00221609,Bank Server Error,1,Resolved
FAIL0010310,TXN00221619,Payment Gateway Error,1,Unresolved
FAIL0010311,TXN00221650,Network Error,1,Resolved
FAIL0010312,TXN00221653,Timeout,1,Resolved
FAIL0010313,TXN00221676,Payment Gateway Error,1,Resolved
FAIL0010314,TXN00221683,Payment Gateway Error,2,Resolved
FAIL0010315,TXN00221703,Payment Gateway Error,1,Resolved
FAIL0010316,TXN00221747,Bank Server Error,1,Resolved
FAIL0010317,TXN00221839,Limit Exceeded,1,Unresolved
FAIL0010318,TXN00221849,Payment Gateway Error,1,Unresolved
FAIL0010319,TXN00221855,Insufficient Balance,1,Resolved
FAIL0010320,TXN00221878,Timeout,1,Resolved
FAIL0010321,TXN00221889,Payment Gateway Error,1,Resolved
FAIL0010322,TXN00221891,Network Error,1,Resolved
FAIL0010323,TXN00221896,Insufficient Balance,3,Resolved
FAIL0010324,TXN00221906,Insufficient Balance,1,Resolved
FAIL0010325,TXN00221917,Insufficient Balance,2,Unresolved
FAIL0010326,TXN00221931,Limit Exceeded,1,Unresolved
FAIL0010327,TXN00221941,Bank Server Error,3,Resolved
FAIL0010328,TXN00221970,Limit Exceeded,1,Unresolved
FAIL0010329,TXN00221987,Insufficient Balance,1,Resolved
FAIL0010330,TXN00222007,Network Error,3,Resolved
FAIL0010331,TXN00222063,Payment Gateway Error,2,Resolved
FAIL0010332,TXN00222075,Payment Gateway Error,1,Resolved
FAIL0010333,TXN00222077,Invalid PIN,2,Unresolved
FAIL0010334,TXN00222110,Limit Exceeded,1,Unresolved
FAIL0010335,TXN00222117,Limit Exceeded,1,Unresolved
FAIL0010336,TXN00222136,Limit Exceeded,1,Resolved
FAIL0010337,TXN00222162,Insufficient Balance,2,Resolved
FAIL0010338,TXN00222175,Bank Server Error,1,Unresolved
FAIL0010339,TXN00222181,Limit Exceeded,1,Resolved
FAIL0010340,TXN00222189,Timeout,1,Resolved
FAIL0010341,TXN00222223,Limit Exceeded,2,Resolved
FAIL0010342,TXN00222232,Invalid PIN,1,Resolved
FAIL0010343,TXN00222233,Invalid PIN,1,Resolved
FAIL0010344,TXN00222264,Limit Exceeded,1,Unresolved
FAIL0010345,TXN00222273,Limit Exceeded,1,Resolved
FAIL0010346,TXN00222293,Insufficient Balance,1,Unresolved
FAIL0010347,TXN00222296,Network Error,1,Resolved
FAIL0010348,TXN00222309,Limit Exceeded,2,Resolved
FAIL0010349,TXN00222355,Timeout,1,Resolved
FAIL0010350,TXN00222360,Payment Gateway Error,1,Resolved
FAIL0010351,TXN00222394,Payment Gateway Error,1,Unresolved
FAIL0010352,TXN00222406,Payment Gateway Error,1,Unresolved
FAIL0010353,TXN00222442,Network Error,3,Resolved
FAIL0010354,TXN00222449,Bank Server Error,1,Unresolved
FAIL0010355,TXN00222472,Bank Server Error,1,Resolved
FAIL0010356,TXN00222495,Insufficient Balance,1,Unresolved
FAIL0010357,TXN00222520,Network Error,1,Resolved
FAIL0010358,TXN00222536,Network Error,1,Resolved
FAIL0010359,TXN00222570,Insufficient Balance,2,Resolved
FAIL0010360,TXN00222581,Payment Gateway Error,2,Resolved
FAIL0010361,TXN00222595,Bank Server Error,1,Resolved
FAIL0010362,TXN00222634,Payment Gateway Error,1,Unresolved
FAIL0010363,TXN00222643,Insufficient Balance,1,Resolved
FAIL0010364,TXN00222660,Limit Exceeded,2,Resolved
FAIL0010365,TXN00222663,Payment Gateway Error,1,Resolved
FAIL0010366,TXN00222671,Limit Exceeded,1,Resolved
FAIL0010367,TXN00222678,Insufficient Balance,2,Unresolved
FAIL0010368,TXN00222690,Network Error,3,Resolved
FAIL0010369,TXN00222792,Limit Exceeded,1,Unresolved
FAIL0010370,TXN00222803,Invalid PIN,2,Resolved
FAIL0010371,TXN00222809,Insufficient Balance,1,Resolved
FAIL0010372,TXN00222834,Payment Gateway Error,1,Unresolved
FAIL0010373,TXN00222838,Insufficient Balance,2,Resolved
FAIL0010374,TXN00222869,Insufficient Balance,1,Resolved
FAIL0010375,TXN00222893,Payment Gateway Error,1,Resolved
FAIL0010376,TXN00222913,Payment Gateway Error,2,Unresolved
FAIL0010377,TXN00222923,Network Error,1,Unresolved
FAIL0010378,TXN00222926,Bank Server Error,1,Resolved
FAIL0010379,TXN00222934,Bank Server Error,1,Resolved
FAIL0010380,TXN00222941,Payment Gateway Error,1,Resolved
FAIL0010381,TXN00223081,Invalid PIN,1,Resolved
FAIL0010382,TXN00223101,Bank Server Error,1,Unresolved
FAIL0010383,TXN00223126,Network Error,2,Unresolved
FAIL0010384,TXN00223148,Payment Gateway Error,1,Resolved
FAIL0010385,TXN00223154,Limit Exceeded,1,Resolved
FAIL0010386,TXN00223157,Bank Server Error,1,Unresolved
FAIL0010387,TXN00223166,Bank Server Error,1,Resolved
FAIL0010388,TXN00223182,Network Error,1,Unresolved
FAIL0010389,TXN00223208,Bank Server Error,1,Unresolved
FAIL0010390,TXN00223273,Timeout,1,Resolved
FAIL0010391,TXN00223315,Payment Gateway Error,1,Unresolved
FAIL0010392,TXN00223335,Limit Exceeded,1,Resolved
FAIL0010393,TXN00223418,Payment Gateway Error,1,Unresolved
FAIL0010394,TXN00223465,Timeout,1,Resolved
FAIL0010395,TXN00223475,Bank Server Error,2,Resolved
FAIL0010396,TXN00223492,Limit Exceeded,1,Unresolved
FAIL0010397,TXN00223496,Network Error,1,Resolved
FAIL0010398,TXN00223508,Insufficient Balance,1,Unresolved
FAIL0010399,TXN00223513,Bank Server Error,1,Unresolved
FAIL0010400,TXN00223542,Invalid PIN,1,Resolved
FAIL0010401,TXN00223546,Payment Gateway Error,1,Resolved
FAIL0010402,TXN00223567,Insufficient Balance,1,Resolved
FAIL0010403,TXN00223595,Payment Gateway Error,1,Resolved
FAIL0010404,TXN00223601,Limit Exceeded,2,Resolved
FAIL0010405,TXN00223610,Network Error,3,Unresolved
FAIL0010406,TXN00223613,Limit Exceeded,1,Resolved
FAIL0010407,TXN00223620,Timeout,1,Resolved
FAIL0010408,TXN00223625,Network Error,1,Unresolved
FAIL0010409,TXN00223674,Insufficient Balance,1,Resolved
FAIL0010410,TXN00223682,Invalid PIN,1,Resolved
FAIL0010411,TXN00223691,Network Error,2,Resolved
FAIL0010412,TXN00223732,Insufficient Balance,1,Resolved
FAIL0010413,TXN00223741,Invalid PIN,1,Unresolved
FAIL0010414,TXN00223758,Limit Exceeded,1,Resolved
FAIL0010415,TXN00223896,Timeout,2,Resolved
FAIL0010416,TXN00223978,Limit Exceeded,1,Unresolved
FAIL0010417,TXN00223987,Insufficient Balance,1,Resolved
FAIL0010418,TXN00223997,Payment Gateway Error,1,Resolved
FAIL0010419,TXN00224029,Insufficient Balance,2,Resolved
FAIL0010420,TXN00224086,Payment Gateway Error,1,Unresolved
FAIL0010421,TXN00224119,Limit Exceeded,1,Resolved
FAIL0010422,TXN00224149,Bank Server Error,3,Resolved
FAIL0010423,TXN00224176,Invalid PIN,1,Unresolved
FAIL0010424,TXN00224182,Insufficient Balance,1,Unresolved
FAIL0010425,TXN00224188,Timeout,2,Resolved
FAIL0010426,TXN00224191,Limit Exceeded,2,Resolved
FAIL0010427,TXN00224213,Bank Server Error,1,Resolved
FAIL0010428,TXN00224234,Insufficient Balance,1,Unresolved
FAIL0010429,TXN00224249,Timeout,1,Unresolved
FAIL0010430,TXN00224292,Network Error,1,Resolved
FAIL0010431,TXN00224299,Insufficient Balance,3,Resolved
FAIL0010432,TXN00224301,Insufficient Balance,1,Resolved
FAIL0010433,TXN00224311,Bank Server Error,1,Unresolved
FAIL0010434,TXN00224314,Bank Server Error,1,Resolved
FAIL0010435,TXN00224357,Bank Server Error,2,Resolved
FAIL0010436,TXN00224362,Payment Gateway Error,3,Resolved
FAIL0010437,TXN00224366,Payment Gateway Error,1,Unresolved
FAIL0010438,TXN00224368,Payment Gateway Error,2,Resolved
FAIL0010439,TXN00224445,Network Error,2,Resolved
FAIL0010440,TXN00224450,Invalid PIN,1,Resolved
FAIL0010441,TXN00224467,Bank Server Error,1,Resolved
FAIL0010442,TXN00224490,Timeout,1,Unresolved
FAIL0010443,TXN00224510,Payment Gateway Error,3,Resolved
FAIL0010444,TXN00224533,Insufficient Balance,1,Resolved
FAIL0010445,TXN00224543,Bank Server Error,2,Resolved
FAIL0010446,TXN00224554,Timeout,1,Resolved
FAIL0010447,TXN00224590,Timeout,1,Resolved
FAIL0010448,TXN00224594,Insufficient Balance,2,Resolved
FAIL0010449,TXN00224611,Insufficient Balance,1,Resolved
FAIL0010450,TXN00224617,Payment Gateway Error,2,Resolved
FAIL0010451,TXN00224631,Limit Exceeded,1,Resolved
FAIL0010452,TXN00224649,Bank Server Error,1,Unresolved
FAIL0010453,TXN00224658,Bank Server Error,2,Unresolved
FAIL0010454,TXN00224672,Payment Gateway Error,1,Resolved
FAIL0010455,TXN00224697,Limit Exceeded,1,Resolved
FAIL0010456,TXN00224716,Invalid PIN,1,Resolved
FAIL0010457,TXN00224721,Limit Exceeded,1,Unresolved
FAIL0010458,TXN00224726,Insufficient Balance,1,Resolved
FAIL0010459,TXN00224741,Insufficient Balance,1,Unresolved
FAIL0010460,TXN00224755,Bank Server Error,1,Resolved
FAIL0010461,TXN00224776,Bank Server Error,1,Unresolved
FAIL0010462,TXN00224893,Payment Gateway Error,1,Unresolved
FAIL0010463,TXN00224904,Bank Server Error,2,Resolved
FAIL0010464,TXN00224938,Limit Exceeded,1,Unresolved
FAIL0010465,TXN00224950,Network Error,1,Resolved
FAIL0010466,TXN00224953,Bank Server Error,1,Resolved
FAIL0010467,TXN00224965,Limit Exceeded,1,Resolved
FAIL0010468,TXN00225006,Payment Gateway Error,2,Resolved
FAIL0010469,TXN00225032,Payment Gateway Error,2,Resolved
FAIL0010470,TXN00225054,Network Error,1,Unresolved
FAIL0010471,TXN00225068,Payment Gateway Error,2,Resolved
FAIL0010472,TXN00225078,Limit Exceeded,1,Unresolved
FAIL0010473,TXN00225147,Limit Exceeded,1,Resolved
FAIL0010474,TXN00225151,Bank Server Error,2,Unresolved
FAIL0010475,TXN00225207,Payment Gateway Error,1,Resolved
FAIL0010476,TXN00225219,Payment Gateway Error,1,Resolved
FAIL0010477,TXN00225240,Limit Exceeded,1,Resolved
FAIL0010478,TXN00225248,Invalid PIN,1,Resolved
FAIL0010479,TXN00225265,Network Error,1,Resolved
FAIL0010480,TXN00225273,Bank Server Error,3,Resolved
FAIL0010481,TXN00225283,Limit Exceeded,1,Resolved
FAIL0010482,TXN00225303,Network Error,3,Resolved
FAIL0010483,TXN00225324,Limit Exceeded,2,Resolved
FAIL0010484,TXN00225339,Bank Server Error,1,Unresolved
FAIL0010485,TXN00225375,Bank Server Error,1,Unresolved
FAIL0010486,TXN00225409,Bank Server Error,2,Resolved
FAIL0010487,TXN00225414,Bank Server Error,1,Resolved
FAIL0010488,TXN00225435,Timeout,1,Resolved
FAIL0010489,TXN00225443,Invalid PIN,1,Resolved
FAIL0010490,TXN00225470,Insufficient Balance,1,Resolved
FAIL0010491,TXN00225489,Insufficient Balance,1,Unresolved
FAIL0010492,TXN00225504,Bank Server Error,1,Unresolved
FAIL0010493,TXN00225506,Payment Gateway Error,3,Resolved
FAIL0010494,TXN00225517,Limit Exceeded,1,Resolved
FAIL0010495,TXN00225549,Timeout,1,Resolved
FAIL0010496,TXN00225553,Invalid PIN,1,Resolved
FAIL0010497,TXN00225555,Insufficient Balance,1,Resolved
FAIL0010498,TXN00225569,Bank Server Error,1,Resolved
FAIL0010499,TXN00225574,Network Error,1,Unresolved
FAIL0010500,TXN00225580,Insufficient Balance,1,Unresolved
FAIL0010501,TXN00225614,Network Error,1,Unresolved
FAIL0010502,TXN00225650,Payment Gateway Error,2,Resolved
FAIL0010503,TXN00225654,Network Error,1,Resolved
FAIL0010504,TXN00225658,Insufficient Balance,1,Resolved
FAIL0010505,TXN00225673,Bank Server Error,1,Resolved
FAIL0010506,TXN00225681,Insufficient Balance,1,Unresolved
FAIL0010507,TXN00225686,Bank Server Error,1,Resolved
FAIL0010508,TXN00225705,Bank Server Error,3,Resolved
FAIL0010509,TXN00225714,Network Error,2,Unresolved
FAIL0010510,TXN00225727,Limit Exceeded,1,Resolved
FAIL0010511,TXN00225737,Bank Server Error,1,Unresolved
FAIL0010512,TXN00225739,Insufficient Balance,1,Resolved
FAIL0010513,TXN00225768,Insufficient Balance,1,Resolved
FAIL0010514,TXN00225811,Payment Gateway Error,3,Resolved
FAIL0010515,TXN00225825,Insufficient Balance,2,Resolved
FAIL0010516,TXN00225829,Invalid PIN,2,Resolved
FAIL0010517,TXN00225841,Timeout,1,Resolved
FAIL0010518,TXN00225842,Payment Gateway Error,2,Resolved
FAIL0010519,TXN00225851,Limit Exceeded,1,Unresolved
FAIL0010520,TXN00225854,Limit Exceeded,1,Resolved
FAIL0010521,TXN00225866,Bank Server Error,1,Unresolved
FAIL0010522,TXN00225894,Limit Exceeded,1,Resolved
FAIL0010523,TXN00225916,Bank Server Error,2,Resolved
FAIL0010524,TXN00225918,Insufficient Balance,2,Unresolved
FAIL0010525,TXN00226001,Bank Server Error,2,Resolved
FAIL0010526,TXN00226017,Insufficient Balance,2,Resolved
FAIL0010527,TXN00226035,Payment Gateway Error,1,Resolved
FAIL0010528,TXN00226039,Limit Exceeded,1,Resolved
FAIL0010529,TXN00226060,Insufficient Balance,1,Unresolved
FAIL0010530,TXN00226113,Bank Server Error,2,Resolved
FAIL0010531,TXN00226138,Network Error,2,Resolved
FAIL0010532,TXN00226140,Bank Server Error,1,Unresolved
FAIL0010533,TXN00226158,Bank Server Error,1,Resolved
FAIL0010534,TXN00226164,Network Error,1,Resolved
FAIL0010535,TXN00226175,Insufficient Balance,1,Unresolved
FAIL0010536,TXN00226221,Bank Server Error,1,Resolved
FAIL0010537,TXN00226275,Limit Exceeded,1,Unresolved
FAIL0010538,TXN00226311,Bank Server Error,2,Resolved
FAIL0010539,TXN00226361,Invalid PIN,1,Resolved
FAIL0010540,TXN00226384,Insufficient Balance,1,Unresolved
FAIL0010541,TXN00226394,Network Error,1,Unresolved
FAIL0010542,TXN00226405,Invalid PIN,1,Unresolved
FAIL0010543,TXN00226423,Insufficient Balance,1,Unresolved
FAIL0010544,TXN00226425,Bank Server Error,1,Unresolved
FAIL0010545,TXN00226441,Bank Server Error,1,Unresolved
FAIL0010546,TXN00226477,Invalid PIN,2,Unresolved
FAIL0010547,TXN00226478,Insufficient Balance,1,Resolved
FAIL0010548,TXN00226489,Limit Exceeded,1,Resolved
FAIL0010549,TXN00226503,Invalid PIN,2,Unresolved
FAIL0010550,TXN00226515,Bank Server Error,1,Resolved
FAIL0010551,TXN00226529,Limit Exceeded,1,Unresolved
FAIL0010552,TXN00226581,Bank Server Error,1,Resolved
FAIL0010553,TXN00226594,Bank Server Error,1,Resolved
FAIL0010554,TXN00226603,Bank Server Error,2,Unresolved
FAIL0010555,TXN00226615,Insufficient Balance,1,Resolved
FAIL0010556,TXN00226616,Bank Server Error,3,Resolved
FAIL0010557,TXN00226682,Limit Exceeded,1,Unresolved
FAIL0010558,TXN00226733,Limit Exceeded,1,Resolved
FAIL0010559,TXN00226736,Limit Exceeded,2,Resolved
FAIL0010560,TXN00226738,Network Error,1,Resolved
FAIL0010561,TXN00226775,Limit Exceeded,1,Resolved
FAIL0010562,TXN00226803,Timeout,1,Resolved
FAIL0010563,TXN00226833,Network Error,1,Resolved
FAIL0010564,TXN00226877,Network Error,1,Unresolved
FAIL0010565,TXN00226889,Limit Exceeded,2,Resolved
FAIL0010566,TXN00226910,Limit Exceeded,1,Unresolved
FAIL0010567,TXN00226919,Invalid PIN,1,Resolved
FAIL0010568,TXN00226920,Timeout,3,Resolved
FAIL0010569,TXN00226969,Bank Server Error,3,Resolved
FAIL0010570,TXN00226972,Bank Server Error,1,Resolved
FAIL0010571,TXN00226995,Payment Gateway Error,2,Resolved
FAIL0010572,TXN00227004,Network Error,2,Unresolved
FAIL0010573,TXN00227077,Bank Server Error,2,Resolved
FAIL0010574,TXN00227210,Invalid PIN,1,Resolved
FAIL0010575,TXN00227216,Payment Gateway Error,1,Resolved
FAIL0010576,TXN00227227,Network Error,1,Unresolved
FAIL0010577,TXN00227230,Bank Server Error,3,Resolved
FAIL0010578,TXN00227240,Insufficient Balance,1,Unresolved
FAIL0010579,TXN00227251,Insufficient Balance,1,Unresolved
FAIL0010580,TXN00227264,Invalid PIN,1,Resolved
FAIL0010581,TXN00227289,Timeout,1,Resolved
FAIL0010582,TXN00227292,Bank Server Error,1,Resolved
FAIL0010583,TXN00227304,Timeout,2,Unresolved
FAIL0010584,TXN00227312,Limit Exceeded,1,Resolved
FAIL0010585,TXN00227323,Bank Server Error,1,Resolved
FAIL0010586,TXN00227329,Payment Gateway Error,2,Resolved
FAIL0010587,TXN00227331,Bank Server Error,1,Unresolved
FAIL0010588,TXN00227347,Network Error,1,Resolved
FAIL0010589,TXN00227398,Insufficient Balance,1,Unresolved
FAIL0010590,TXN00227409,Limit Exceeded,1,Resolved
FAIL0010591,TXN00227431,Payment Gateway Error,1,Resolved
FAIL0010592,TXN00227484,Network Error,1,Unresolved
FAIL0010593,TXN00227519,Bank Server Error,1,Resolved
FAIL0010594,TXN00227537,Limit Exceeded,1,Resolved
FAIL0010595,TXN00227538,Network Error,2,Resolved
FAIL0010596,TXN00227542,Network Error,1,Unresolved
FAIL0010597,TXN00227579,Payment Gateway Error,2,Resolved
FAIL0010598,TXN00227580,Network Error,1,Resolved
FAIL0010599,TXN00227601,Bank Server Error,1,Resolved
FAIL0010600,TXN00227612,Payment Gateway Error,1,Unresolved
FAIL0010601,TXN00227614,Payment Gateway Error,3,Resolved
FAIL0010602,TXN00227653,Bank Server Error,1,Unresolved
FAIL0010603,TXN00227679,Insufficient Balance,2,Resolved
FAIL0010604,TXN00227690,Insufficient Balance,1,Resolved
FAIL0010605,TXN00227691,Bank Server Error,1,Resolved
FAIL0010606,TXN00227693,Bank Server Error,2,Resolved
FAIL0010607,TXN00227705,Bank Server Error,1,Resolved
FAIL0010608,TXN00227773,Limit Exceeded,1,Unresolved
FAIL0010609,TXN00227786,Network Error,2,Unresolved
FAIL0010610,TXN00227822,Network Error,1,Resolved
FAIL0010611,TXN00227838,Timeout,1,Unresolved
FAIL0010612,TXN00227843,Timeout,1,Resolved
FAIL0010613,TXN00227850,Limit Exceeded,1,Resolved
FAIL0010614,TXN00227870,Bank Server Error,1,Resolved
FAIL0010615,TXN00227871,Network Error,2,Unresolved
FAIL0010616,TXN00227902,Network Error,1,Resolved
FAIL0010617,TXN00227926,Invalid PIN,2,Unresolved
FAIL0010618,TXN00227958,Network Error,1,Unresolved
FAIL0010619,TXN00227963,Insufficient Balance,1,Resolved
FAIL0010620,TXN00227971,Bank Server Error,1,Resolved
FAIL0010621,TXN00228009,Payment Gateway Error,2,Resolved
FAIL0010622,TXN00228018,Network Error,1,Resolved
FAIL0010623,TXN00228020,Limit Exceeded,1,Resolved
FAIL0010624,TXN00228029,Payment Gateway Error,1,Unresolved
FAIL0010625,TXN00228131,Network Error,1,Resolved
FAIL0010626,TXN00228170,Insufficient Balance,2,Resolved
FAIL0010627,TXN00228183,Insufficient Balance,2,Resolved
FAIL0010628,TXN00228193,Insufficient Balance,1,Unresolved
FAIL0010629,TXN00228226,Insufficient Balance,1,Unresolved
FAIL0010630,TXN00228276,Bank Server Error,3,Resolved
FAIL0010631,TXN00228280,Timeout,1,Resolved
FAIL0010632,TXN00228298,Bank Server Error,2,Resolved
FAIL0010633,TXN00228330,Timeout,1,Unresolved
FAIL0010634,TXN00228349,Bank Server Error,2,Resolved
FAIL0010635,TXN00228384,Insufficient Balance,1,Resolved
FAIL0010636,TXN00228391,Network Error,1,Unresolved
FAIL0010637,TXN00228413,Insufficient Balance,1,Resolved
FAIL0010638,TXN00228429,Timeout,1,Unresolved
FAIL0010639,TXN00228502,Insufficient Balance,1,Unresolved
FAIL0010640,TXN00228506,Network Error,2,Unresolved
FAIL0010641,TXN00228508,Payment Gateway Error,2,Resolved
FAIL0010642,TXN00228516,Invalid PIN,2,Resolved
FAIL0010643,TXN00228549,Bank Server Error,2,Resolved
FAIL0010644,TXN00228557,Limit Exceeded,1,Unresolved
FAIL0010645,TXN00228558,Network Error,1,Resolved
FAIL0010646,TXN00228562,Limit Exceeded,2,Unresolved
FAIL0010647,TXN00228589,Insufficient Balance,1,Resolved
FAIL0010648,TXN00228643,Bank Server Error,1,Resolved
FAIL0010649,TXN00228682,Limit Exceeded,1,Resolved
FAIL0010650,TXN00228688,Timeout,1,Resolved
FAIL0010651,TXN00228705,Payment Gateway Error,1,Unresolved
FAIL0010652,TXN00228718,Invalid PIN,1,Unresolved
FAIL0010653,TXN00228762,Bank Server Error,1,Resolved
FAIL0010654,TXN00228809,Bank Server Error,1,Resolved
FAIL0010655,TXN00228851,Bank Server Error,1,Unresolved
FAIL0010656,TXN00228874,Timeout,1,Unresolved
FAIL0010657,TXN00228911,Payment Gateway Error,3,Resolved
FAIL0010658,TXN00228923,Timeout,1,Resolved
FAIL0010659,TXN00228925,Insufficient Balance,1,Resolved
FAIL0010660,TXN00228926,Insufficient Balance,2,Resolved
FAIL0010661,TXN00228962,Network Error,1,Resolved
FAIL0010662,TXN00228967,Limit Exceeded,1,Resolved
FAIL0010663,TXN00228979,Insufficient Balance,1,Unresolved
FAIL0010664,TXN00228998,Insufficient Balance,1,Resolved
FAIL0010665,TXN00229013,Invalid PIN,1,Resolved
FAIL0010666,TXN00229020,Limit Exceeded,1,Unresolved
FAIL0010667,TXN00229058,Limit Exceeded,1,Resolved
FAIL0010668,TXN00229059,Insufficient Balance,1,Resolved
FAIL0010669,TXN00229067,Insufficient Balance,1,Resolved
FAIL0010670,TXN00229086,Limit Exceeded,1,Resolved
FAIL0010671,TXN00229177,Bank Server Error,1,Resolved
FAIL0010672,TXN00229178,Insufficient Balance,1,Resolved
FAIL0010673,TXN00229242,Network Error,1,Resolved
FAIL0010674,TXN00229258,Insufficient Balance,1,Resolved
FAIL0010675,TXN00229271,Network Error,2,Resolved
FAIL0010676,TXN00229290,Timeout,1,Unresolved
FAIL0010677,TXN00229307,Limit Exceeded,1,Resolved
FAIL0010678,TXN00229312,Bank Server Error,1,Resolved
FAIL0010679,TXN00229359,Insufficient Balance,2,Unresolved
FAIL0010680,TXN00229361,Limit Exceeded,1,Unresolved
FAIL0010681,TXN00229373,Bank Server Error,1,Unresolved
FAIL0010682,TXN00229400,Limit Exceeded,2,Resolved
FAIL0010683,TXN00229409,Payment Gateway Error,2,Resolved
FAIL0010684,TXN00229410,Invalid PIN,1,Resolved
FAIL0010685,TXN00229446,Network Error,2,Resolved
FAIL0010686,TXN00229456,Timeout,1,Resolved
FAIL0010687,TXN00229469,Insufficient Balance,2,Unresolved
FAIL0010688,TXN00229478,Bank Server Error,2,Resolved
FAIL0010689,TXN00229491,Bank Server Error,2,Resolved
FAIL0010690,TXN00229501,Payment Gateway Error,2,Resolved
FAIL0010691,TXN00229505,Bank Server Error,1,Unresolved
FAIL0010692,TXN00229585,Bank Server Error,3,Resolved
FAIL0010693,TXN00229638,Payment Gateway Error,2,Unresolved
FAIL0010694,TXN00229658,Timeout,1,Resolved
FAIL0010695,TXN00229669,Insufficient Balance,1,Unresolved
FAIL0010696,TXN00229670,Payment Gateway Error,1,Unresolved
FAIL0010697,TXN00229671,Insufficient Balance,1,Resolved
FAIL0010698,TXN00229675,Limit Exceeded,1,Resolved
FAIL0010699,TXN00229701,Limit Exceeded,1,Unresolved
FAIL0010700,TXN00229706,Limit Exceeded,1,Unresolved
FAIL0010701,TXN00229717,Payment Gateway Error,1,Unresolved
FAIL0010702,TXN00229719,Limit Exceeded,1,Resolved
FAIL0010703,TXN00229736,Payment Gateway Error,1,Resolved
FAIL0010704,TXN00229765,Invalid PIN,1,Unresolved
FAIL0010705,TXN00229766,Bank Server Error,1,Resolved
FAIL0010706,TXN00229771,Insufficient Balance,1,Resolved
FAIL0010707,TXN00229789,Invalid PIN,1,Resolved
FAIL0010708,TXN00229791,Insufficient Balance,1,Unresolved
FAIL0010709,TXN00229807,Bank Server Error,1,Resolved
FAIL0010710,TXN00229820,Network Error,1,Resolved
FAIL0010711,TXN00229830,Payment Gateway Error,1,Resolved
FAIL0010712,TXN00229837,Limit Exceeded,3,Resolved
FAIL0010713,TXN00229895,Limit Exceeded,2,Resolved
FAIL0010714,TXN00229933,Invalid PIN,1,Resolved
FAIL0010715,TXN00229938,Payment Gateway Error,1,Unresolved
FAIL0010716,TXN00229948,Payment Gateway Error,3,Resolved
FAIL0010717,TXN00230007,Bank Server Error,1,Unresolved
FAIL0010718,TXN00230014,Insufficient Balance,1,Unresolved
FAIL0010719,TXN00230048,Network Error,1,Unresolved
FAIL0010720,TXN00230122,Insufficient Balance,1,Unresolved
FAIL0010721,TXN00230125,Payment Gateway Error,3,Resolved
FAIL0010722,TXN00230131,Limit Exceeded,3,Unresolved
FAIL0010723,TXN00230136,Payment Gateway Error,2,Resolved
FAIL0010724,TXN00230147,Limit Exceeded,3,Resolved
FAIL0010725,TXN00230168,Insufficient Balance,2,Resolved
FAIL0010726,TXN00230173,Limit Exceeded,1,Unresolved
FAIL0010727,TXN00230201,Insufficient Balance,1,Resolved
FAIL0010728,TXN00230227,Bank Server Error,1,Resolved
FAIL0010729,TXN00230239,Network Error,1,Resolved
FAIL0010730,TXN00230244,Payment Gateway Error,1,Unresolved
FAIL0010731,TXN00230258,Bank Server Error,2,Resolved
FAIL0010732,TXN00230311,Invalid PIN,2,Resolved
FAIL0010733,TXN00230338,Insufficient Balance,1,Unresolved
FAIL0010734,TXN00230383,Bank Server Error,2,Unresolved
FAIL0010735,TXN00230385,Timeout,1,Unresolved
FAIL0010736,TXN00230416,Limit Exceeded,1,Unresolved
FAIL0010737,TXN00230433,Limit Exceeded,1,Unresolved
FAIL0010738,TXN00230545,Payment Gateway Error,1,Resolved
FAIL0010739,TXN00230548,Bank Server Error,1,Unresolved
FAIL0010740,TXN00230579,Insufficient Balance,2,Resolved
FAIL0010741,TXN00230608,Network Error,2,Unresolved
FAIL0010742,TXN00230615,Network Error,2,Unresolved
FAIL0010743,TXN00230668,Limit Exceeded,1,Unresolved
FAIL0010744,TXN00230671,Payment Gateway Error,1,Resolved
FAIL0010745,TXN00230687,Bank Server Error,2,Resolved
FAIL0010746,TXN00230699,Limit Exceeded,1,Resolved
FAIL0010747,TXN00230703,Bank Server Error,2,Resolved
FAIL0010748,TXN00230721,Limit Exceeded,2,Unresolved
FAIL0010749,TXN00230746,Invalid PIN,2,Resolved
FAIL0010750,TXN00230754,Bank Server Error,1,Resolved
FAIL0010751,TXN00230789,Insufficient Balance,2,Resolved
FAIL0010752,TXN00230794,Network Error,3,Resolved
FAIL0010753,TXN00230796,Insufficient Balance,1,Unresolved
FAIL0010754,TXN00230856,Payment Gateway Error,1,Unresolved
FAIL0010755,TXN00230860,Bank Server Error,3,Resolved
FAIL0010756,TXN00230931,Timeout,2,Resolved
FAIL0010757,TXN00230944,Insufficient Balance,1,Unresolved
FAIL0010758,TXN00230945,Insufficient Balance,2,Unresolved
FAIL0010759,TXN00230959,Bank Server Error,2,Resolved
FAIL0010760,TXN00230978,Network Error,1,Unresolved
FAIL0010761,TXN00231016,Network Error,1,Resolved
FAIL0010762,TXN00231018,Payment Gateway Error,1,Resolved
FAIL0010763,TXN00231048,Network Error,1,Resolved
FAIL0010764,TXN00231050,Payment Gateway Error,2,Unresolved
FAIL0010765,TXN00231057,Bank Server Error,1,Resolved
FAIL0010766,TXN00231065,Insufficient Balance,1,Resolved
FAIL0010767,TXN00231095,Network Error,2,Resolved
FAIL0010768,TXN00231098,Bank Server Error,2,Unresolved
FAIL0010769,TXN00231132,Insufficient Balance,2,Unresolved
FAIL0010770,TXN00231140,Network Error,1,Unresolved
FAIL0010771,TXN00231154,Network Error,2,Resolved
FAIL0010772,TXN00231167,Insufficient Balance,2,Resolved
FAIL0010773,TXN00231169,Bank Server Error,2,Unresolved
FAIL0010774,TXN00231243,Payment Gateway Error,1,Unresolved
FAIL0010775,TXN00231260,Payment Gateway Error,2,Resolved
FAIL0010776,TXN00231281,Payment Gateway Error,1,Unresolved
FAIL0010777,TXN00231287,Network Error,2,Unresolved
FAIL0010778,TXN00231339,Network Error,1,Resolved
FAIL0010779,TXN00231351,Insufficient Balance,3,Resolved
FAIL0010780,TXN00231359,Bank Server Error,1,Resolved
FAIL0010781,TXN00231382,Insufficient Balance,1,Unresolved
FAIL0010782,TXN00231383,Limit Exceeded,2,Resolved
FAIL0010783,TXN00231389,Insufficient Balance,2,Resolved
FAIL0010784,TXN00231403,Limit Exceeded,1,Resolved
FAIL0010785,TXN00231452,Bank Server Error,2,Unresolved
FAIL0010786,TXN00231483,Network Error,1,Unresolved
FAIL0010787,TXN00231496,Bank Server Error,2,Resolved
FAIL0010788,TXN00231517,Limit Exceeded,2,Unresolved
FAIL0010789,TXN00231551,Bank Server Error,1,Resolved
FAIL0010790,TXN00231561,Invalid PIN,1,Unresolved
FAIL0010791,TXN00231583,Insufficient Balance,1,Resolved
FAIL0010792,TXN00231606,Insufficient Balance,1,Resolved
FAIL0010793,TXN00231614,Insufficient Balance,3,Resolved
FAIL0010794,TXN00231623,Bank Server Error,1,Unresolved
FAIL0010795,TXN00231655,Network Error,1,Resolved
FAIL0010796,TXN00231729,Bank Server Error,1,Unresolved
FAIL0010797,TXN00231732,Invalid PIN,1,Resolved
FAIL0010798,TXN00231735,Network Error,3,Resolved
FAIL0010799,TXN00231806,Insufficient Balance,2,Resolved
FAIL0010800,TXN00231827,Network Error,1,Unresolved
FAIL0010801,TXN00231849,Invalid PIN,1,Resolved
FAIL0010802,TXN00231871,Bank Server Error,1,Resolved
FAIL0010803,TXN00231890,Bank Server Error,2,Resolved
FAIL0010804,TXN00231958,Insufficient Balance,1,Unresolved
FAIL0010805,TXN00232039,Payment Gateway Error,2,Resolved
FAIL0010806,TXN00232074,Bank Server Error,1,Resolved
FAIL0010807,TXN00232078,Bank Server Error,2,Unresolved
FAIL0010808,TXN00232169,Bank Server Error,1,Resolved
FAIL0010809,TXN00232233,Limit Exceeded,1,Resolved
FAIL0010810,TXN00232244,Insufficient Balance,1,Unresolved
FAIL0010811,TXN00232294,Payment Gateway Error,1,Resolved
FAIL0010812,TXN00232296,Bank Server Error,2,Resolved
FAIL0010813,TXN00232305,Payment Gateway Error,1,Unresolved
FAIL0010814,TXN00232324,Limit Exceeded,2,Resolved
FAIL0010815,TXN00232367,Bank Server Error,2,Resolved
FAIL0010816,TXN00232384,Payment Gateway Error,1,Resolved
FAIL0010817,TXN00232397,Limit Exceeded,2,Resolved
FAIL0010818,TXN00232427,Bank Server Error,1,Unresolved
FAIL0010819,TXN00232435,Network Error,2,Resolved
FAIL0010820,TXN00232450,Payment Gateway Error,2,Unresolved
FAIL0010821,TXN00232478,Limit Exceeded,1,Resolved
FAIL0010822,TXN00232503,Limit Exceeded,2,Unresolved
FAIL0010823,TXN00232505,Payment Gateway Error,1,Unresolved
FAIL0010824,TXN00232528,Network Error,1,Unresolved
FAIL0010825,TXN00232582,Insufficient Balance,2,Resolved
FAIL0010826,TXN00232607,Insufficient Balance,1,Unresolved
FAIL0010827,TXN00232609,Insufficient Balance,1,Unresolved
FAIL0010828,TXN00232629,Payment Gateway Error,1,Unresolved
FAIL0010829,TXN00232633,Network Error,1,Resolved
FAIL0010830,TXN00232639,Limit Exceeded,1,Resolved
FAIL0010831,TXN00232649,Limit Exceeded,1,Unresolved
FAIL0010832,TXN00232675,Bank Server Error,1,Unresolved
FAIL0010833,TXN00232676,Payment Gateway Error,1,Resolved
FAIL0010834,TXN00232678,Payment Gateway Error,1,Resolved
FAIL0010835,TXN00232740,Network Error,1,Unresolved
FAIL0010836,TXN00232752,Timeout,1,Unresolved
FAIL0010837,TXN00232766,Insufficient Balance,2,Resolved
FAIL0010838,TXN00232775,Limit Exceeded,3,Resolved
FAIL0010839,TXN00232810,Network Error,1,Unresolved
FAIL0010840,TXN00232833,Network Error,1,Resolved
FAIL0010841,TXN00232847,Bank Server Error,1,Resolved
FAIL0010842,TXN00232856,Network Error,1,Unresolved
FAIL0010843,TXN00232915,Payment Gateway Error,2,Resolved
FAIL0010844,TXN00232928,Payment Gateway Error,1,Resolved
FAIL0010845,TXN00232953,Invalid PIN,1,Resolved
FAIL0010846,TXN00232972,Bank Server Error,1,Unresolved
FAIL0010847,TXN00232986,Payment Gateway Error,1,Resolved
FAIL0010848,TXN00233021,Bank Server Error,1,Resolved
FAIL0010849,TXN00233025,Payment Gateway Error,1,Resolved
FAIL0010850,TXN00233027,Network Error,2,Resolved
FAIL0010851,TXN00233044,Network Error,2,Unresolved
FAIL0010852,TXN00233061,Payment Gateway Error,2,Unresolved
FAIL0010853,TXN00233067,Payment Gateway Error,2,Resolved
FAIL0010854,TXN00233101,Timeout,1,Resolved
FAIL0010855,TXN00233112,Network Error,1,Unresolved
FAIL0010856,TXN00233126,Invalid PIN,1,Resolved
FAIL0010857,TXN00233150,Bank Server Error,1,Resolved
FAIL0010858,TXN00233215,Payment Gateway Error,2,Resolved
FAIL0010859,TXN00233247,Network Error,1,Unresolved
FAIL0010860,TXN00233254,Bank Server Error,2,Resolved
FAIL0010861,TXN00233298,Bank Server Error,1,Unresolved
FAIL0010862,TXN00233333,Network Error,3,Resolved
FAIL0010863,TXN00233351,Insufficient Balance,1,Unresolved
FAIL0010864,TXN00233411,Bank Server Error,2,Resolved
FAIL0010865,TXN00233426,Limit Exceeded,1,Unresolved
FAIL0010866,TXN00233505,Payment Gateway Error,1,Resolved
FAIL0010867,TXN00233513,Network Error,1,Unresolved
FAIL0010868,TXN00233563,Timeout,2,Resolved
FAIL0010869,TXN00233564,Insufficient Balance,1,Resolved
FAIL0010870,TXN00233579,Limit Exceeded,1,Unresolved
FAIL0010871,TXN00233618,Timeout,1,Unresolved
FAIL0010872,TXN00233628,Bank Server Error,1,Resolved
FAIL0010873,TXN00233649,Insufficient Balance,2,Resolved
FAIL0010874,TXN00233654,Payment Gateway Error,2,Unresolved
FAIL0010875,TXN00233663,Invalid PIN,1,Resolved
FAIL0010876,TXN00233678,Insufficient Balance,1,Unresolved
FAIL0010877,TXN00233689,Insufficient Balance,1,Unresolved
FAIL0010878,TXN00233693,Network Error,3,Resolved
FAIL0010879,TXN00233724,Invalid PIN,1,Resolved
FAIL0010880,TXN00233730,Bank Server Error,1,Unresolved
FAIL0010881,TXN00233739,Limit Exceeded,1,Resolved
FAIL0010882,TXN00233772,Bank Server Error,1,Resolved
FAIL0010883,TXN00233826,Bank Server Error,1,Unresolved
FAIL0010884,TXN00233838,Limit Exceeded,1,Resolved
FAIL0010885,TXN00233840,Payment Gateway Error,2,Resolved
FAIL0010886,TXN00233849,Invalid PIN,2,Unresolved
FAIL0010887,TXN00233860,Bank Server Error,1,Unresolved
FAIL0010888,TXN00233864,Payment Gateway Error,2,Resolved
FAIL0010889,TXN00233871,Payment Gateway Error,2,Unresolved
FAIL0010890,TXN00233874,Bank Server Error,1,Resolved
FAIL0010891,TXN00233926,Bank Server Error,1,Unresolved
FAIL0010892,TXN00233980,Insufficient Balance,1,Resolved
FAIL0010893,TXN00234126,Bank Server Error,1,Resolved
FAIL0010894,TXN00234140,Limit Exceeded,1,Unresolved
FAIL0010895,TXN00234161,Payment Gateway Error,2,Resolved
FAIL0010896,TXN00234179,Bank Server Error,2,Unresolved
FAIL0010897,TXN00234208,Network Error,1,Unresolved
FAIL0010898,TXN00234231,Bank Server Error,1,Resolved
FAIL0010899,TXN00234256,Limit Exceeded,1,Resolved
FAIL0010900,TXN00234301,Bank Server Error,1,Resolved
FAIL0010901,TXN00234308,Invalid PIN,2,Resolved
FAIL0010902,TXN00234318,Payment Gateway Error,1,Unresolved
FAIL0010903,TXN00234338,Network Error,1,Unresolved
FAIL0010904,TXN00234340,Payment Gateway Error,3,Resolved
FAIL0010905,TXN00234354,Bank Server Error,1,Resolved
FAIL0010906,TXN00234366,Timeout,1,Unresolved
FAIL0010907,TXN00234392,Bank Server Error,1,Resolved
FAIL0010908,TXN00234423,Payment Gateway Error,1,Unresolved
FAIL0010909,TXN00234426,Insufficient Balance,1,Unresolved
FAIL0010910,TXN00234461,Bank Server Error,1,Resolved
FAIL0010911,TXN00234508,Limit Exceeded,2,Resolved
FAIL0010912,TXN00234530,Bank Server Error,1,Resolved
FAIL0010913,TXN00234533,Insufficient Balance,1,Resolved
FAIL0010914,TXN00234536,Insufficient Balance,1,Unresolved
FAIL0010915,TXN00234542,Bank Server Error,1,Resolved
FAIL0010916,TXN00234659,Limit Exceeded,1,Unresolved
FAIL0010917,TXN00234690,Bank Server Error,1,Unresolved
FAIL0010918,TXN00234711,Payment Gateway Error,1,Resolved
FAIL0010919,TXN00234742,Insufficient Balance,2,Resolved
FAIL0010920,TXN00234746,Invalid PIN,1,Resolved
FAIL0010921,TXN00234803,Invalid PIN,1,Unresolved
FAIL0010922,TXN00234819,Insufficient Balance,1,Resolved
FAIL0010923,TXN00234830,Network Error,1,Resolved
FAIL0010924,TXN00234832,Network Error,1,Resolved
FAIL0010925,TXN00234856,Payment Gateway Error,2,Resolved
FAIL0010926,TXN00234857,Network Error,1,Resolved
FAIL0010927,TXN00235010,Bank Server Error,1,Resolved
FAIL0010928,TXN00235044,Payment Gateway Error,1,Resolved
FAIL0010929,TXN00235069,Insufficient Balance,1,Resolved
FAIL0010930,TXN00235075,Bank Server Error,1,Unresolved
FAIL0010931,TXN00235118,Insufficient Balance,1,Unresolved
FAIL0010932,TXN00235121,Invalid PIN,1,Unresolved
FAIL0010933,TXN00235206,Bank Server Error,1,Resolved
FAIL0010934,TXN00235213,Payment Gateway Error,1,Unresolved
FAIL0010935,TXN00235214,Network Error,2,Resolved
FAIL0010936,TXN00235253,Insufficient Balance,1,Resolved
FAIL0010937,TXN00235280,Payment Gateway Error,3,Unresolved
FAIL0010938,TXN00235285,Network Error,2,Resolved
FAIL0010939,TXN00235307,Bank Server Error,1,Unresolved
FAIL0010940,TXN00235321,Network Error,1,Resolved
FAIL0010941,TXN00235351,Limit Exceeded,1,Resolved
FAIL0010942,TXN00235406,Invalid PIN,1,Unresolved
FAIL0010943,TXN00235429,Insufficient Balance,1,Resolved
FAIL0010944,TXN00235435,Payment Gateway Error,1,Resolved
FAIL0010945,TXN00235527,Limit Exceeded,2,Resolved
FAIL0010946,TXN00235540,Network Error,1,Unresolved
FAIL0010947,TXN00235570,Payment Gateway Error,1,Unresolved
FAIL0010948,TXN00235572,Invalid PIN,1,Resolved
FAIL0010949,TXN00235605,Payment Gateway Error,1,Resolved
FAIL0010950,TXN00235634,Insufficient Balance,1,Unresolved
FAIL0010951,TXN00235661,Timeout,2,Unresolved
FAIL0010952,TXN00235668,Limit Exceeded,1,Unresolved
FAIL0010953,TXN00235675,Bank Server Error,1,Resolved
FAIL0010954,TXN00235682,Limit Exceeded,1,Unresolved
FAIL0010955,TXN00235693,Payment Gateway Error,2,Unresolved
FAIL0010956,TXN00235718,Network Error,3,Resolved
FAIL0010957,TXN00235734,Limit Exceeded,1,Resolved
FAIL0010958,TXN00235754,Limit Exceeded,1,Resolved
FAIL0010959,TXN00235776,Insufficient Balance,1,Unresolved
FAIL0010960,TXN00235781,Limit Exceeded,1,Unresolved
FAIL0010961,TXN00235819,Insufficient Balance,2,Resolved
FAIL0010962,TXN00235820,Limit Exceeded,1,Resolved
FAIL0010963,TXN00235823,Limit Exceeded,1,Resolved
FAIL0010964,TXN00235927,Bank Server Error,1,Unresolved
FAIL0010965,TXN00235960,Insufficient Balance,1,Unresolved
FAIL0010966,TXN00235975,Insufficient Balance,1,Resolved
FAIL0010967,TXN00235987,Limit Exceeded,2,Resolved
FAIL0010968,TXN00235988,Insufficient Balance,1,Unresolved
FAIL0010969,TXN00235999,Insufficient Balance,2,Resolved
FAIL0010970,TXN00236063,Bank Server Error,1,Resolved
FAIL0010971,TXN00236086,Timeout,1,Resolved
FAIL0010972,TXN00236087,Limit Exceeded,1,Unresolved
FAIL0010973,TXN00236107,Bank Server Error,2,Resolved
FAIL0010974,TXN00236125,Limit Exceeded,1,Resolved
FAIL0010975,TXN00236143,Bank Server Error,1,Resolved
FAIL0010976,TXN00236145,Insufficient Balance,1,Unresolved
FAIL0010977,TXN00236155,Timeout,1,Resolved
FAIL0010978,TXN00236156,Bank Server Error,1,Unresolved
FAIL0010979,TXN00236172,Bank Server Error,2,Resolved
FAIL0010980,TXN00236180,Limit Exceeded,1,Unresolved
FAIL0010981,TXN00236201,Payment Gateway Error,1,Resolved
FAIL0010982,TXN00236259,Network Error,1,Resolved
FAIL0010983,TXN00236298,Network Error,1,Unresolved
FAIL0010984,TXN00236310,Invalid PIN,1,Resolved
FAIL0010985,TXN00236329,Network Error,1,Unresolved
FAIL0010986,TXN00236346,Insufficient Balance,1,Resolved
FAIL0010987,TXN00236369,Insufficient Balance,1,Resolved
FAIL0010988,TXN00236385,Limit Exceeded,2,Unresolved
FAIL0010989,TXN00236388,Limit Exceeded,1,Resolved
FAIL0010990,TXN00236395,Invalid PIN,1,Unresolved
FAIL0010991,TXN00236397,Payment Gateway Error,1,Resolved
FAIL0010992,TXN00236408,Invalid PIN,1,Unresolved
FAIL0010993,TXN00236426,Insufficient Balance,2,Resolved
FAIL0010994,TXN00236458,Insufficient Balance,1,Resolved
FAIL0010995,TXN00236477,Bank Server Error,1,Unresolved
FAIL0010996,TXN00236516,Network Error,1,Unresolved
FAIL0010997,TXN00236580,Invalid PIN,1,Resolved
FAIL0010998,TXN00236647,Network Error,2,Unresolved
FAIL0010999,TXN00236651,Limit Exceeded,1,Unresolved
FAIL0011000,TXN00236669,Payment Gateway Error,1,Resolved
FAIL0011001,TXN00236674,Invalid PIN,3,Resolved
FAIL0011002,TXN00236710,Payment Gateway Error,1,Resolved
FAIL0011003,TXN00236734,Invalid PIN,2,Unresolved
FAIL0011004,TXN00236770,Bank Server Error,2,Unresolved
FAIL0011005,TXN00236773,Insufficient Balance,2,Resolved
FAIL0011006,TXN00236804,Payment Gateway Error,3,Resolved
FAIL0011007,TXN00236848,Bank Server Error,1,Resolved
FAIL0011008,TXN00236883,Bank Server Error,1,Unresolved
FAIL0011009,TXN00236884,Network Error,1,Unresolved
FAIL0011010,TXN00236891,Limit Exceeded,1,Unresolved
FAIL0011011,TXN00236916,Insufficient Balance,1,Resolved
FAIL0011012,TXN00236917,Insufficient Balance,1,Resolved
FAIL0011013,TXN00236960,Insufficient Balance,1,Resolved
FAIL0011014,TXN00236994,Payment Gateway Error,2,Resolved
FAIL0011015,TXN00237065,Bank Server Error,1,Unresolved
FAIL0011016,TXN00237069,Insufficient Balance,1,Resolved
FAIL0011017,TXN00237150,Payment Gateway Error,1,Resolved
FAIL0011018,TXN00237183,Bank Server Error,2,Resolved
FAIL0011019,TXN00237190,Network Error,1,Unresolved
FAIL0011020,TXN00237193,Bank Server Error,1,Resolved
FAIL0011021,TXN00237205,Insufficient Balance,1,Resolved
FAIL0011022,TXN00237246,Bank Server Error,1,Unresolved
FAIL0011023,TXN00237261,Bank Server Error,1,Unresolved
FAIL0011024,TXN00237263,Payment Gateway Error,1,Resolved
FAIL0011025,TXN00237308,Insufficient Balance,2,Resolved
FAIL0011026,TXN00237340,Insufficient Balance,1,Unresolved
FAIL0011027,TXN00237348,Payment Gateway Error,2,Resolved
FAIL0011028,TXN00237353,Network Error,1,Resolved
FAIL0011029,TXN00237364,Bank Server Error,1,Unresolved
FAIL0011030,TXN00237382,Bank Server Error,1,Unresolved
FAIL0011031,TXN00237420,Insufficient Balance,1,Resolved
FAIL0011032,TXN00237460,Timeout,1,Resolved
FAIL0011033,TXN00237468,Network Error,2,Unresolved
FAIL0011034,TXN00237479,Limit Exceeded,1,Resolved
FAIL0011035,TXN00237520,Payment Gateway Error,1,Resolved
FAIL0011036,TXN00237522,Bank Server Error,2,Resolved
FAIL0011037,TXN00237578,Bank Server Error,3,Unresolved
FAIL0011038,TXN00237587,Network Error,1,Resolved
FAIL0011039,TXN00237604,Network Error,1,Resolved
FAIL0011040,TXN00237631,Network Error,1,Resolved
FAIL0011041,TXN00237653,Limit Exceeded,1,Unresolved
FAIL0011042,TXN00237657,Limit Exceeded,1,Unresolved
FAIL0011043,TXN00237685,Bank Server Error,1,Unresolved
FAIL0011044,TXN00237740,Network Error,1,Unresolved
FAIL0011045,TXN00237755,Bank Server Error,1,Resolved
FAIL0011046,TXN00237826,Insufficient Balance,2,Resolved
FAIL0011047,TXN00237834,Payment Gateway Error,2,Resolved
FAIL0011048,TXN00237901,Insufficient Balance,1,Unresolved
FAIL0011049,TXN00237929,Limit Exceeded,1,Resolved
FAIL0011050,TXN00237964,Network Error,1,Resolved
FAIL0011051,TXN00238016,Payment Gateway Error,1,Unresolved
FAIL0011052,TXN00238017,Bank Server Error,2,Unresolved
FAIL0011053,TXN00238031,Bank Server Error,1,Unresolved
FAIL0011054,TXN00238037,Insufficient Balance,1,Resolved
FAIL0011055,TXN00238087,Bank Server Error,3,Resolved
FAIL0011056,TXN00238155,Limit Exceeded,2,Unresolved
FAIL0011057,TXN00238156,Bank Server Error,1,Unresolved
FAIL0011058,TXN00238250,Bank Server Error,1,Resolved
FAIL0011059,TXN00238253,Network Error,1,Resolved
FAIL0011060,TXN00238330,Insufficient Balance,2,Resolved
FAIL0011061,TXN00238363,Network Error,2,Resolved
FAIL0011062,TXN00238387,Insufficient Balance,2,Resolved
FAIL0011063,TXN00238438,Insufficient Balance,1,Resolved
FAIL0011064,TXN00238468,Network Error,1,Unresolved
FAIL0011065,TXN00238470,Bank Server Error,1,Resolved
FAIL0011066,TXN00238474,Payment Gateway Error,2,Unresolved
FAIL0011067,TXN00238533,Insufficient Balance,1,Unresolved
FAIL0011068,TXN00238550,Network Error,1,Resolved
FAIL0011069,TXN00238571,Bank Server Error,1,Resolved
FAIL0011070,TXN00238635,Network Error,2,Resolved
FAIL0011071,TXN00238664,Insufficient Balance,2,Resolved
FAIL0011072,TXN00238667,Insufficient Balance,1,Resolved
FAIL0011073,TXN00238686,Bank Server Error,1,Resolved
FAIL0011074,TXN00238694,Limit Exceeded,1,Unresolved
FAIL0011075,TXN00238708,Insufficient Balance,1,Resolved
FAIL0011076,TXN00238764,Limit Exceeded,1,Resolved
FAIL0011077,TXN00238842,Payment Gateway Error,2,Unresolved
FAIL0011078,TXN00238873,Insufficient Balance,2,Resolved
FAIL0011079,TXN00238876,Payment Gateway Error,1,Resolved
FAIL0011080,TXN00238908,Insufficient Balance,1,Unresolved
FAIL0011081,TXN00238978,Insufficient Balance,1,Resolved
FAIL0011082,TXN00238995,Payment Gateway Error,1,Unresolved
FAIL0011083,TXN00239044,Insufficient Balance,1,Resolved
FAIL0011084,TXN00239079,Invalid PIN,1,Resolved
FAIL0011085,TXN00239093,Insufficient Balance,2,Resolved
FAIL0011086,TXN00239137,Timeout,1,Resolved
FAIL0011087,TXN00239204,Limit Exceeded,1,Unresolved
FAIL0011088,TXN00239207,Insufficient Balance,1,Resolved
FAIL0011089,TXN00239218,Network Error,1,Resolved
FAIL0011090,TXN00239223,Payment Gateway Error,1,Resolved
FAIL0011091,TXN00239249,Timeout,1,Resolved
FAIL0011092,TXN00239255,Payment Gateway Error,1,Unresolved
FAIL0011093,TXN00239277,Insufficient Balance,1,Resolved
FAIL0011094,TXN00239306,Payment Gateway Error,1,Unresolved
FAIL0011095,TXN00239315,Bank Server Error,1,Resolved
FAIL0011096,TXN00239323,Payment Gateway Error,1,Unresolved
FAIL0011097,TXN00239341,Insufficient Balance,1,Resolved
FAIL0011098,TXN00239362,Insufficient Balance,2,Resolved
FAIL0011099,TXN00239379,Timeout,1,Resolved
FAIL0011100,TXN00239391,Insufficient Balance,2,Unresolved
FAIL0011101,TXN00239395,Insufficient Balance,1,Unresolved
FAIL0011102,TXN00239412,Limit Exceeded,1,Resolved
FAIL0011103,TXN00239463,Insufficient Balance,1,Unresolved
FAIL0011104,TXN00239569,Bank Server Error,1,Resolved
FAIL0011105,TXN00239604,Insufficient Balance,1,Resolved
FAIL0011106,TXN00239633,Limit Exceeded,1,Resolved
FAIL0011107,TXN00239638,Network Error,1,Unresolved
FAIL0011108,TXN00239707,Bank Server Error,2,Unresolved
FAIL0011109,TXN00239710,Limit Exceeded,1,Unresolved
FAIL0011110,TXN00239712,Insufficient Balance,1,Resolved
FAIL0011111,TXN00239725,Bank Server Error,1,Resolved
FAIL0011112,TXN00239793,Limit Exceeded,2,Resolved
FAIL0011113,TXN00239819,Payment Gateway Error,1,Unresolved
FAIL0011114,TXN00239823,Limit Exceeded,1,Resolved
FAIL0011115,TXN00239828,Insufficient Balance,3,Resolved
FAIL0011116,TXN00239843,Insufficient Balance,1,Resolved
FAIL0011117,TXN00239876,Payment Gateway Error,1,Resolved
FAIL0011118,TXN00239893,Limit Exceeded,1,Unresolved
FAIL0011119,TXN00239895,Payment Gateway Error,1,Resolved
FAIL0011120,TXN00239953,Network Error,1,Resolved
FAIL0011121,TXN00239964,Payment Gateway Error,1,Resolved
FAIL0011122,TXN00239996,Payment Gateway Error,1,Resolved
FAIL0011123,TXN00240013,Bank Server Error,1,Resolved
FAIL0011124,TXN00240059,Payment Gateway Error,3,Resolved
FAIL0011125,TXN00240081,Payment Gateway Error,1,Unresolved
FAIL0011126,TXN00240082,Bank Server Error,3,Resolved
FAIL0011127,TXN00240109,Insufficient Balance,1,Resolved
FAIL0011128,TXN00240149,Network Error,1,Unresolved
FAIL0011129,TXN00240153,Limit Exceeded,1,Resolved
FAIL0011130,TXN00240157,Limit Exceeded,1,Resolved
FAIL0011131,TXN00240170,Payment Gateway Error,1,Unresolved
FAIL0011132,TXN00240218,Payment Gateway Error,1,Resolved
FAIL0011133,TXN00240300,Insufficient Balance,2,Unresolved
FAIL0011134,TXN00240336,Invalid PIN,1,Resolved
FAIL0011135,TXN00240366,Network Error,1,Unresolved
FAIL0011136,TXN00240376,Limit Exceeded,2,Unresolved
FAIL0011137,TXN00240413,Payment Gateway Error,2,Resolved
FAIL0011138,TXN00240472,Bank Server Error,1,Resolved
FAIL0011139,TXN00240476,Network Error,1,Resolved
FAIL0011140,TXN00240486,Insufficient Balance,1,Unresolved
FAIL0011141,TXN00240511,Timeout,1,Resolved
FAIL0011142,TXN00240512,Limit Exceeded,1,Resolved
FAIL0011143,TXN00240519,Timeout,1,Unresolved
FAIL0011144,TXN00240534,Timeout,2,Resolved
FAIL0011145,TXN00240613,Timeout,1,Unresolved
FAIL0011146,TXN00240623,Limit Exceeded,1,Resolved
FAIL0011147,TXN00240647,Network Error,1,Resolved
FAIL0011148,TXN00240679,Limit Exceeded,1,Resolved
FAIL0011149,TXN00240682,Bank Server Error,1,Unresolved
FAIL0011150,TXN00240685,Invalid PIN,3,Unresolved
FAIL0011151,TXN00240780,Payment Gateway Error,3,Resolved
FAIL0011152,TXN00240801,Bank Server Error,1,Resolved
FAIL0011153,TXN00240822,Invalid PIN,1,Unresolved
FAIL0011154,TXN00240831,Limit Exceeded,1,Unresolved
FAIL0011155,TXN00240848,Payment Gateway Error,2,Unresolved
FAIL0011156,TXN00240861,Insufficient Balance,1,Resolved
FAIL0011157,TXN00240883,Insufficient Balance,2,Resolved
FAIL0011158,TXN00240884,Bank Server Error,2,Resolved
FAIL0011159,TXN00240907,Bank Server Error,1,Unresolved
FAIL0011160,TXN00240912,Invalid PIN,2,Resolved
FAIL0011161,TXN00240913,Payment Gateway Error,1,Resolved
FAIL0011162,TXN00240917,Timeout,1,Resolved
FAIL0011163,TXN00240922,Insufficient Balance,1,Resolved
FAIL0011164,TXN00240936,Network Error,1,Resolved
FAIL0011165,TXN00240981,Limit Exceeded,2,Resolved
FAIL0011166,TXN00240994,Bank Server Error,1,Unresolved
FAIL0011167,TXN00241028,Bank Server Error,2,Resolved
FAIL0011168,TXN00241040,Invalid PIN,1,Unresolved
FAIL0011169,TXN00241092,Invalid PIN,3,Unresolved
FAIL0011170,TXN00241118,Payment Gateway Error,1,Unresolved
FAIL0011171,TXN00241123,Network Error,1,Resolved
FAIL0011172,TXN00241131,Network Error,1,Unresolved
FAIL0011173,TXN00241156,Payment Gateway Error,1,Unresolved
FAIL0011174,TXN00241175,Bank Server Error,1,Unresolved
FAIL0011175,TXN00241192,Bank Server Error,1,Unresolved
FAIL0011176,TXN00241200,Insufficient Balance,1,Unresolved
FAIL0011177,TXN00241202,Bank Server Error,1,Unresolved
FAIL0011178,TXN00241213,Payment Gateway Error,2,Resolved
FAIL0011179,TXN00241247,Bank Server Error,1,Unresolved
FAIL0011180,TXN00241254,Payment Gateway Error,1,Resolved
FAIL0011181,TXN00241268,Insufficient Balance,1,Resolved
FAIL0011182,TXN00241297,Payment Gateway Error,1,Resolved
FAIL0011183,TXN00241331,Bank Server Error,2,Resolved
FAIL0011184,TXN00241340,Payment Gateway Error,1,Unresolved
FAIL0011185,TXN00241341,Timeout,1,Resolved
FAIL0011186,TXN00241366,Insufficient Balance,3,Resolved
FAIL0011187,TXN00241407,Bank Server Error,1,Resolved
FAIL0011188,TXN00241419,Network Error,1,Resolved
FAIL0011189,TXN00241429,Insufficient Balance,1,Unresolved
FAIL0011190,TXN00241496,Network Error,3,Resolved
FAIL0011191,TXN00241502,Bank Server Error,1,Resolved
FAIL0011192,TXN00241512,Invalid PIN,1,Resolved
FAIL0011193,TXN00241553,Limit Exceeded,1,Resolved
FAIL0011194,TXN00241575,Bank Server Error,1,Resolved
FAIL0011195,TXN00241591,Invalid PIN,2,Resolved
FAIL0011196,TXN00241594,Payment Gateway Error,1,Resolved
FAIL0011197,TXN00241615,Bank Server Error,1,Resolved
FAIL0011198,TXN00241622,Insufficient Balance,1,Resolved
FAIL0011199,TXN00241641,Insufficient Balance,2,Resolved
FAIL0011200,TXN00241659,Bank Server Error,1,Unresolved
FAIL0011201,TXN00241703,Bank Server Error,2,Resolved
FAIL0011202,TXN00241708,Bank Server Error,3,Resolved
FAIL0011203,TXN00241781,Limit Exceeded,3,Resolved
FAIL0011204,TXN00241785,Payment Gateway Error,3,Resolved
FAIL0011205,TXN00241872,Timeout,1,Unresolved
FAIL0011206,TXN00241886,Insufficient Balance,1,Unresolved
FAIL0011207,TXN00241920,Insufficient Balance,1,Resolved
FAIL0011208,TXN00241924,Limit Exceeded,1,Resolved
FAIL0011209,TXN00241938,Invalid PIN,1,Unresolved
FAIL0011210,TXN00241948,Limit Exceeded,1,Unresolved
FAIL0011211,TXN00241961,Bank Server Error,1,Unresolved
FAIL0011212,TXN00241963,Limit Exceeded,1,Unresolved
FAIL0011213,TXN00241996,Payment Gateway Error,1,Resolved
FAIL0011214,TXN00242002,Payment Gateway Error,2,Resolved
FAIL0011215,TXN00242020,Insufficient Balance,2,Resolved
FAIL0011216,TXN00242076,Limit Exceeded,1,Resolved
FAIL0011217,TXN00242115,Insufficient Balance,1,Unresolved
FAIL0011218,TXN00242119,Insufficient Balance,1,Resolved
FAIL0011219,TXN00242170,Bank Server Error,1,Resolved
FAIL0011220,TXN00242193,Payment Gateway Error,2,Resolved
FAIL0011221,TXN00242201,Limit Exceeded,2,Unresolved
FAIL0011222,TXN00242204,Payment Gateway Error,1,Unresolved
FAIL0011223,TXN00242219,Network Error,2,Resolved
FAIL0011224,TXN00242233,Insufficient Balance,1,Unresolved
FAIL0011225,TXN00242241,Payment Gateway Error,1,Resolved
FAIL0011226,TXN00242242,Network Error,1,Resolved
FAIL0011227,TXN00242245,Network Error,1,Resolved
FAIL0011228,TXN00242264,Timeout,2,Resolved
FAIL0011229,TXN00242267,Bank Server Error,2,Resolved
FAIL0011230,TXN00242328,Payment Gateway Error,1,Resolved
FAIL0011231,TXN00242362,Insufficient Balance,1,Resolved
FAIL0011232,TXN00242365,Insufficient Balance,1,Unresolved
FAIL0011233,TXN00242379,Insufficient Balance,1,Resolved
FAIL0011234,TXN00242381,Limit Exceeded,2,Resolved
FAIL0011235,TXN00242408,Payment Gateway Error,1,Unresolved
FAIL0011236,TXN00242422,Insufficient Balance,1,Unresolved
FAIL0011237,TXN00242430,Insufficient Balance,2,Unresolved
FAIL0011238,TXN00242439,Bank Server Error,2,Resolved
FAIL0011239,TXN00242440,Bank Server Error,1,Resolved
FAIL0011240,TXN00242447,Limit Exceeded,2,Unresolved
FAIL0011241,TXN00242469,Network Error,1,Resolved
FAIL0011242,TXN00242490,Payment Gateway Error,1,Unresolved
FAIL0011243,TXN00242493,Payment Gateway Error,1,Resolved
FAIL0011244,TXN00242505,Network Error,1,Unresolved
FAIL0011245,TXN00242519,Payment Gateway Error,1,Resolved
FAIL0011246,TXN00242533,Limit Exceeded,1,Resolved
FAIL0011247,TXN00242569,Network Error,1,Unresolved
FAIL0011248,TXN00242570,Payment Gateway Error,1,Resolved
FAIL0011249,TXN00242628,Payment Gateway Error,2,Resolved
FAIL0011250,TXN00242631,Network Error,1,Resolved
FAIL0011251,TXN00242685,Network Error,3,Resolved
FAIL0011252,TXN00242703,Insufficient Balance,1,Resolved
FAIL0011253,TXN00242704,Payment Gateway Error,3,Resolved
FAIL0011254,TXN00242757,Network Error,2,Unresolved
FAIL0011255,TXN00242791,Insufficient Balance,2,Resolved
FAIL0011256,TXN00242826,Bank Server Error,2,Unresolved
FAIL0011257,TXN00242836,Network Error,1,Resolved
FAIL0011258,TXN00242837,Timeout,1,Resolved
FAIL0011259,TXN00242843,Timeout,1,Unresolved
FAIL0011260,TXN00242844,Network Error,1,Resolved
FAIL0011261,TXN00242849,Payment Gateway Error,1,Resolved
FAIL0011262,TXN00242850,Limit Exceeded,2,Resolved
FAIL0011263,TXN00242857,Invalid PIN,1,Unresolved
FAIL0011264,TXN00242862,Network Error,1,Unresolved
FAIL0011265,TXN00242885,Network Error,1,Resolved
FAIL0011266,TXN00242914,Bank Server Error,2,Resolved
FAIL0011267,TXN00242950,Bank Server Error,2,Unresolved
FAIL0011268,TXN00242975,Insufficient Balance,1,Unresolved
FAIL0011269,TXN00242976,Limit Exceeded,1,Unresolved
FAIL0011270,TXN00242983,Payment Gateway Error,1,Unresolved
FAIL0011271,TXN00243027,Network Error,2,Resolved
FAIL0011272,TXN00243061,Network Error,1,Unresolved
FAIL0011273,TXN00243077,Bank Server Error,1,Resolved
FAIL0011274,TXN00243083,Invalid PIN,1,Resolved
FAIL0011275,TXN00243114,Network Error,1,Unresolved
FAIL0011276,TXN00243158,Limit Exceeded,1,Unresolved
FAIL0011277,TXN00243192,Bank Server Error,2,Resolved
FAIL0011278,TXN00243223,Bank Server Error,1,Unresolved
FAIL0011279,TXN00243225,Payment Gateway Error,1,Resolved
FAIL0011280,TXN00243294,Limit Exceeded,2,Resolved
FAIL0011281,TXN00243304,Insufficient Balance,1,Unresolved
FAIL0011282,TXN00243322,Insufficient Balance,1,Unresolved
FAIL0011283,TXN00243327,Limit Exceeded,1,Resolved
FAIL0011284,TXN00243333,Insufficient Balance,2,Resolved
FAIL0011285,TXN00243355,Timeout,2,Resolved
FAIL0011286,TXN00243378,Payment Gateway Error,1,Resolved
FAIL0011287,TXN00243389,Bank Server Error,2,Resolved
FAIL0011288,TXN00243408,Timeout,1,Resolved
FAIL0011289,TXN00243410,Bank Server Error,1,Unresolved
FAIL0011290,TXN00243416,Payment Gateway Error,1,Unresolved
FAIL0011291,TXN00243433,Bank Server Error,3,Resolved
FAIL0011292,TXN00243443,Insufficient Balance,1,Resolved
FAIL0011293,TXN00243450,Network Error,1,Unresolved
FAIL0011294,TXN00243466,Network Error,2,Unresolved
FAIL0011295,TXN00243476,Payment Gateway Error,1,Resolved
FAIL0011296,TXN00243483,Insufficient Balance,2,Unresolved
FAIL0011297,TXN00243504,Network Error,2,Resolved
FAIL0011298,TXN00243518,Payment Gateway Error,1,Unresolved
FAIL0011299,TXN00243535,Insufficient Balance,1,Resolved
FAIL0011300,TXN00243543,Bank Server Error,2,Resolved
FAIL0011301,TXN00243593,Payment Gateway Error,2,Resolved
FAIL0011302,TXN00243604,Insufficient Balance,2,Resolved
FAIL0011303,TXN00243643,Network Error,2,Resolved
FAIL0011304,TXN00243669,Timeout,2,Resolved
FAIL0011305,TXN00243676,Insufficient Balance,2,Unresolved
FAIL0011306,TXN00243711,Insufficient Balance,2,Resolved
FAIL0011307,TXN00243761,Network Error,1,Resolved
FAIL0011308,TXN00243763,Limit Exceeded,1,Resolved
FAIL0011309,TXN00243792,Bank Server Error,1,Resolved
FAIL0011310,TXN00243797,Limit Exceeded,1,Unresolved
FAIL0011311,TXN00243811,Bank Server Error,1,Unresolved
FAIL0011312,TXN00243817,Payment Gateway Error,2,Resolved
FAIL0011313,TXN00243819,Bank Server Error,1,Unresolved
FAIL0011314,TXN00243837,Payment Gateway Error,1,Resolved
FAIL0011315,TXN00243853,Network Error,1,Unresolved
FAIL0011316,TXN00243880,Payment Gateway Error,1,Resolved
FAIL0011317,TXN00243909,Timeout,1,Unresolved
FAIL0011318,TXN00243954,Bank Server Error,1,Unresolved
FAIL0011319,TXN00243967,Timeout,1,Unresolved
FAIL0011320,TXN00243975,Timeout,2,Unresolved
FAIL0011321,TXN00243994,Insufficient Balance,2,Resolved
FAIL0011322,TXN00243995,Insufficient Balance,1,Resolved
FAIL0011323,TXN00244019,Payment Gateway Error,1,Resolved
FAIL0011324,TXN00244042,Limit Exceeded,1,Unresolved
FAIL0011325,TXN00244047,Invalid PIN,2,Resolved
FAIL0011326,TXN00244062,Bank Server Error,3,Resolved
FAIL0011327,TXN00244077,Insufficient Balance,2,Unresolved
FAIL0011328,TXN00244089,Payment Gateway Error,1,Resolved
FAIL0011329,TXN00244112,Bank Server Error,1,Unresolved
FAIL0011330,TXN00244127,Network Error,2,Unresolved
FAIL0011331,TXN00244132,Bank Server Error,2,Resolved
FAIL0011332,TXN00244141,Payment Gateway Error,1,Resolved
FAIL0011333,TXN00244162,Bank Server Error,2,Resolved
FAIL0011334,TXN00244183,Payment Gateway Error,1,Resolved
FAIL0011335,TXN00244198,Insufficient Balance,1,Resolved
FAIL0011336,TXN00244209,Limit Exceeded,2,Resolved
FAIL0011337,TXN00244228,Payment Gateway Error,1,Unresolved
FAIL0011338,TXN00244240,Bank Server Error,2,Resolved
FAIL0011339,TXN00244256,Bank Server Error,1,Resolved
FAIL0011340,TXN00244309,Network Error,1,Unresolved
FAIL0011341,TXN00244385,Invalid PIN,1,Unresolved
FAIL0011342,TXN00244395,Bank Server Error,2,Resolved
FAIL0011343,TXN00244439,Invalid PIN,1,Resolved
FAIL0011344,TXN00244454,Bank Server Error,1,Unresolved
FAIL0011345,TXN00244471,Payment Gateway Error,2,Resolved
FAIL0011346,TXN00244520,Bank Server Error,1,Resolved
FAIL0011347,TXN00244545,Limit Exceeded,2,Resolved
FAIL0011348,TXN00244555,Bank Server Error,1,Resolved
FAIL0011349,TXN00244557,Network Error,2,Resolved
FAIL0011350,TXN00244626,Bank Server Error,1,Unresolved
FAIL0011351,TXN00244633,Bank Server Error,1,Unresolved
FAIL0011352,TXN00244638,Limit Exceeded,2,Resolved
FAIL0011353,TXN00244677,Limit Exceeded,1,Unresolved
FAIL0011354,TXN00244679,Insufficient Balance,3,Resolved
FAIL0011355,TXN00244697,Network Error,1,Resolved
FAIL0011356,TXN00244701,Insufficient Balance,1,Resolved
FAIL0011357,TXN00244705,Bank Server Error,1,Resolved
FAIL0011358,TXN00244718,Limit Exceeded,1,Resolved
FAIL0011359,TXN00244746,Payment Gateway Error,1,Resolved
FAIL0011360,TXN00244748,Limit Exceeded,2,Resolved
FAIL0011361,TXN00244771,Timeout,1,Resolved
FAIL0011362,TXN00244853,Invalid PIN,1,Resolved
FAIL0011363,TXN00244866,Bank Server Error,3,Resolved
FAIL0011364,TXN00244869,Insufficient Balance,1,Resolved
FAIL0011365,TXN00244881,Network Error,1,Unresolved
FAIL0011366,TXN00244883,Insufficient Balance,1,Resolved
FAIL0011367,TXN00244934,Limit Exceeded,1,Resolved
FAIL0011368,TXN00244943,Bank Server Error,1,Unresolved
FAIL0011369,TXN00244976,Bank Server Error,1,Unresolved
FAIL0011370,TXN00244993,Limit Exceeded,1,Resolved
FAIL0011371,TXN00245022,Bank Server Error,1,Resolved
FAIL0011372,TXN00245033,Limit Exceeded,1,Resolved
FAIL0011373,TXN00245036,Timeout,2,Unresolved
FAIL0011374,TXN00245052,Timeout,1,Resolved
FAIL0011375,TXN00245083,Insufficient Balance,1,Unresolved
FAIL0011376,TXN00245084,Insufficient Balance,2,Unresolved
FAIL0011377,TXN00245085,Payment Gateway Error,1,Resolved
FAIL0011378,TXN00245088,Bank Server Error,1,Unresolved
FAIL0011379,TXN00245107,Insufficient Balance,3,Unresolved
FAIL0011380,TXN00245120,Payment Gateway Error,1,Resolved
FAIL0011381,TXN00245137,Payment Gateway Error,1,Unresolved
FAIL0011382,TXN00245145,Limit Exceeded,1,Resolved
FAIL0011383,TXN00245182,Insufficient Balance,1,Unresolved
FAIL0011384,TXN00245197,Bank Server Error,1,Unresolved
FAIL0011385,TXN00245223,Insufficient Balance,3,Resolved
FAIL0011386,TXN00245224,Invalid PIN,1,Unresolved
FAIL0011387,TXN00245245,Bank Server Error,1,Resolved
FAIL0011388,TXN00245259,Bank Server Error,1,Resolved
FAIL0011389,TXN00245261,Limit Exceeded,1,Resolved
FAIL0011390,TXN00245275,Timeout,1,Resolved
FAIL0011391,TXN00245308,Insufficient Balance,1,Resolved
FAIL0011392,TXN00245313,Payment Gateway Error,1,Resolved
FAIL0011393,TXN00245315,Insufficient Balance,3,Resolved
FAIL0011394,TXN00245321,Network Error,1,Resolved
FAIL0011395,TXN00245339,Bank Server Error,2,Unresolved
FAIL0011396,TXN00245357,Bank Server Error,1,Resolved
FAIL0011397,TXN00245376,Insufficient Balance,1,Unresolved
FAIL0011398,TXN00245387,Insufficient Balance,1,Unresolved
FAIL0011399,TXN00245392,Payment Gateway Error,2,Unresolved
FAIL0011400,TXN00245403,Network Error,2,Unresolved
FAIL0011401,TXN00245421,Network Error,1,Unresolved
FAIL0011402,TXN00245452,Payment Gateway Error,1,Unresolved
FAIL0011403,TXN00245456,Network Error,2,Unresolved
FAIL0011404,TXN00245467,Bank Server Error,1,Resolved
FAIL0011405,TXN00245481,Invalid PIN,1,Resolved
FAIL0011406,TXN00245488,Insufficient Balance,1,Unresolved
FAIL0011407,TXN00245505,Insufficient Balance,3,Resolved
FAIL0011408,TXN00245516,Invalid PIN,1,Resolved
FAIL0011409,TXN00245527,Insufficient Balance,2,Resolved
FAIL0011410,TXN00245552,Bank Server Error,1,Resolved
FAIL0011411,TXN00245584,Payment Gateway Error,1,Unresolved
FAIL0011412,TXN00245592,Insufficient Balance,2,Resolved
FAIL0011413,TXN00245626,Network Error,1,Unresolved
FAIL0011414,TXN00245664,Bank Server Error,3,Resolved
FAIL0011415,TXN00245668,Bank Server Error,2,Resolved
FAIL0011416,TXN00245678,Payment Gateway Error,2,Resolved
FAIL0011417,TXN00245681,Limit Exceeded,1,Resolved
FAIL0011418,TXN00245683,Invalid PIN,1,Resolved
FAIL0011419,TXN00245740,Bank Server Error,1,Resolved
FAIL0011420,TXN00245764,Timeout,2,Resolved
FAIL0011421,TXN00245800,Bank Server Error,1,Unresolved
FAIL0011422,TXN00245827,Timeout,1,Unresolved
FAIL0011423,TXN00245855,Limit Exceeded,2,Resolved
FAIL0011424,TXN00245901,Payment Gateway Error,2,Unresolved
FAIL0011425,TXN00245908,Bank Server Error,1,Resolved
FAIL0011426,TXN00245973,Limit Exceeded,3,Resolved
FAIL0011427,TXN00245994,Bank Server Error,1,Unresolved
FAIL0011428,TXN00246012,Invalid PIN,1,Resolved
FAIL0011429,TXN00246026,Invalid PIN,1,Resolved
FAIL0011430,TXN00246049,Insufficient Balance,1,Resolved
FAIL0011431,TXN00246072,Invalid PIN,1,Unresolved
FAIL0011432,TXN00246074,Payment Gateway Error,1,Resolved
FAIL0011433,TXN00246091,Network Error,1,Unresolved
FAIL0011434,TXN00246093,Bank Server Error,1,Resolved
FAIL0011435,TXN00246114,Limit Exceeded,2,Resolved
FAIL0011436,TXN00246135,Bank Server Error,1,Resolved
FAIL0011437,TXN00246140,Bank Server Error,1,Unresolved
FAIL0011438,TXN00246143,Timeout,1,Resolved
FAIL0011439,TXN00246153,Bank Server Error,1,Resolved
FAIL0011440,TXN00246172,Bank Server Error,1,Unresolved
FAIL0011441,TXN00246204,Payment Gateway Error,1,Unresolved
FAIL0011442,TXN00246211,Network Error,1,Unresolved
FAIL0011443,TXN00246217,Payment Gateway Error,1,Resolved
FAIL0011444,TXN00246231,Insufficient Balance,2,Resolved
FAIL0011445,TXN00246235,Payment Gateway Error,2,Unresolved
FAIL0011446,TXN00246236,Insufficient Balance,1,Unresolved
FAIL0011447,TXN00246265,Network Error,1,Unresolved
FAIL0011448,TXN00246293,Limit Exceeded,2,Resolved
FAIL0011449,TXN00246296,Payment Gateway Error,1,Unresolved
FAIL0011450,TXN00246298,Insufficient Balance,3,Resolved
FAIL0011451,TXN00246318,Payment Gateway Error,1,Unresolved
FAIL0011452,TXN00246319,Payment Gateway Error,1,Unresolved
FAIL0011453,TXN00246364,Limit Exceeded,2,Resolved
FAIL0011454,TXN00246368,Limit Exceeded,1,Resolved
FAIL0011455,TXN00246378,Limit Exceeded,1,Resolved
FAIL0011456,TXN00246388,Timeout,1,Resolved
FAIL0011457,TXN00246407,Timeout,3,Resolved
FAIL0011458,TXN00246409,Limit Exceeded,1,Unresolved
FAIL0011459,TXN00246469,Network Error,2,Unresolved
FAIL0011460,TXN00246478,Bank Server Error,1,Resolved
FAIL0011461,TXN00246497,Insufficient Balance,1,Resolved
FAIL0011462,TXN00246514,Limit Exceeded,1,Resolved
FAIL0011463,TXN00246555,Timeout,1,Resolved
FAIL0011464,TXN00246562,Timeout,1,Resolved
FAIL0011465,TXN00246573,Insufficient Balance,1,Resolved
FAIL0011466,TXN00246640,Network Error,1,Unresolved
FAIL0011467,TXN00246642,Limit Exceeded,2,Resolved
FAIL0011468,TXN00246645,Bank Server Error,3,Resolved
FAIL0011469,TXN00246674,Bank Server Error,2,Resolved
FAIL0011470,TXN00246675,Payment Gateway Error,1,Resolved
FAIL0011471,TXN00246696,Insufficient Balance,1,Unresolved
FAIL0011472,TXN00246703,Bank Server Error,1,Unresolved
FAIL0011473,TXN00246736,Timeout,1,Resolved
FAIL0011474,TXN00246759,Payment Gateway Error,1,Resolved
FAIL0011475,TXN00246766,Payment Gateway Error,2,Resolved
FAIL0011476,TXN00246792,Timeout,1,Resolved
FAIL0011477,TXN00246816,Insufficient Balance,2,Unresolved
FAIL0011478,TXN00246839,Limit Exceeded,1,Resolved
FAIL0011479,TXN00246882,Bank Server Error,2,Resolved
FAIL0011480,TXN00246892,Insufficient Balance,1,Resolved
FAIL0011481,TXN00246924,Limit Exceeded,2,Resolved
FAIL0011482,TXN00246938,Network Error,3,Resolved
FAIL0011483,TXN00246965,Network Error,1,Resolved
FAIL0011484,TXN00246979,Bank Server Error,1,Unresolved
FAIL0011485,TXN00247035,Bank Server Error,1,Unresolved
FAIL0011486,TXN00247057,Payment Gateway Error,2,Unresolved
FAIL0011487,TXN00247104,Payment Gateway Error,1,Unresolved
FAIL0011488,TXN00247123,Bank Server Error,2,Resolved
FAIL0011489,TXN00247144,Insufficient Balance,1,Resolved
FAIL0011490,TXN00247236,Bank Server Error,3,Resolved
FAIL0011491,TXN00247241,Payment Gateway Error,2,Resolved
FAIL0011492,TXN00247248,Insufficient Balance,2,Resolved
FAIL0011493,TXN00247260,Insufficient Balance,3,Resolved
FAIL0011494,TXN00247261,Payment Gateway Error,1,Unresolved
FAIL0011495,TXN00247267,Bank Server Error,1,Unresolved
FAIL0011496,TXN00247373,Insufficient Balance,1,Resolved
FAIL0011497,TXN00247394,Limit Exceeded,2,Resolved
FAIL0011498,TXN00247414,Limit Exceeded,2,Resolved
FAIL0011499,TXN00247425,Bank Server Error,1,Resolved
FAIL0011500,TXN00247440,Insufficient Balance,1,Unresolved
FAIL0011501,TXN00247448,Bank Server Error,1,Unresolved
FAIL0011502,TXN00247560,Payment Gateway Error,2,Resolved
FAIL0011503,TXN00247569,Bank Server Error,1,Unresolved
FAIL0011504,TXN00247585,Limit Exceeded,1,Unresolved
FAIL0011505,TXN00247586,Invalid PIN,1,Unresolved
FAIL0011506,TXN00247592,Timeout,1,Unresolved
FAIL0011507,TXN00247613,Network Error,1,Resolved
FAIL0011508,TXN00247625,Bank Server Error,1,Unresolved
FAIL0011509,TXN00247643,Insufficient Balance,1,Resolved
FAIL0011510,TXN00247649,Insufficient Balance,1,Resolved
FAIL0011511,TXN00247668,Timeout,1,Unresolved
FAIL0011512,TXN00247685,Insufficient Balance,1,Resolved
FAIL0011513,TXN00247746,Bank Server Error,1,Resolved
FAIL0011514,TXN00247749,Invalid PIN,1,Resolved
FAIL0011515,TXN00247771,Insufficient Balance,1,Unresolved
FAIL0011516,TXN00247779,Network Error,1,Resolved
FAIL0011517,TXN00247803,Insufficient Balance,3,Resolved
FAIL0011518,TXN00247825,Bank Server Error,1,Resolved
FAIL0011519,TXN00247865,Network Error,1,Resolved
FAIL0011520,TXN00247938,Invalid PIN,1,Resolved
FAIL0011521,TXN00247963,Bank Server Error,1,Unresolved
FAIL0011522,TXN00247983,Bank Server Error,1,Resolved
FAIL0011523,TXN00247999,Insufficient Balance,1,Resolved
FAIL0011524,TXN00248015,Invalid PIN,1,Unresolved
FAIL0011525,TXN00248029,Bank Server Error,1,Resolved
FAIL0011526,TXN00248048,Timeout,2,Unresolved
FAIL0011527,TXN00248058,Bank Server Error,2,Resolved
FAIL0011528,TXN00248062,Limit Exceeded,3,Resolved
FAIL0011529,TXN00248085,Network Error,1,Unresolved
FAIL0011530,TXN00248093,Limit Exceeded,2,Resolved
FAIL0011531,TXN00248132,Network Error,1,Resolved
FAIL0011532,TXN00248145,Limit Exceeded,1,Resolved
FAIL0011533,TXN00248190,Network Error,1,Unresolved
FAIL0011534,TXN00248215,Limit Exceeded,1,Resolved
FAIL0011535,TXN00248218,Insufficient Balance,1,Resolved
FAIL0011536,TXN00248247,Bank Server Error,1,Resolved
FAIL0011537,TXN00248250,Payment Gateway Error,1,Resolved
FAIL0011538,TXN00248275,Limit Exceeded,1,Unresolved
FAIL0011539,TXN00248280,Bank Server Error,2,Resolved
FAIL0011540,TXN00248282,Timeout,2,Resolved
FAIL0011541,TXN00248316,Insufficient Balance,3,Resolved
FAIL0011542,TXN00248341,Insufficient Balance,1,Unresolved
FAIL0011543,TXN00248360,Network Error,1,Resolved
FAIL0011544,TXN00248391,Bank Server Error,1,Resolved
FAIL0011545,TXN00248429,Payment Gateway Error,1,Resolved
FAIL0011546,TXN00248430,Network Error,2,Resolved
FAIL0011547,TXN00248441,Payment Gateway Error,1,Resolved
FAIL0011548,TXN00248447,Bank Server Error,2,Unresolved
FAIL0011549,TXN00248460,Bank Server Error,1,Resolved
FAIL0011550,TXN00248462,Timeout,3,Resolved
FAIL0011551,TXN00248503,Bank Server Error,1,Resolved
FAIL0011552,TXN00248507,Network Error,1,Unresolved
FAIL0011553,TXN00248514,Payment Gateway Error,2,Resolved
FAIL0011554,TXN00248528,Network Error,1,Resolved
FAIL0011555,TXN00248533,Bank Server Error,1,Resolved
FAIL0011556,TXN00248577,Network Error,1,Unresolved
FAIL0011557,TXN00248610,Timeout,1,Unresolved
FAIL0011558,TXN00248613,Limit Exceeded,2,Resolved
FAIL0011559,TXN00248621,Insufficient Balance,1,Resolved
FAIL0011560,TXN00248625,Limit Exceeded,1,Resolved
FAIL0011561,TXN00248627,Bank Server Error,1,Unresolved
FAIL0011562,TXN00248643,Bank Server Error,2,Resolved
FAIL0011563,TXN00248649,Timeout,1,Resolved
FAIL0011564,TXN00248683,Invalid PIN,1,Resolved
FAIL0011565,TXN00248699,Insufficient Balance,2,Resolved
FAIL0011566,TXN00248725,Network Error,1,Resolved
FAIL0011567,TXN00248761,Timeout,3,Resolved
FAIL0011568,TXN00248773,Network Error,1,Resolved
FAIL0011569,TXN00248774,Insufficient Balance,1,Resolved
FAIL0011570,TXN00248801,Insufficient Balance,1,Unresolved
FAIL0011571,TXN00248807,Network Error,1,Resolved
FAIL0011572,TXN00248809,Network Error,1,Unresolved
FAIL0011573,TXN00248848,Insufficient Balance,1,Resolved
FAIL0011574,TXN00248887,Payment Gateway Error,1,Unresolved
FAIL0011575,TXN00248895,Timeout,1,Resolved
FAIL0011576,TXN00248909,Bank Server Error,1,Resolved
FAIL0011577,TXN00248953,Insufficient Balance,1,Resolved
FAIL0011578,TXN00249016,Bank Server Error,1,Resolved
FAIL0011579,TXN00249030,Timeout,1,Unresolved
FAIL0011580,TXN00249047,Bank Server Error,1,Unresolved
FAIL0011581,TXN00249095,Payment Gateway Error,1,Unresolved
FAIL0011582,TXN00249099,Timeout,1,Unresolved
FAIL0011583,TXN00249122,Bank Server Error,1,Resolved
FAIL0011584,TXN00249125,Timeout,2,Unresolved
FAIL0011585,TXN00249139,Limit Exceeded,1,Unresolved
FAIL0011586,TXN00249151,Network Error,1,Resolved
FAIL0011587,TXN00249176,Bank Server Error,1,Unresolved
FAIL0011588,TXN00249207,Insufficient Balance,1,Resolved
FAIL0011589,TXN00249210,Limit Exceeded,3,Resolved
FAIL0011590,TXN00249214,Payment Gateway Error,1,Resolved
FAIL0011591,TXN00249219,Payment Gateway Error,1,Resolved
FAIL0011592,TXN00249269,Bank Server Error,1,Resolved
FAIL0011593,TXN00249311,Network Error,1,Unresolved
FAIL0011594,TXN00249342,Insufficient Balance,1,Unresolved
FAIL0011595,TXN00249346,Insufficient Balance,1,Unresolved
FAIL0011596,TXN00249396,Bank Server Error,1,Resolved
FAIL0011597,TXN00249439,Payment Gateway Error,1,Unresolved
FAIL0011598,TXN00249455,Limit Exceeded,1,Unresolved
FAIL0011599,TXN00249456,Limit Exceeded,1,Resolved
FAIL0011600,TXN00249464,Insufficient Balance,1,Unresolved
FAIL0011601,TXN00249499,Insufficient Balance,2,Resolved
FAIL0011602,TXN00249502,Insufficient Balance,1,Resolved
FAIL0011603,TXN00249517,Insufficient Balance,2,Unresolved
FAIL0011604,TXN00249543,Insufficient Balance,1,Resolved
FAIL0011605,TXN00249560,Insufficient Balance,1,Resolved
FAIL0011606,TXN00249576,Network Error,1,Resolved
FAIL0011607,TXN00249612,Network Error,2,Resolved
FAIL0011608,TXN00249636,Network Error,2,Resolved
FAIL0011609,TXN00249637,Timeout,1,Resolved
FAIL0011610,TXN00249640,Limit Exceeded,1,Resolved
FAIL0011611,TXN00249643,Insufficient Balance,1,Resolved
FAIL0011612,TXN00249644,Network Error,1,Unresolved
FAIL0011613,TXN00249712,Bank Server Error,1,Unresolved
FAIL0011614,TXN00249718,Network Error,1,Resolved
FAIL0011615,TXN00249724,Limit Exceeded,2,Unresolved
FAIL0011616,TXN00249730,Limit Exceeded,1,Resolved
FAIL0011617,TXN00249739,Invalid PIN,1,Resolved
FAIL0011618,TXN00249772,Bank Server Error,1,Resolved
FAIL0011619,TXN00249773,Payment Gateway Error,1,Unresolved
FAIL0011620,TXN00249802,Timeout,1,Unresolved
FAIL0011621,TXN00249803,Bank Server Error,1,Unresolved
FAIL0011622,TXN00249804,Limit Exceeded,2,Resolved
FAIL0011623,TXN00249805,Timeout,1,Resolved
FAIL0011624,TXN00249850,Invalid PIN,2,Resolved
FAIL0011625,TXN00249861,Limit Exceeded,1,Resolved
FAIL0011626,TXN00249868,Insufficient Balance,1,Resolved
FAIL0011627,TXN00249911,Network Error,2,Unresolved
FAIL0011628,TXN00249916,Bank Server Error,1,Unresolved
FAIL0011629,TXN00249928,Limit Exceeded,2,Resolved
FAIL0011630,TXN00249987,Bank Server Error,2,Resolved
FAIL0011631,TXN00249991,Bank Server Error,1,Resolved
FAIL0011632,TXN00249995,Bank Server Error,1,Resolved
FAIL0011633,TXN00250003,Network Error,1,Unresolved
FAIL0011634,TXN00250015,Bank Server Error,2,Resolved
FAIL0011635,TXN00250020,Invalid PIN,1,Unresolved
FAIL0011636,TXN00250040,Payment Gateway Error,1,Unresolved
FAIL0011637,TXN00250058,Timeout,1,Unresolved
FAIL0011638,TXN00250096,Network Error,1,Resolved
FAIL0011639,TXN00250108,Invalid PIN,1,Resolved
FAIL0011640,TXN00250109,Network Error,2,Resolved
FAIL0011641,TXN00250116,Timeout,1,Resolved
FAIL0011642,TXN00250122,Insufficient Balance,1,Resolved
FAIL0011643,TXN00250125,Insufficient Balance,1,Unresolved
FAIL0011644,TXN00250142,Network Error,1,Resolved
FAIL0011645,TXN00250147,Insufficient Balance,1,Unresolved
FAIL0011646,TXN00250187,Payment Gateway Error,3,Resolved
FAIL0011647,TXN00250208,Timeout,1,Resolved
FAIL0011648,TXN00250221,Limit Exceeded,2,Resolved
FAIL0011649,TXN00250235,Bank Server Error,1,Resolved
FAIL0011650,TXN00250250,Network Error,1,Resolved
FAIL0011651,TXN00250300,Limit Exceeded,1,Unresolved
FAIL0011652,TXN00250332,Payment Gateway Error,2,Resolved
FAIL0011653,TXN00250344,Insufficient Balance,1,Resolved
FAIL0011654,TXN00250346,Limit Exceeded,1,Unresolved
FAIL0011655,TXN00250417,Limit Exceeded,2,Resolved
FAIL0011656,TXN00250460,Bank Server Error,1,Resolved
FAIL0011657,TXN00250494,Payment Gateway Error,1,Unresolved
FAIL0011658,TXN00250516,Payment Gateway Error,1,Unresolved
FAIL0011659,TXN00250550,Bank Server Error,3,Resolved
FAIL0011660,TXN00250603,Limit Exceeded,1,Unresolved
FAIL0011661,TXN00250629,Network Error,1,Resolved
FAIL0011662,TXN00250632,Network Error,1,Resolved
FAIL0011663,TXN00250706,Limit Exceeded,1,Unresolved
FAIL0011664,TXN00250714,Payment Gateway Error,1,Unresolved
FAIL0011665,TXN00250736,Payment Gateway Error,1,Unresolved
FAIL0011666,TXN00250758,Bank Server Error,2,Resolved
FAIL0011667,TXN00250809,Timeout,1,Unresolved
FAIL0011668,TXN00250816,Insufficient Balance,1,Resolved
FAIL0011669,TXN00250829,Network Error,1,Resolved
FAIL0011670,TXN00250838,Insufficient Balance,1,Unresolved
FAIL0011671,TXN00250852,Limit Exceeded,2,Resolved
FAIL0011672,TXN00250865,Network Error,1,Resolved
FAIL0011673,TXN00250887,Network Error,1,Resolved
FAIL0011674,TXN00250905,Network Error,1,Unresolved
FAIL0011675,TXN00250918,Network Error,1,Unresolved
FAIL0011676,TXN00250935,Bank Server Error,1,Resolved
FAIL0011677,TXN00250971,Payment Gateway Error,1,Resolved
FAIL0011678,TXN00250972,Bank Server Error,1,Unresolved
FAIL0011679,TXN00250989,Bank Server Error,1,Resolved
FAIL0011680,TXN00251005,Limit Exceeded,1,Resolved
FAIL0011681,TXN00251036,Limit Exceeded,1,Resolved
FAIL0011682,TXN00251041,Bank Server Error,1,Resolved
FAIL0011683,TXN00251063,Payment Gateway Error,1,Resolved
FAIL0011684,TXN00251068,Limit Exceeded,1,Resolved
FAIL0011685,TXN00251099,Limit Exceeded,1,Unresolved
FAIL0011686,TXN00251142,Bank Server Error,1,Resolved
FAIL0011687,TXN00251210,Bank Server Error,2,Resolved
FAIL0011688,TXN00251230,Bank Server Error,1,Resolved
FAIL0011689,TXN00251240,Payment Gateway Error,3,Resolved
FAIL0011690,TXN00251251,Limit Exceeded,1,Unresolved
FAIL0011691,TXN00251260,Insufficient Balance,2,Resolved
FAIL0011692,TXN00251268,Network Error,1,Unresolved
FAIL0011693,TXN00251282,Payment Gateway Error,1,Resolved
FAIL0011694,TXN00251285,Payment Gateway Error,3,Resolved
FAIL0011695,TXN00251295,Limit Exceeded,1,Unresolved
FAIL0011696,TXN00251297,Invalid PIN,1,Resolved
FAIL0011697,TXN00251299,Payment Gateway Error,1,Unresolved
FAIL0011698,TXN00251323,Invalid PIN,1,Unresolved
FAIL0011699,TXN00251357,Invalid PIN,1,Resolved
FAIL0011700,TXN00251363,Network Error,2,Unresolved
FAIL0011701,TXN00251364,Insufficient Balance,2,Resolved
FAIL0011702,TXN00251365,Insufficient Balance,1,Unresolved
FAIL0011703,TXN00251384,Limit Exceeded,1,Unresolved
FAIL0011704,TXN00251385,Payment Gateway Error,1,Resolved
FAIL0011705,TXN00251394,Insufficient Balance,2,Resolved
FAIL0011706,TXN00251395,Network Error,1,Resolved
FAIL0011707,TXN00251396,Insufficient Balance,2,Unresolved
FAIL0011708,TXN00251415,Insufficient Balance,1,Unresolved
FAIL0011709,TXN00251417,Payment Gateway Error,1,Resolved
FAIL0011710,TXN00251461,Limit Exceeded,1,Unresolved
FAIL0011711,TXN00251480,Bank Server Error,1,Unresolved
FAIL0011712,TXN00251529,Payment Gateway Error,1,Unresolved
FAIL0011713,TXN00251572,Network Error,1,Unresolved
FAIL0011714,TXN00251577,Insufficient Balance,1,Unresolved
FAIL0011715,TXN00251634,Limit Exceeded,2,Resolved
FAIL0011716,TXN00251640,Bank Server Error,2,Resolved
FAIL0011717,TXN00251654,Network Error,1,Resolved
FAIL0011718,TXN00251693,Limit Exceeded,1,Resolved
FAIL0011719,TXN00251694,Payment Gateway Error,2,Unresolved
FAIL0011720,TXN00251709,Payment Gateway Error,1,Resolved
FAIL0011721,TXN00251729,Payment Gateway Error,2,Resolved
FAIL0011722,TXN00251755,Bank Server Error,1,Unresolved
FAIL0011723,TXN00251777,Bank Server Error,2,Resolved
FAIL0011724,TXN00251779,Payment Gateway Error,1,Resolved
FAIL0011725,TXN00251780,Invalid PIN,1,Unresolved
FAIL0011726,TXN00251806,Bank Server Error,1,Unresolved
FAIL0011727,TXN00251839,Invalid PIN,1,Resolved
FAIL0011728,TXN00251844,Invalid PIN,3,Resolved
FAIL0011729,TXN00251876,Timeout,2,Resolved
FAIL0011730,TXN00251888,Payment Gateway Error,1,Unresolved
FAIL0011731,TXN00251891,Network Error,3,Resolved
FAIL0011732,TXN00251924,Insufficient Balance,1,Unresolved
FAIL0011733,TXN00251934,Limit Exceeded,1,Unresolved
FAIL0011734,TXN00251951,Bank Server Error,1,Resolved
FAIL0011735,TXN00251996,Timeout,1,Resolved
FAIL0011736,TXN00252032,Network Error,3,Resolved
FAIL0011737,TXN00252038,Insufficient Balance,2,Resolved
FAIL0011738,TXN00252058,Payment Gateway Error,3,Resolved
FAIL0011739,TXN00252070,Payment Gateway Error,1,Resolved
FAIL0011740,TXN00252086,Limit Exceeded,1,Resolved
FAIL0011741,TXN00252163,Limit Exceeded,1,Resolved
FAIL0011742,TXN00252196,Bank Server Error,2,Resolved
FAIL0011743,TXN00252210,Insufficient Balance,1,Unresolved
FAIL0011744,TXN00252227,Network Error,1,Unresolved
FAIL0011745,TXN00252262,Insufficient Balance,1,Resolved
FAIL0011746,TXN00252274,Payment Gateway Error,1,Unresolved
FAIL0011747,TXN00252285,Bank Server Error,1,Unresolved
FAIL0011748,TXN00252355,Network Error,1,Resolved
FAIL0011749,TXN00252391,Timeout,2,Unresolved
FAIL0011750,TXN00252399,Payment Gateway Error,1,Resolved
FAIL0011751,TXN00252402,Insufficient Balance,1,Resolved
FAIL0011752,TXN00252435,Bank Server Error,1,Resolved
FAIL0011753,TXN00252436,Payment Gateway Error,2,Unresolved
FAIL0011754,TXN00252439,Insufficient Balance,2,Unresolved
FAIL0011755,TXN00252482,Payment Gateway Error,1,Unresolved
FAIL0011756,TXN00252557,Limit Exceeded,3,Unresolved
FAIL0011757,TXN00252565,Invalid PIN,1,Unresolved
FAIL0011758,TXN00252622,Bank Server Error,1,Resolved
FAIL0011759,TXN00252639,Network Error,1,Unresolved
FAIL0011760,TXN00252642,Bank Server Error,1,Unresolved
FAIL0011761,TXN00252651,Payment Gateway Error,1,Resolved
FAIL0011762,TXN00252654,Payment Gateway Error,1,Unresolved
FAIL0011763,TXN00252680,Payment Gateway Error,1,Resolved
FAIL0011764,TXN00252702,Insufficient Balance,2,Resolved
FAIL0011765,TXN00252749,Insufficient Balance,2,Unresolved
FAIL0011766,TXN00252770,Insufficient Balance,1,Unresolved
FAIL0011767,TXN00252776,Payment Gateway Error,1,Unresolved
FAIL0011768,TXN00252807,Insufficient Balance,1,Resolved
FAIL0011769,TXN00252835,Insufficient Balance,1,Resolved
FAIL0011770,TXN00252856,Bank Server Error,1,Resolved
FAIL0011771,TXN00252899,Insufficient Balance,1,Unresolved
FAIL0011772,TXN00252918,Bank Server Error,2,Resolved
FAIL0011773,TXN00252950,Payment Gateway Error,1,Resolved
FAIL0011774,TXN00253025,Payment Gateway Error,2,Unresolved
FAIL0011775,TXN00253027,Limit Exceeded,1,Unresolved
FAIL0011776,TXN00253038,Invalid PIN,1,Resolved
FAIL0011777,TXN00253063,Bank Server Error,2,Resolved
FAIL0011778,TXN00253095,Bank Server Error,2,Resolved
FAIL0011779,TXN00253112,Insufficient Balance,1,Unresolved
FAIL0011780,TXN00253151,Insufficient Balance,3,Resolved
FAIL0011781,TXN00253160,Payment Gateway Error,1,Resolved
FAIL0011782,TXN00253180,Payment Gateway Error,1,Unresolved
FAIL0011783,TXN00253189,Limit Exceeded,1,Resolved
FAIL0011784,TXN00253223,Insufficient Balance,1,Resolved
FAIL0011785,TXN00253234,Bank Server Error,1,Resolved
FAIL0011786,TXN00253244,Insufficient Balance,1,Unresolved
FAIL0011787,TXN00253262,Bank Server Error,1,Resolved
FAIL0011788,TXN00253265,Bank Server Error,2,Resolved
FAIL0011789,TXN00253274,Invalid PIN,1,Unresolved
FAIL0011790,TXN00253345,Bank Server Error,1,Resolved
FAIL0011791,TXN00253354,Bank Server Error,1,Resolved
FAIL0011792,TXN00253361,Insufficient Balance,1,Resolved
FAIL0011793,TXN00253368,Network Error,2,Resolved
FAIL0011794,TXN00253369,Network Error,1,Unresolved
FAIL0011795,TXN00253372,Limit Exceeded,1,Unresolved
FAIL0011796,TXN00253384,Bank Server Error,1,Unresolved
FAIL0011797,TXN00253417,Payment Gateway Error,1,Unresolved
FAIL0011798,TXN00253419,Insufficient Balance,1,Unresolved
FAIL0011799,TXN00253427,Limit Exceeded,1,Resolved
FAIL0011800,TXN00253438,Payment Gateway Error,1,Unresolved
FAIL0011801,TXN00253453,Bank Server Error,1,Unresolved
FAIL0011802,TXN00253464,Payment Gateway Error,1,Resolved
FAIL0011803,TXN00253488,Network Error,1,Unresolved
FAIL0011804,TXN00253501,Insufficient Balance,3,Resolved
FAIL0011805,TXN00253529,Limit Exceeded,1,Unresolved
FAIL0011806,TXN00253579,Bank Server Error,2,Unresolved
FAIL0011807,TXN00253618,Insufficient Balance,2,Unresolved
FAIL0011808,TXN00253621,Payment Gateway Error,1,Unresolved
FAIL0011809,TXN00253635,Insufficient Balance,3,Resolved
FAIL0011810,TXN00253638,Insufficient Balance,1,Unresolved
FAIL0011811,TXN00253656,Network Error,2,Resolved
FAIL0011812,TXN00253663,Bank Server Error,2,Resolved
FAIL0011813,TXN00253673,Bank Server Error,1,Unresolved
FAIL0011814,TXN00253683,Bank Server Error,3,Unresolved
FAIL0011815,TXN00253726,Limit Exceeded,1,Resolved
FAIL0011816,TXN00253740,Bank Server Error,1,Resolved
FAIL0011817,TXN00253756,Insufficient Balance,2,Resolved
FAIL0011818,TXN00253757,Limit Exceeded,1,Resolved
FAIL0011819,TXN00253775,Limit Exceeded,1,Resolved
FAIL0011820,TXN00253810,Insufficient Balance,1,Unresolved
FAIL0011821,TXN00253846,Payment Gateway Error,1,Resolved
FAIL0011822,TXN00253852,Limit Exceeded,1,Resolved
FAIL0011823,TXN00253884,Payment Gateway Error,2,Resolved
FAIL0011824,TXN00253901,Bank Server Error,1,Resolved
FAIL0011825,TXN00253912,Invalid PIN,3,Resolved
FAIL0011826,TXN00253923,Bank Server Error,2,Unresolved
FAIL0011827,TXN00254021,Insufficient Balance,1,Unresolved
FAIL0011828,TXN00254022,Invalid PIN,1,Unresolved
FAIL0011829,TXN00254074,Limit Exceeded,1,Resolved
FAIL0011830,TXN00254088,Limit Exceeded,2,Unresolved
FAIL0011831,TXN00254092,Bank Server Error,1,Resolved
FAIL0011832,TXN00254103,Invalid PIN,1,Resolved
FAIL0011833,TXN00254167,Insufficient Balance,2,Resolved
FAIL0011834,TXN00254187,Network Error,2,Unresolved
FAIL0011835,TXN00254236,Bank Server Error,2,Resolved
FAIL0011836,TXN00254283,Timeout,2,Resolved
FAIL0011837,TXN00254304,Payment Gateway Error,2,Resolved
FAIL0011838,TXN00254309,Payment Gateway Error,1,Unresolved
FAIL0011839,TXN00254337,Network Error,1,Resolved
FAIL0011840,TXN00254363,Invalid PIN,1,Resolved
FAIL0011841,TXN00254375,Bank Server Error,1,Unresolved
FAIL0011842,TXN00254376,Timeout,2,Resolved
FAIL0011843,TXN00254384,Network Error,1,Unresolved
FAIL0011844,TXN00254392,Limit Exceeded,3,Unresolved
FAIL0011845,TXN00254394,Network Error,1,Resolved
FAIL0011846,TXN00254398,Timeout,2,Resolved
FAIL0011847,TXN00254399,Payment Gateway Error,1,Unresolved
FAIL0011848,TXN00254400,Payment Gateway Error,1,Resolved
FAIL0011849,TXN00254449,Bank Server Error,2,Resolved
FAIL0011850,TXN00254451,Bank Server Error,1,Unresolved
FAIL0011851,TXN00254464,Limit Exceeded,1,Resolved
FAIL0011852,TXN00254484,Bank Server Error,1,Unresolved
FAIL0011853,TXN00254491,Insufficient Balance,1,Unresolved
FAIL0011854,TXN00254500,Insufficient Balance,1,Resolved
FAIL0011855,TXN00254511,Limit Exceeded,1,Resolved
FAIL0011856,TXN00254524,Payment Gateway Error,1,Resolved
FAIL0011857,TXN00254548,Bank Server Error,2,Resolved
FAIL0011858,TXN00254549,Insufficient Balance,1,Resolved
FAIL0011859,TXN00254567,Bank Server Error,3,Resolved
FAIL0011860,TXN00254575,Insufficient Balance,1,Unresolved
FAIL0011861,TXN00254596,Limit Exceeded,1,Unresolved
FAIL0011862,TXN00254667,Bank Server Error,1,Unresolved
FAIL0011863,TXN00254673,Invalid PIN,1,Unresolved
FAIL0011864,TXN00254717,Payment Gateway Error,1,Unresolved
FAIL0011865,TXN00254721,Network Error,2,Unresolved
FAIL0011866,TXN00254738,Bank Server Error,1,Resolved
FAIL0011867,TXN00254742,Timeout,1,Resolved
FAIL0011868,TXN00254760,Network Error,1,Resolved
FAIL0011869,TXN00254761,Limit Exceeded,1,Unresolved
FAIL0011870,TXN00254821,Network Error,1,Unresolved
FAIL0011871,TXN00254869,Bank Server Error,3,Resolved
FAIL0011872,TXN00254888,Payment Gateway Error,1,Unresolved
FAIL0011873,TXN00254931,Invalid PIN,1,Resolved
FAIL0011874,TXN00254937,Insufficient Balance,1,Resolved
FAIL0011875,TXN00254939,Insufficient Balance,1,Resolved
FAIL0011876,TXN00255026,Payment Gateway Error,1,Resolved
FAIL0011877,TXN00255036,Bank Server Error,3,Resolved
FAIL0011878,TXN00255061,Insufficient Balance,1,Resolved
FAIL0011879,TXN00255096,Network Error,2,Resolved
FAIL0011880,TXN00255197,Limit Exceeded,1,Resolved
FAIL0011881,TXN00255200,Invalid PIN,2,Resolved
FAIL0011882,TXN00255215,Insufficient Balance,1,Unresolved
FAIL0011883,TXN00255250,Insufficient Balance,1,Resolved
FAIL0011884,TXN00255276,Timeout,1,Resolved
FAIL0011885,TXN00255299,Payment Gateway Error,1,Unresolved
FAIL0011886,TXN00255311,Limit Exceeded,1,Unresolved
FAIL0011887,TXN00255313,Bank Server Error,2,Unresolved
FAIL0011888,TXN00255317,Bank Server Error,1,Resolved
FAIL0011889,TXN00255358,Insufficient Balance,1,Resolved
FAIL0011890,TXN00255385,Payment Gateway Error,1,Unresolved
FAIL0011891,TXN00255408,Limit Exceeded,1,Resolved
FAIL0011892,TXN00255478,Bank Server Error,2,Resolved
FAIL0011893,TXN00255482,Limit Exceeded,1,Unresolved
FAIL0011894,TXN00255579,Insufficient Balance,3,Resolved
FAIL0011895,TXN00255588,Insufficient Balance,2,Unresolved
FAIL0011896,TXN00255597,Bank Server Error,2,Resolved
FAIL0011897,TXN00255599,Timeout,1,Resolved
FAIL0011898,TXN00255635,Bank Server Error,1,Resolved
FAIL0011899,TXN00255641,Insufficient Balance,2,Resolved
FAIL0011900,TXN00255644,Payment Gateway Error,1,Unresolved
FAIL0011901,TXN00255645,Limit Exceeded,1,Resolved
FAIL0011902,TXN00255655,Bank Server Error,1,Resolved
FAIL0011903,TXN00255668,Network Error,1,Resolved
FAIL0011904,TXN00255777,Payment Gateway Error,1,Unresolved
FAIL0011905,TXN00255788,Bank Server Error,2,Unresolved
FAIL0011906,TXN00255805,Payment Gateway Error,1,Unresolved
FAIL0011907,TXN00255806,Invalid PIN,1,Unresolved
FAIL0011908,TXN00255808,Network Error,2,Unresolved
FAIL0011909,TXN00255852,Insufficient Balance,3,Resolved
FAIL0011910,TXN00255867,Bank Server Error,1,Resolved
FAIL0011911,TXN00255897,Network Error,1,Unresolved
FAIL0011912,TXN00255929,Bank Server Error,1,Unresolved
FAIL0011913,TXN00255941,Insufficient Balance,2,Resolved
FAIL0011914,TXN00255988,Bank Server Error,1,Resolved
FAIL0011915,TXN00256056,Insufficient Balance,2,Resolved
FAIL0011916,TXN00256060,Bank Server Error,1,Unresolved
FAIL0011917,TXN00256078,Bank Server Error,1,Unresolved
FAIL0011918,TXN00256085,Insufficient Balance,1,Resolved
FAIL0011919,TXN00256093,Bank Server Error,3,Resolved
FAIL0011920,TXN00256116,Bank Server Error,1,Resolved
FAIL0011921,TXN00256134,Payment Gateway Error,2,Unresolved
FAIL0011922,TXN00256137,Payment Gateway Error,1,Unresolved
FAIL0011923,TXN00256142,Payment Gateway Error,2,Resolved
FAIL0011924,TXN00256163,Bank Server Error,1,Resolved
FAIL0011925,TXN00256187,Network Error,1,Unresolved
FAIL0011926,TXN00256190,Payment Gateway Error,1,Unresolved
FAIL0011927,TXN00256198,Timeout,1,Resolved
FAIL0011928,TXN00256200,Insufficient Balance,2,Resolved
FAIL0011929,TXN00256205,Network Error,3,Resolved
FAIL0011930,TXN00256215,Bank Server Error,2,Unresolved
FAIL0011931,TXN00256243,Insufficient Balance,1,Unresolved
FAIL0011932,TXN00256266,Network Error,3,Resolved
FAIL0011933,TXN00256276,Insufficient Balance,1,Resolved
FAIL0011934,TXN00256282,Network Error,1,Resolved
FAIL0011935,TXN00256286,Payment Gateway Error,2,Resolved
FAIL0011936,TXN00256331,Bank Server Error,2,Unresolved
FAIL0011937,TXN00256375,Limit Exceeded,2,Unresolved
FAIL0011938,TXN00256425,Insufficient Balance,1,Unresolved
FAIL0011939,TXN00256452,Bank Server Error,1,Resolved
FAIL0011940,TXN00256463,Payment Gateway Error,2,Resolved
FAIL0011941,TXN00256486,Timeout,2,Unresolved
FAIL0011942,TXN00256513,Bank Server Error,2,Unresolved
FAIL0011943,TXN00256601,Limit Exceeded,1,Resolved
FAIL0011944,TXN00256608,Bank Server Error,1,Resolved
FAIL0011945,TXN00256631,Bank Server Error,1,Resolved
FAIL0011946,TXN00256632,Network Error,2,Resolved
FAIL0011947,TXN00256648,Insufficient Balance,1,Resolved
FAIL0011948,TXN00256650,Payment Gateway Error,3,Resolved
FAIL0011949,TXN00256689,Timeout,3,Resolved
FAIL0011950,TXN00256704,Network Error,1,Unresolved
FAIL0011951,TXN00256718,Bank Server Error,3,Resolved
FAIL0011952,TXN00256783,Bank Server Error,1,Resolved
FAIL0011953,TXN00256797,Insufficient Balance,2,Unresolved
FAIL0011954,TXN00256803,Network Error,2,Resolved
FAIL0011955,TXN00256811,Bank Server Error,1,Unresolved
FAIL0011956,TXN00256873,Insufficient Balance,1,Resolved
FAIL0011957,TXN00256899,Payment Gateway Error,1,Resolved
FAIL0011958,TXN00256927,Timeout,1,Unresolved
FAIL0011959,TXN00256952,Bank Server Error,1,Resolved
FAIL0011960,TXN00256971,Bank Server Error,1,Unresolved
FAIL0011961,TXN00256973,Bank Server Error,1,Unresolved
FAIL0011962,TXN00256983,Bank Server Error,2,Unresolved
FAIL0011963,TXN00256989,Limit Exceeded,1,Unresolved
FAIL0011964,TXN00257020,Invalid PIN,1,Resolved
FAIL0011965,TXN00257026,Limit Exceeded,2,Unresolved
FAIL0011966,TXN00257033,Payment Gateway Error,1,Unresolved
FAIL0011967,TXN00257074,Payment Gateway Error,1,Unresolved
FAIL0011968,TXN00257087,Network Error,1,Unresolved
FAIL0011969,TXN00257089,Network Error,2,Resolved
FAIL0011970,TXN00257102,Timeout,1,Resolved
FAIL0011971,TXN00257138,Bank Server Error,2,Unresolved
FAIL0011972,TXN00257156,Limit Exceeded,1,Unresolved
FAIL0011973,TXN00257162,Limit Exceeded,1,Unresolved
FAIL0011974,TXN00257209,Network Error,3,Unresolved
FAIL0011975,TXN00257226,Insufficient Balance,1,Unresolved
FAIL0011976,TXN00257227,Limit Exceeded,3,Unresolved
FAIL0011977,TXN00257243,Invalid PIN,1,Unresolved
FAIL0011978,TXN00257250,Invalid PIN,1,Unresolved
FAIL0011979,TXN00257285,Insufficient Balance,1,Resolved
FAIL0011980,TXN00257312,Insufficient Balance,1,Unresolved
FAIL0011981,TXN00257337,Payment Gateway Error,1,Resolved
FAIL0011982,TXN00257381,Timeout,1,Resolved
FAIL0011983,TXN00257406,Limit Exceeded,1,Unresolved
FAIL0011984,TXN00257455,Bank Server Error,1,Unresolved
FAIL0011985,TXN00257473,Network Error,2,Resolved
FAIL0011986,TXN00257498,Timeout,2,Resolved
FAIL0011987,TXN00257508,Bank Server Error,1,Resolved
FAIL0011988,TXN00257522,Bank Server Error,1,Resolved
FAIL0011989,TXN00257542,Payment Gateway Error,1,Unresolved
FAIL0011990,TXN00257562,Insufficient Balance,2,Resolved
FAIL0011991,TXN00257576,Network Error,1,Resolved
FAIL0011992,TXN00257588,Payment Gateway Error,1,Unresolved
FAIL0011993,TXN00257596,Limit Exceeded,2,Resolved
FAIL0011994,TXN00257617,Limit Exceeded,1,Resolved
FAIL0011995,TXN00257641,Bank Server Error,1,Unresolved
FAIL0011996,TXN00257729,Network Error,1,Resolved
FAIL0011997,TXN00257730,Network Error,2,Resolved
FAIL0011998,TXN00257751,Payment Gateway Error,2,Resolved
FAIL0011999,TXN00257774,Bank Server Error,1,Resolved
FAIL0012000,TXN00257775,Payment Gateway Error,1,Resolved
FAIL0012001,TXN00257804,Bank Server Error,3,Resolved
FAIL0012002,TXN00257816,Limit Exceeded,1,Resolved
FAIL0012003,TXN00257827,Invalid PIN,1,Resolved
FAIL0012004,TXN00257856,Network Error,1,Resolved
FAIL0012005,TXN00257873,Invalid PIN,1,Unresolved
FAIL0012006,TXN00257900,Limit Exceeded,2,Resolved
FAIL0012007,TXN00257924,Insufficient Balance,1,Resolved
FAIL0012008,TXN00257929,Limit Exceeded,3,Resolved
FAIL0012009,TXN00257932,Network Error,3,Resolved
FAIL0012010,TXN00257959,Limit Exceeded,2,Unresolved
FAIL0012011,TXN00257972,Limit Exceeded,1,Unresolved
FAIL0012012,TXN00257989,Payment Gateway Error,1,Resolved
FAIL0012013,TXN00257997,Payment Gateway Error,1,Unresolved
FAIL0012014,TXN00258000,Insufficient Balance,1,Resolved
FAIL0012015,TXN00258003,Limit Exceeded,1,Unresolved
FAIL0012016,TXN00258008,Limit Exceeded,1,Resolved
FAIL0012017,TXN00258016,Limit Exceeded,1,Unresolved
FAIL0012018,TXN00258043,Limit Exceeded,2,Resolved
FAIL0012019,TXN00258085,Network Error,1,Resolved
FAIL0012020,TXN00258090,Network Error,2,Resolved
FAIL0012021,TXN00258091,Payment Gateway Error,2,Resolved
FAIL0012022,TXN00258098,Limit Exceeded,1,Unresolved
FAIL0012023,TXN00258107,Insufficient Balance,1,Resolved
FAIL0012024,TXN00258129,Insufficient Balance,1,Resolved
FAIL0012025,TXN00258151,Network Error,1,Unresolved
FAIL0012026,TXN00258165,Insufficient Balance,1,Resolved
FAIL0012027,TXN00258177,Insufficient Balance,1,Unresolved
FAIL0012028,TXN00258219,Bank Server Error,3,Resolved
FAIL0012029,TXN00258226,Network Error,1,Unresolved
FAIL0012030,TXN00258266,Bank Server Error,1,Unresolved
FAIL0012031,TXN00258320,Network Error,1,Resolved
FAIL0012032,TXN00258334,Payment Gateway Error,1,Resolved
FAIL0012033,TXN00258380,Network Error,3,Resolved
FAIL0012034,TXN00258409,Limit Exceeded,1,Unresolved
FAIL0012035,TXN00258443,Timeout,1,Resolved
FAIL0012036,TXN00258444,Insufficient Balance,1,Unresolved
FAIL0012037,TXN00258464,Bank Server Error,2,Resolved
FAIL0012038,TXN00258474,Insufficient Balance,1,Resolved
FAIL0012039,TXN00258486,Limit Exceeded,1,Resolved
FAIL0012040,TXN00258489,Timeout,1,Resolved
FAIL0012041,TXN00258497,Invalid PIN,1,Unresolved
FAIL0012042,TXN00258520,Insufficient Balance,1,Resolved
FAIL0012043,TXN00258541,Limit Exceeded,1,Unresolved
FAIL0012044,TXN00258558,Insufficient Balance,3,Resolved
FAIL0012045,TXN00258588,Bank Server Error,1,Unresolved
FAIL0012046,TXN00258590,Insufficient Balance,1,Unresolved
FAIL0012047,TXN00258635,Limit Exceeded,1,Resolved
FAIL0012048,TXN00258655,Payment Gateway Error,1,Resolved
FAIL0012049,TXN00258681,Payment Gateway Error,2,Resolved
FAIL0012050,TXN00258698,Payment Gateway Error,1,Resolved
FAIL0012051,TXN00258710,Invalid PIN,1,Resolved
FAIL0012052,TXN00258716,Bank Server Error,1,Unresolved
FAIL0012053,TXN00258721,Network Error,1,Unresolved
FAIL0012054,TXN00258725,Payment Gateway Error,1,Resolved
FAIL0012055,TXN00258733,Bank Server Error,2,Resolved
FAIL0012056,TXN00258789,Payment Gateway Error,1,Unresolved
FAIL0012057,TXN00258792,Insufficient Balance,1,Resolved
FAIL0012058,TXN00258823,Bank Server Error,1,Unresolved
FAIL0012059,TXN00258830,Network Error,3,Unresolved
FAIL0012060,TXN00258835,Bank Server Error,1,Resolved
FAIL0012061,TXN00258847,Bank Server Error,2,Unresolved
FAIL0012062,TXN00258892,Network Error,2,Resolved
FAIL0012063,TXN00258897,Payment Gateway Error,2,Resolved
FAIL0012064,TXN00258930,Insufficient Balance,1,Resolved
FAIL0012065,TXN00258944,Payment Gateway Error,2,Resolved
FAIL0012066,TXN00258955,Limit Exceeded,1,Resolved
FAIL0012067,TXN00258992,Insufficient Balance,1,Resolved
FAIL0012068,TXN00258993,Bank Server Error,1,Resolved
FAIL0012069,TXN00259013,Insufficient Balance,2,Resolved
FAIL0012070,TXN00259019,Bank Server Error,1,Unresolved
FAIL0012071,TXN00259024,Network Error,1,Resolved
FAIL0012072,TXN00259067,Payment Gateway Error,1,Resolved
FAIL0012073,TXN00259090,Limit Exceeded,2,Resolved
FAIL0012074,TXN00259100,Limit Exceeded,1,Unresolved
FAIL0012075,TXN00259130,Network Error,1,Resolved
FAIL0012076,TXN00259131,Limit Exceeded,1,Unresolved
FAIL0012077,TXN00259153,Limit Exceeded,1,Resolved
FAIL0012078,TXN00259174,Timeout,1,Resolved
FAIL0012079,TXN00259186,Network Error,3,Resolved
FAIL0012080,TXN00259203,Limit Exceeded,2,Resolved
FAIL0012081,TXN00259206,Payment Gateway Error,1,Resolved
FAIL0012082,TXN00259241,Network Error,1,Unresolved
FAIL0012083,TXN00259268,Insufficient Balance,1,Unresolved
FAIL0012084,TXN00259271,Insufficient Balance,3,Resolved
FAIL0012085,TXN00259275,Limit Exceeded,1,Unresolved
FAIL0012086,TXN00259299,Network Error,1,Resolved
FAIL0012087,TXN00259358,Insufficient Balance,1,Resolved
FAIL0012088,TXN00259366,Limit Exceeded,1,Resolved
FAIL0012089,TXN00259402,Payment Gateway Error,2,Resolved
FAIL0012090,TXN00259429,Payment Gateway Error,1,Resolved
FAIL0012091,TXN00259432,Insufficient Balance,2,Resolved
FAIL0012092,TXN00259483,Limit Exceeded,1,Unresolved
FAIL0012093,TXN00259499,Payment Gateway Error,2,Unresolved
FAIL0012094,TXN00259523,Bank Server Error,1,Resolved
FAIL0012095,TXN00259579,Network Error,2,Unresolved
FAIL0012096,TXN00259601,Limit Exceeded,2,Resolved
FAIL0012097,TXN00259636,Network Error,2,Resolved
FAIL0012098,TXN00259642,Insufficient Balance,1,Resolved
FAIL0012099,TXN00259676,Limit Exceeded,1,Resolved
FAIL0012100,TXN00259707,Bank Server Error,2,Resolved
FAIL0012101,TXN00259780,Payment Gateway Error,1,Unresolved
FAIL0012102,TXN00259815,Bank Server Error,1,Resolved
FAIL0012103,TXN00259826,Limit Exceeded,1,Unresolved
FAIL0012104,TXN00259873,Limit Exceeded,1,Unresolved
FAIL0012105,TXN00259924,Bank Server Error,1,Resolved
FAIL0012106,TXN00259968,Bank Server Error,2,Unresolved
FAIL0012107,TXN00259987,Bank Server Error,1,Unresolved
FAIL0012108,TXN00260011,Payment Gateway Error,2,Unresolved
FAIL0012109,TXN00260031,Timeout,1,Resolved
FAIL0012110,TXN00260065,Insufficient Balance,2,Resolved
FAIL0012111,TXN00260068,Limit Exceeded,2,Resolved
FAIL0012112,TXN00260103,Limit Exceeded,1,Resolved
FAIL0012113,TXN00260163,Insufficient Balance,2,Resolved
FAIL0012114,TXN00260177,Invalid PIN,2,Resolved
FAIL0012115,TXN00260213,Invalid PIN,1,Unresolved
FAIL0012116,TXN00260226,Insufficient Balance,1,Unresolved
FAIL0012117,TXN00260256,Bank Server Error,1,Unresolved
FAIL0012118,TXN00260265,Insufficient Balance,1,Unresolved
FAIL0012119,TXN00260295,Insufficient Balance,1,Resolved
FAIL0012120,TXN00260305,Network Error,2,Unresolved
FAIL0012121,TXN00260311,Bank Server Error,1,Resolved
FAIL0012122,TXN00260317,Network Error,3,Resolved
FAIL0012123,TXN00260322,Timeout,2,Resolved
FAIL0012124,TXN00260325,Payment Gateway Error,1,Resolved
FAIL0012125,TXN00260327,Network Error,1,Resolved
FAIL0012126,TXN00260338,Bank Server Error,1,Resolved
FAIL0012127,TXN00260343,Bank Server Error,2,Resolved
FAIL0012128,TXN00260348,Network Error,2,Resolved
FAIL0012129,TXN00260373,Limit Exceeded,1,Resolved
FAIL0012130,TXN00260384,Payment Gateway Error,1,Unresolved
FAIL0012131,TXN00260407,Bank Server Error,1,Unresolved
FAIL0012132,TXN00260421,Network Error,1,Unresolved
FAIL0012133,TXN00260435,Limit Exceeded,1,Unresolved
FAIL0012134,TXN00260446,Network Error,1,Resolved
FAIL0012135,TXN00260457,Insufficient Balance,1,Resolved
FAIL0012136,TXN00260487,Insufficient Balance,1,Resolved
FAIL0012137,TXN00260521,Timeout,2,Resolved
FAIL0012138,TXN00260531,Insufficient Balance,1,Resolved
FAIL0012139,TXN00260540,Insufficient Balance,3,Resolved
FAIL0012140,TXN00260543,Bank Server Error,1,Unresolved
FAIL0012141,TXN00260580,Insufficient Balance,3,Resolved
FAIL0012142,TXN00260585,Insufficient Balance,1,Unresolved
FAIL0012143,TXN00260592,Limit Exceeded,2,Resolved
FAIL0012144,TXN00260664,Insufficient Balance,1,Unresolved
FAIL0012145,TXN00260679,Limit Exceeded,2,Resolved
FAIL0012146,TXN00260688,Bank Server Error,1,Resolved
FAIL0012147,TXN00260691,Bank Server Error,1,Resolved
FAIL0012148,TXN00260720,Timeout,1,Resolved
FAIL0012149,TXN00260729,Bank Server Error,1,Resolved
FAIL0012150,TXN00260767,Bank Server Error,1,Resolved
FAIL0012151,TXN00260768,Network Error,1,Resolved
FAIL0012152,TXN00260821,Payment Gateway Error,1,Resolved
FAIL0012153,TXN00260835,Insufficient Balance,1,Resolved
FAIL0012154,TXN00260863,Bank Server Error,1,Resolved
FAIL0012155,TXN00260894,Payment Gateway Error,1,Resolved
FAIL0012156,TXN00260895,Timeout,1,Resolved
FAIL0012157,TXN00260904,Payment Gateway Error,1,Resolved
FAIL0012158,TXN00260912,Bank Server Error,1,Unresolved
FAIL0012159,TXN00260941,Insufficient Balance,1,Resolved
FAIL0012160,TXN00260944,Invalid PIN,1,Unresolved
FAIL0012161,TXN00260955,Bank Server Error,1,Unresolved
FAIL0012162,TXN00260972,Limit Exceeded,1,Resolved
FAIL0012163,TXN00260981,Network Error,1,Unresolved
FAIL0012164,TXN00260983,Payment Gateway Error,1,Resolved
FAIL0012165,TXN00260993,Insufficient Balance,1,Resolved
FAIL0012166,TXN00261108,Bank Server Error,3,Unresolved
FAIL0012167,TXN00261114,Limit Exceeded,1,Resolved
FAIL0012168,TXN00261139,Limit Exceeded,1,Resolved
FAIL0012169,TXN00261150,Bank Server Error,3,Resolved
FAIL0012170,TXN00261176,Invalid PIN,2,Resolved
FAIL0012171,TXN00261224,Network Error,1,Resolved
FAIL0012172,TXN00261244,Insufficient Balance,1,Resolved
FAIL0012173,TXN00261278,Timeout,2,Unresolved
FAIL0012174,TXN00261325,Payment Gateway Error,1,Resolved
FAIL0012175,TXN00261347,Bank Server Error,2,Resolved
FAIL0012176,TXN00261386,Limit Exceeded,2,Resolved
FAIL0012177,TXN00261439,Network Error,1,Resolved
FAIL0012178,TXN00261441,Insufficient Balance,1,Unresolved
FAIL0012179,TXN00261457,Limit Exceeded,3,Resolved
FAIL0012180,TXN00261480,Insufficient Balance,1,Resolved
FAIL0012181,TXN00261499,Insufficient Balance,1,Resolved
FAIL0012182,TXN00261506,Insufficient Balance,2,Unresolved
FAIL0012183,TXN00261509,Limit Exceeded,1,Resolved
FAIL0012184,TXN00261535,Payment Gateway Error,1,Unresolved
FAIL0012185,TXN00261551,Payment Gateway Error,2,Resolved
FAIL0012186,TXN00261562,Bank Server Error,1,Resolved
FAIL0012187,TXN00261566,Bank Server Error,1,Resolved
FAIL0012188,TXN00261582,Limit Exceeded,1,Resolved
FAIL0012189,TXN00261599,Timeout,3,Unresolved
FAIL0012190,TXN00261664,Network Error,2,Unresolved
FAIL0012191,TXN00261682,Payment Gateway Error,1,Unresolved
FAIL0012192,TXN00261693,Payment Gateway Error,1,Unresolved
FAIL0012193,TXN00261698,Network Error,1,Unresolved
FAIL0012194,TXN00261699,Network Error,1,Unresolved
FAIL0012195,TXN00261717,Bank Server Error,2,Unresolved
FAIL0012196,TXN00261721,Bank Server Error,1,Resolved
FAIL0012197,TXN00261730,Invalid PIN,3,Unresolved
FAIL0012198,TXN00261732,Payment Gateway Error,2,Unresolved
FAIL0012199,TXN00261776,Limit Exceeded,2,Resolved
FAIL0012200,TXN00261782,Insufficient Balance,1,Resolved
FAIL0012201,TXN00261812,Limit Exceeded,1,Resolved
FAIL0012202,TXN00261843,Payment Gateway Error,3,Resolved
FAIL0012203,TXN00261849,Invalid PIN,2,Resolved
FAIL0012204,TXN00261900,Timeout,1,Unresolved
FAIL0012205,TXN00261982,Payment Gateway Error,1,Unresolved
FAIL0012206,TXN00261999,Bank Server Error,1,Unresolved
FAIL0012207,TXN00262006,Limit Exceeded,1,Resolved
FAIL0012208,TXN00262015,Insufficient Balance,1,Resolved
FAIL0012209,TXN00262050,Payment Gateway Error,1,Resolved
FAIL0012210,TXN00262055,Payment Gateway Error,1,Resolved
FAIL0012211,TXN00262069,Limit Exceeded,2,Resolved
FAIL0012212,TXN00262117,Network Error,1,Unresolved
FAIL0012213,TXN00262156,Payment Gateway Error,2,Resolved
FAIL0012214,TXN00262157,Payment Gateway Error,1,Resolved
FAIL0012215,TXN00262175,Limit Exceeded,1,Resolved
FAIL0012216,TXN00262212,Insufficient Balance,1,Unresolved
FAIL0012217,TXN00262226,Insufficient Balance,1,Resolved
FAIL0012218,TXN00262234,Insufficient Balance,2,Resolved
FAIL0012219,TXN00262236,Bank Server Error,1,Unresolved
FAIL0012220,TXN00262268,Insufficient Balance,2,Unresolved
FAIL0012221,TXN00262306,Timeout,2,Resolved
FAIL0012222,TXN00262346,Network Error,1,Unresolved
FAIL0012223,TXN00262381,Bank Server Error,1,Resolved
FAIL0012224,TXN00262391,Limit Exceeded,1,Unresolved
FAIL0012225,TXN00262412,Insufficient Balance,1,Resolved
FAIL0012226,TXN00262480,Limit Exceeded,2,Unresolved
FAIL0012227,TXN00262498,Bank Server Error,1,Unresolved
FAIL0012228,TXN00262521,Bank Server Error,2,Unresolved
FAIL0012229,TXN00262533,Bank Server Error,1,Resolved
FAIL0012230,TXN00262555,Payment Gateway Error,2,Resolved
FAIL0012231,TXN00262570,Bank Server Error,1,Resolved
FAIL0012232,TXN00262586,Insufficient Balance,1,Resolved
FAIL0012233,TXN00262603,Timeout,2,Unresolved
FAIL0012234,TXN00262606,Network Error,2,Resolved
FAIL0012235,TXN00262610,Payment Gateway Error,1,Unresolved
FAIL0012236,TXN00262627,Insufficient Balance,2,Resolved
FAIL0012237,TXN00262637,Bank Server Error,1,Resolved
FAIL0012238,TXN00262647,Payment Gateway Error,1,Resolved
FAIL0012239,TXN00262685,Network Error,1,Resolved
FAIL0012240,TXN00262716,Bank Server Error,3,Resolved
FAIL0012241,TXN00262764,Invalid PIN,1,Resolved
FAIL0012242,TXN00262769,Limit Exceeded,2,Resolved
FAIL0012243,TXN00262795,Insufficient Balance,2,Resolved
FAIL0012244,TXN00262809,Timeout,2,Resolved
FAIL0012245,TXN00262815,Invalid PIN,1,Resolved
FAIL0012246,TXN00262850,Invalid PIN,1,Resolved
FAIL0012247,TXN00262864,Insufficient Balance,1,Unresolved
FAIL0012248,TXN00262883,Payment Gateway Error,2,Resolved
FAIL0012249,TXN00262934,Timeout,1,Unresolved
FAIL0012250,TXN00262937,Insufficient Balance,1,Resolved
FAIL0012251,TXN00262949,Network Error,1,Unresolved
FAIL0012252,TXN00262964,Payment Gateway Error,1,Unresolved
FAIL0012253,TXN00262970,Invalid PIN,1,Resolved
FAIL0012254,TXN00262993,Payment Gateway Error,1,Unresolved
FAIL0012255,TXN00263033,Network Error,1,Resolved
FAIL0012256,TXN00263042,Insufficient Balance,1,Resolved
FAIL0012257,TXN00263065,Network Error,1,Resolved
FAIL0012258,TXN00263074,Payment Gateway Error,2,Resolved
FAIL0012259,TXN00263127,Invalid PIN,2,Unresolved
FAIL0012260,TXN00263145,Network Error,1,Resolved
FAIL0012261,TXN00263226,Insufficient Balance,1,Resolved
FAIL0012262,TXN00263234,Invalid PIN,1,Resolved
FAIL0012263,TXN00263239,Limit Exceeded,1,Resolved
FAIL0012264,TXN00263247,Insufficient Balance,2,Resolved
FAIL0012265,TXN00263256,Limit Exceeded,2,Resolved
FAIL0012266,TXN00263275,Invalid PIN,1,Unresolved
FAIL0012267,TXN00263296,Payment Gateway Error,1,Resolved
FAIL0012268,TXN00263333,Payment Gateway Error,1,Unresolved
FAIL0012269,TXN00263352,Bank Server Error,1,Resolved
FAIL0012270,TXN00263364,Network Error,1,Resolved
FAIL0012271,TXN00263365,Limit Exceeded,1,Resolved
FAIL0012272,TXN00263370,Payment Gateway Error,1,Resolved
FAIL0012273,TXN00263399,Invalid PIN,1,Unresolved
FAIL0012274,TXN00263432,Bank Server Error,1,Unresolved
FAIL0012275,TXN00263443,Bank Server Error,2,Resolved
FAIL0012276,TXN00263449,Bank Server Error,1,Unresolved
FAIL0012277,TXN00263450,Bank Server Error,2,Resolved
FAIL0012278,TXN00263519,Network Error,1,Resolved
FAIL0012279,TXN00263526,Payment Gateway Error,1,Unresolved
FAIL0012280,TXN00263544,Limit Exceeded,1,Resolved
FAIL0012281,TXN00263545,Bank Server Error,1,Resolved
FAIL0012282,TXN00263547,Bank Server Error,2,Resolved
FAIL0012283,TXN00263619,Payment Gateway Error,3,Resolved
FAIL0012284,TXN00263625,Payment Gateway Error,1,Resolved
FAIL0012285,TXN00263663,Bank Server Error,1,Resolved
FAIL0012286,TXN00263675,Bank Server Error,1,Resolved
FAIL0012287,TXN00263707,Invalid PIN,1,Resolved
FAIL0012288,TXN00263742,Bank Server Error,1,Unresolved
FAIL0012289,TXN00263818,Bank Server Error,1,Resolved
FAIL0012290,TXN00263838,Timeout,1,Resolved
FAIL0012291,TXN00263860,Bank Server Error,2,Resolved
FAIL0012292,TXN00263862,Bank Server Error,1,Unresolved
FAIL0012293,TXN00263906,Bank Server Error,1,Resolved
FAIL0012294,TXN00263931,Limit Exceeded,1,Resolved
FAIL0012295,TXN00263957,Payment Gateway Error,1,Unresolved
FAIL0012296,TXN00263959,Bank Server Error,1,Unresolved
FAIL0012297,TXN00263978,Limit Exceeded,1,Resolved
FAIL0012298,TXN00264013,Invalid PIN,1,Resolved
FAIL0012299,TXN00264028,Limit Exceeded,1,Resolved
FAIL0012300,TXN00264038,Insufficient Balance,1,Unresolved
FAIL0012301,TXN00264073,Network Error,1,Resolved
FAIL0012302,TXN00264094,Limit Exceeded,1,Unresolved
FAIL0012303,TXN00264105,Insufficient Balance,1,Unresolved
FAIL0012304,TXN00264116,Payment Gateway Error,1,Unresolved
FAIL0012305,TXN00264118,Bank Server Error,1,Resolved
FAIL0012306,TXN00264120,Payment Gateway Error,3,Resolved
FAIL0012307,TXN00264124,Network Error,1,Unresolved
FAIL0012308,TXN00264130,Bank Server Error,1,Unresolved
FAIL0012309,TXN00264134,Payment Gateway Error,1,Unresolved
FAIL0012310,TXN00264161,Insufficient Balance,2,Resolved
FAIL0012311,TXN00264186,Bank Server Error,1,Resolved
FAIL0012312,TXN00264231,Bank Server Error,3,Resolved
FAIL0012313,TXN00264236,Insufficient Balance,2,Resolved
FAIL0012314,TXN00264268,Timeout,1,Unresolved
FAIL0012315,TXN00264271,Insufficient Balance,1,Resolved
FAIL0012316,TXN00264297,Limit Exceeded,2,Resolved
FAIL0012317,TXN00264332,Payment Gateway Error,1,Resolved
FAIL0012318,TXN00264343,Bank Server Error,1,Resolved
FAIL0012319,TXN00264358,Timeout,1,Resolved
FAIL0012320,TXN00264363,Invalid PIN,1,Unresolved
FAIL0012321,TXN00264364,Network Error,2,Resolved
FAIL0012322,TXN00264377,Limit Exceeded,2,Resolved
FAIL0012323,TXN00264392,Bank Server Error,3,Resolved
FAIL0012324,TXN00264397,Network Error,1,Resolved
FAIL0012325,TXN00264469,Timeout,1,Resolved
FAIL0012326,TXN00264470,Invalid PIN,1,Resolved
FAIL0012327,TXN00264507,Payment Gateway Error,1,Unresolved
FAIL0012328,TXN00264518,Bank Server Error,1,Unresolved
FAIL0012329,TXN00264530,Payment Gateway Error,1,Unresolved
FAIL0012330,TXN00264567,Limit Exceeded,1,Resolved
FAIL0012331,TXN00264570,Bank Server Error,1,Resolved
FAIL0012332,TXN00264584,Bank Server Error,1,Unresolved
FAIL0012333,TXN00264624,Network Error,1,Unresolved
FAIL0012334,TXN00264635,Bank Server Error,1,Resolved
FAIL0012335,TXN00264636,Payment Gateway Error,1,Unresolved
FAIL0012336,TXN00264680,Insufficient Balance,1,Unresolved
FAIL0012337,TXN00264685,Payment Gateway Error,1,Resolved
FAIL0012338,TXN00264724,Insufficient Balance,1,Resolved
FAIL0012339,TXN00264726,Bank Server Error,1,Unresolved
FAIL0012340,TXN00264732,Network Error,1,Resolved
FAIL0012341,TXN00264733,Payment Gateway Error,1,Unresolved
FAIL0012342,TXN00264781,Network Error,1,Resolved
FAIL0012343,TXN00264796,Network Error,1,Resolved
FAIL0012344,TXN00264824,Limit Exceeded,1,Resolved
FAIL0012345,TXN00264839,Insufficient Balance,1,Resolved
FAIL0012346,TXN00264861,Payment Gateway Error,1,Resolved
FAIL0012347,TXN00264885,Bank Server Error,2,Resolved
FAIL0012348,TXN00264903,Invalid PIN,2,Resolved
FAIL0012349,TXN00264922,Insufficient Balance,2,Unresolved
FAIL0012350,TXN00264923,Insufficient Balance,1,Unresolved
FAIL0012351,TXN00264928,Insufficient Balance,1,Resolved
FAIL0012352,TXN00264946,Bank Server Error,1,Resolved
FAIL0012353,TXN00264961,Limit Exceeded,3,Resolved
FAIL0012354,TXN00264973,Limit Exceeded,1,Unresolved
FAIL0012355,TXN00265066,Payment Gateway Error,1,Unresolved
FAIL0012356,TXN00265109,Limit Exceeded,1,Resolved
FAIL0012357,TXN00265111,Bank Server Error,3,Resolved
FAIL0012358,TXN00265124,Timeout,2,Resolved
FAIL0012359,TXN00265140,Insufficient Balance,1,Resolved
FAIL0012360,TXN00265240,Bank Server Error,1,Unresolved
FAIL0012361,TXN00265286,Bank Server Error,1,Unresolved
FAIL0012362,TXN00265316,Bank Server Error,1,Unresolved
FAIL0012363,TXN00265331,Timeout,1,Unresolved
FAIL0012364,TXN00265348,Timeout,3,Resolved
FAIL0012365,TXN00265359,Bank Server Error,1,Unresolved
FAIL0012366,TXN00265376,Bank Server Error,2,Resolved
FAIL0012367,TXN00265380,Invalid PIN,2,Resolved
FAIL0012368,TXN00265389,Bank Server Error,1,Unresolved
FAIL0012369,TXN00265399,Invalid PIN,1,Unresolved
FAIL0012370,TXN00265427,Bank Server Error,2,Resolved
FAIL0012371,TXN00265428,Limit Exceeded,1,Resolved
FAIL0012372,TXN00265456,Network Error,1,Resolved
FAIL0012373,TXN00265488,Payment Gateway Error,2,Unresolved
FAIL0012374,TXN00265499,Invalid PIN,1,Unresolved
FAIL0012375,TXN00265523,Network Error,1,Unresolved
FAIL0012376,TXN00265524,Timeout,2,Unresolved
FAIL0012377,TXN00265538,Network Error,1,Resolved
FAIL0012378,TXN00265540,Insufficient Balance,2,Resolved
FAIL0012379,TXN00265556,Payment Gateway Error,1,Resolved
FAIL0012380,TXN00265561,Bank Server Error,1,Unresolved
FAIL0012381,TXN00265586,Invalid PIN,1,Unresolved
FAIL0012382,TXN00265632,Bank Server Error,3,Resolved
FAIL0012383,TXN00265636,Network Error,1,Unresolved
FAIL0012384,TXN00265639,Payment Gateway Error,1,Unresolved
FAIL0012385,TXN00265655,Network Error,1,Unresolved
FAIL0012386,TXN00265656,Network Error,2,Resolved
FAIL0012387,TXN00265739,Limit Exceeded,1,Resolved
FAIL0012388,TXN00265795,Insufficient Balance,1,Unresolved
FAIL0012389,TXN00265888,Insufficient Balance,1,Unresolved
FAIL0012390,TXN00265899,Payment Gateway Error,1,Unresolved
FAIL0012391,TXN00265931,Insufficient Balance,2,Resolved
FAIL0012392,TXN00265932,Insufficient Balance,1,Unresolved
FAIL0012393,TXN00265944,Bank Server Error,1,Unresolved
FAIL0012394,TXN00265952,Payment Gateway Error,2,Unresolved
FAIL0012395,TXN00266059,Invalid PIN,1,Unresolved
FAIL0012396,TXN00266082,Bank Server Error,1,Resolved
FAIL0012397,TXN00266083,Bank Server Error,1,Unresolved
FAIL0012398,TXN00266094,Insufficient Balance,2,Resolved
FAIL0012399,TXN00266097,Bank Server Error,1,Unresolved
FAIL0012400,TXN00266126,Invalid PIN,1,Unresolved
FAIL0012401,TXN00266147,Bank Server Error,1,Resolved
FAIL0012402,TXN00266171,Limit Exceeded,3,Unresolved
FAIL0012403,TXN00266249,Payment Gateway Error,3,Resolved
FAIL0012404,TXN00266254,Bank Server Error,1,Unresolved
FAIL0012405,TXN00266267,Payment Gateway Error,1,Unresolved
FAIL0012406,TXN00266268,Insufficient Balance,1,Resolved
FAIL0012407,TXN00266273,Payment Gateway Error,1,Unresolved
FAIL0012408,TXN00266330,Network Error,2,Unresolved
FAIL0012409,TXN00266385,Network Error,1,Resolved
FAIL0012410,TXN00266455,Insufficient Balance,2,Unresolved
FAIL0012411,TXN00266456,Insufficient Balance,1,Unresolved
FAIL0012412,TXN00266500,Bank Server Error,1,Unresolved
FAIL0012413,TXN00266516,Timeout,2,Unresolved
FAIL0012414,TXN00266541,Bank Server Error,1,Unresolved
FAIL0012415,TXN00266590,Timeout,1,Resolved
FAIL0012416,TXN00266596,Limit Exceeded,1,Unresolved
FAIL0012417,TXN00266650,Network Error,1,Resolved
FAIL0012418,TXN00266659,Limit Exceeded,1,Unresolved
FAIL0012419,TXN00266684,Insufficient Balance,1,Unresolved
FAIL0012420,TXN00266708,Bank Server Error,2,Resolved
FAIL0012421,TXN00266718,Insufficient Balance,1,Resolved
FAIL0012422,TXN00266719,Insufficient Balance,1,Resolved
FAIL0012423,TXN00266755,Limit Exceeded,1,Unresolved
FAIL0012424,TXN00266759,Payment Gateway Error,2,Unresolved
FAIL0012425,TXN00266771,Insufficient Balance,1,Unresolved
FAIL0012426,TXN00266786,Limit Exceeded,1,Unresolved
FAIL0012427,TXN00266805,Insufficient Balance,2,Unresolved
FAIL0012428,TXN00266810,Insufficient Balance,1,Unresolved
FAIL0012429,TXN00266833,Limit Exceeded,1,Resolved
FAIL0012430,TXN00266860,Insufficient Balance,1,Resolved
FAIL0012431,TXN00266889,Payment Gateway Error,1,Resolved
FAIL0012432,TXN00266904,Invalid PIN,1,Resolved
FAIL0012433,TXN00266944,Insufficient Balance,1,Unresolved
FAIL0012434,TXN00266963,Payment Gateway Error,1,Resolved
FAIL0012435,TXN00267008,Insufficient Balance,2,Resolved
FAIL0012436,TXN00267024,Bank Server Error,1,Resolved
FAIL0012437,TXN00267051,Limit Exceeded,1,Resolved
FAIL0012438,TXN00267059,Insufficient Balance,1,Resolved
FAIL0012439,TXN00267109,Limit Exceeded,3,Resolved
FAIL0012440,TXN00267138,Payment Gateway Error,1,Resolved
FAIL0012441,TXN00267142,Limit Exceeded,2,Resolved
FAIL0012442,TXN00267209,Payment Gateway Error,1,Unresolved
FAIL0012443,TXN00267257,Insufficient Balance,2,Resolved
FAIL0012444,TXN00267263,Network Error,1,Resolved
FAIL0012445,TXN00267275,Bank Server Error,1,Resolved
FAIL0012446,TXN00267282,Invalid PIN,1,Resolved
FAIL0012447,TXN00267290,Bank Server Error,1,Resolved
FAIL0012448,TXN00267294,Network Error,2,Resolved
FAIL0012449,TXN00267296,Insufficient Balance,1,Resolved
FAIL0012450,TXN00267301,Network Error,2,Resolved
FAIL0012451,TXN00267329,Limit Exceeded,1,Resolved
FAIL0012452,TXN00267337,Limit Exceeded,1,Resolved
FAIL0012453,TXN00267342,Bank Server Error,1,Unresolved
FAIL0012454,TXN00267361,Payment Gateway Error,1,Resolved
FAIL0012455,TXN00267366,Network Error,1,Unresolved
FAIL0012456,TXN00267382,Network Error,3,Resolved
FAIL0012457,TXN00267437,Network Error,1,Resolved
FAIL0012458,TXN00267450,Limit Exceeded,1,Resolved
FAIL0012459,TXN00267481,Network Error,1,Unresolved
FAIL0012460,TXN00267527,Insufficient Balance,1,Resolved
FAIL0012461,TXN00267562,Payment Gateway Error,1,Resolved
FAIL0012462,TXN00267618,Insufficient Balance,1,Resolved
FAIL0012463,TXN00267619,Bank Server Error,1,Unresolved
FAIL0012464,TXN00267624,Invalid PIN,1,Resolved
FAIL0012465,TXN00267652,Insufficient Balance,3,Resolved
FAIL0012466,TXN00267654,Limit Exceeded,1,Resolved
FAIL0012467,TXN00267710,Bank Server Error,1,Resolved
FAIL0012468,TXN00267713,Network Error,1,Resolved
FAIL0012469,TXN00267787,Insufficient Balance,1,Resolved
FAIL0012470,TXN00267801,Limit Exceeded,1,Unresolved
FAIL0012471,TXN00267815,Bank Server Error,1,Unresolved
FAIL0012472,TXN00267830,Payment Gateway Error,3,Resolved
FAIL0012473,TXN00267832,Limit Exceeded,1,Resolved
FAIL0012474,TXN00267846,Insufficient Balance,3,Resolved
FAIL0012475,TXN00267847,Bank Server Error,1,Resolved
FAIL0012476,TXN00267857,Payment Gateway Error,2,Resolved
FAIL0012477,TXN00267900,Bank Server Error,2,Resolved
FAIL0012478,TXN00267936,Bank Server Error,1,Resolved
FAIL0012479,TXN00267938,Limit Exceeded,2,Resolved
FAIL0012480,TXN00267946,Payment Gateway Error,1,Unresolved
FAIL0012481,TXN00267965,Payment Gateway Error,3,Resolved
FAIL0012482,TXN00268008,Insufficient Balance,2,Resolved
FAIL0012483,TXN00268037,Network Error,1,Unresolved
FAIL0012484,TXN00268057,Insufficient Balance,1,Unresolved
FAIL0012485,TXN00268099,Timeout,1,Resolved
FAIL0012486,TXN00268110,Bank Server Error,1,Resolved
FAIL0012487,TXN00268112,Insufficient Balance,1,Unresolved
FAIL0012488,TXN00268118,Bank Server Error,1,Resolved
FAIL0012489,TXN00268264,Bank Server Error,1,Unresolved
FAIL0012490,TXN00268317,Bank Server Error,2,Resolved
FAIL0012491,TXN00268319,Insufficient Balance,1,Resolved
FAIL0012492,TXN00268324,Invalid PIN,2,Resolved
FAIL0012493,TXN00268409,Insufficient Balance,1,Unresolved
FAIL0012494,TXN00268425,Network Error,2,Resolved
FAIL0012495,TXN00268433,Limit Exceeded,1,Unresolved
FAIL0012496,TXN00268481,Network Error,1,Unresolved
FAIL0012497,TXN00268484,Invalid PIN,1,Unresolved
FAIL0012498,TXN00268495,Network Error,1,Resolved
FAIL0012499,TXN00268511,Bank Server Error,1,Unresolved
FAIL0012500,TXN00268526,Bank Server Error,2,Resolved
FAIL0012501,TXN00268562,Insufficient Balance,1,Unresolved
FAIL0012502,TXN00268590,Payment Gateway Error,1,Unresolved
FAIL0012503,TXN00268593,Limit Exceeded,1,Resolved
FAIL0012504,TXN00268625,Limit Exceeded,1,Resolved
FAIL0012505,TXN00268643,Network Error,1,Resolved
FAIL0012506,TXN00268656,Limit Exceeded,1,Unresolved
FAIL0012507,TXN00268669,Network Error,1,Unresolved
FAIL0012508,TXN00268677,Insufficient Balance,1,Resolved
FAIL0012509,TXN00268713,Limit Exceeded,2,Resolved
FAIL0012510,TXN00268716,Invalid PIN,2,Resolved
FAIL0012511,TXN00268778,Insufficient Balance,3,Resolved
FAIL0012512,TXN00268801,Invalid PIN,1,Resolved
FAIL0012513,TXN00268841,Bank Server Error,1,Unresolved
FAIL0012514,TXN00268867,Bank Server Error,3,Resolved
FAIL0012515,TXN00268878,Payment Gateway Error,1,Resolved
FAIL0012516,TXN00268914,Invalid PIN,1,Resolved
FAIL0012517,TXN00268944,Limit Exceeded,1,Unresolved
FAIL0012518,TXN00268949,Bank Server Error,2,Resolved
FAIL0012519,TXN00268987,Timeout,1,Unresolved
FAIL0012520,TXN00268989,Timeout,1,Resolved
FAIL0012521,TXN00269008,Bank Server Error,1,Resolved
FAIL0012522,TXN00269028,Payment Gateway Error,1,Unresolved
FAIL0012523,TXN00269037,Insufficient Balance,1,Resolved
FAIL0012524,TXN00269091,Insufficient Balance,2,Resolved
FAIL0012525,TXN00269093,Bank Server Error,2,Resolved
FAIL0012526,TXN00269096,Limit Exceeded,2,Unresolved
FAIL0012527,TXN00269109,Limit Exceeded,3,Resolved
FAIL0012528,TXN00269139,Bank Server Error,1,Resolved
FAIL0012529,TXN00269146,Insufficient Balance,2,Resolved
FAIL0012530,TXN00269149,Insufficient Balance,2,Resolved
FAIL0012531,TXN00269156,Bank Server Error,2,Resolved
FAIL0012532,TXN00269162,Network Error,2,Resolved
FAIL0012533,TXN00269180,Bank Server Error,1,Resolved
FAIL0012534,TXN00269181,Limit Exceeded,2,Resolved
FAIL0012535,TXN00269190,Bank Server Error,1,Unresolved
FAIL0012536,TXN00269193,Network Error,1,Resolved
FAIL0012537,TXN00269203,Network Error,1,Resolved
FAIL0012538,TXN00269219,Limit Exceeded,2,Resolved
FAIL0012539,TXN00269225,Bank Server Error,2,Resolved
FAIL0012540,TXN00269329,Limit Exceeded,2,Unresolved
FAIL0012541,TXN00269333,Insufficient Balance,1,Unresolved
FAIL0012542,TXN00269384,Limit Exceeded,1,Resolved
FAIL0012543,TXN00269409,Invalid PIN,1,Unresolved
FAIL0012544,TXN00269416,Insufficient Balance,1,Resolved
FAIL0012545,TXN00269430,Insufficient Balance,1,Resolved
FAIL0012546,TXN00269459,Bank Server Error,2,Resolved
FAIL0012547,TXN00269473,Insufficient Balance,1,Unresolved
FAIL0012548,TXN00269476,Limit Exceeded,2,Unresolved
FAIL0012549,TXN00269480,Timeout,1,Unresolved
FAIL0012550,TXN00269519,Bank Server Error,1,Unresolved
FAIL0012551,TXN00269556,Limit Exceeded,1,Resolved
FAIL0012552,TXN00269561,Insufficient Balance,1,Resolved
FAIL0012553,TXN00269566,Payment Gateway Error,1,Resolved
FAIL0012554,TXN00269575,Payment Gateway Error,2,Unresolved
FAIL0012555,TXN00269605,Payment Gateway Error,1,Resolved
FAIL0012556,TXN00269613,Limit Exceeded,2,Resolved
FAIL0012557,TXN00269614,Insufficient Balance,1,Resolved
FAIL0012558,TXN00269636,Invalid PIN,2,Resolved
FAIL0012559,TXN00269654,Payment Gateway Error,1,Unresolved
FAIL0012560,TXN00269661,Payment Gateway Error,1,Unresolved
FAIL0012561,TXN00269663,Network Error,2,Resolved
FAIL0012562,TXN00269677,Timeout,3,Resolved
FAIL0012563,TXN00269707,Payment Gateway Error,2,Resolved
FAIL0012564,TXN00269711,Payment Gateway Error,2,Resolved
FAIL0012565,TXN00269777,Limit Exceeded,1,Resolved
FAIL0012566,TXN00269799,Limit Exceeded,2,Resolved
FAIL0012567,TXN00269812,Bank Server Error,1,Resolved
FAIL0012568,TXN00269832,Network Error,1,Resolved
FAIL0012569,TXN00269833,Bank Server Error,1,Unresolved
FAIL0012570,TXN00269880,Insufficient Balance,1,Unresolved
FAIL0012571,TXN00269905,Payment Gateway Error,1,Resolved
FAIL0012572,TXN00269909,Bank Server Error,1,Resolved
FAIL0012573,TXN00269918,Bank Server Error,2,Resolved
FAIL0012574,TXN00269952,Insufficient Balance,3,Unresolved
FAIL0012575,TXN00269955,Insufficient Balance,1,Resolved
FAIL0012576,TXN00269962,Bank Server Error,1,Unresolved
FAIL0012577,TXN00269991,Bank Server Error,1,Unresolved
FAIL0012578,TXN00270010,Insufficient Balance,2,Resolved
FAIL0012579,TXN00270030,Insufficient Balance,1,Unresolved
FAIL0012580,TXN00270038,Invalid PIN,1,Unresolved
FAIL0012581,TXN00270046,Insufficient Balance,2,Resolved
FAIL0012582,TXN00270058,Bank Server Error,2,Resolved
FAIL0012583,TXN00270069,Network Error,1,Resolved
FAIL0012584,TXN00270074,Limit Exceeded,1,Unresolved
FAIL0012585,TXN00270114,Limit Exceeded,1,Unresolved
FAIL0012586,TXN00270137,Limit Exceeded,1,Unresolved
FAIL0012587,TXN00270152,Invalid PIN,1,Unresolved
FAIL0012588,TXN00270161,Bank Server Error,1,Resolved
FAIL0012589,TXN00270170,Insufficient Balance,2,Resolved
FAIL0012590,TXN00270210,Payment Gateway Error,1,Resolved
FAIL0012591,TXN00270230,Limit Exceeded,1,Resolved
FAIL0012592,TXN00270234,Insufficient Balance,1,Unresolved
FAIL0012593,TXN00270276,Network Error,2,Resolved
FAIL0012594,TXN00270288,Limit Exceeded,1,Resolved
FAIL0012595,TXN00270298,Network Error,1,Unresolved
FAIL0012596,TXN00270301,Bank Server Error,1,Unresolved
FAIL0012597,TXN00270302,Bank Server Error,1,Unresolved
FAIL0012598,TXN00270327,Insufficient Balance,2,Unresolved
FAIL0012599,TXN00270334,Network Error,3,Unresolved
FAIL0012600,TXN00270344,Payment Gateway Error,1,Resolved
FAIL0012601,TXN00270347,Timeout,1,Unresolved
FAIL0012602,TXN00270431,Bank Server Error,3,Unresolved
FAIL0012603,TXN00270435,Bank Server Error,1,Unresolved
FAIL0012604,TXN00270438,Insufficient Balance,1,Unresolved
FAIL0012605,TXN00270466,Network Error,1,Resolved
FAIL0012606,TXN00270471,Network Error,1,Unresolved
FAIL0012607,TXN00270474,Invalid PIN,3,Resolved
FAIL0012608,TXN00270477,Bank Server Error,1,Resolved
FAIL0012609,TXN00270481,Limit Exceeded,1,Unresolved
FAIL0012610,TXN00270482,Bank Server Error,1,Unresolved
FAIL0012611,TXN00270513,Insufficient Balance,3,Resolved
FAIL0012612,TXN00270567,Insufficient Balance,1,Resolved
FAIL0012613,TXN00270584,Network Error,1,Resolved
FAIL0012614,TXN00270600,Bank Server Error,3,Resolved
FAIL0012615,TXN00270619,Insufficient Balance,1,Resolved
FAIL0012616,TXN00270648,Bank Server Error,2,Resolved
FAIL0012617,TXN00270673,Bank Server Error,1,Resolved
FAIL0012618,TXN00270679,Bank Server Error,1,Unresolved
FAIL0012619,TXN00270706,Insufficient Balance,1,Resolved
FAIL0012620,TXN00270727,Network Error,1,Resolved
FAIL0012621,TXN00270748,Bank Server Error,1,Resolved
FAIL0012622,TXN00270753,Timeout,1,Resolved
FAIL0012623,TXN00270758,Payment Gateway Error,1,Resolved
FAIL0012624,TXN00270793,Network Error,1,Unresolved
FAIL0012625,TXN00270804,Bank Server Error,1,Resolved
FAIL0012626,TXN00270813,Limit Exceeded,1,Unresolved
FAIL0012627,TXN00270820,Timeout,1,Resolved
FAIL0012628,TXN00270829,Insufficient Balance,1,Resolved
FAIL0012629,TXN00270835,Bank Server Error,2,Unresolved
FAIL0012630,TXN00270858,Insufficient Balance,1,Unresolved
FAIL0012631,TXN00270901,Limit Exceeded,1,Unresolved
FAIL0012632,TXN00270903,Insufficient Balance,1,Resolved
FAIL0012633,TXN00270913,Bank Server Error,2,Unresolved
FAIL0012634,TXN00270933,Insufficient Balance,1,Unresolved
FAIL0012635,TXN00270960,Limit Exceeded,2,Unresolved
FAIL0012636,TXN00271005,Payment Gateway Error,1,Resolved
FAIL0012637,TXN00271012,Insufficient Balance,1,Resolved
FAIL0012638,TXN00271040,Limit Exceeded,1,Unresolved
FAIL0012639,TXN00271160,Limit Exceeded,1,Resolved
FAIL0012640,TXN00271217,Bank Server Error,1,Unresolved
FAIL0012641,TXN00271224,Limit Exceeded,2,Resolved
FAIL0012642,TXN00271237,Network Error,1,Unresolved
FAIL0012643,TXN00271263,Network Error,1,Unresolved
FAIL0012644,TXN00271277,Timeout,1,Unresolved
FAIL0012645,TXN00271281,Network Error,1,Resolved
FAIL0012646,TXN00271284,Limit Exceeded,2,Unresolved
FAIL0012647,TXN00271289,Bank Server Error,1,Resolved
FAIL0012648,TXN00271321,Network Error,2,Unresolved
FAIL0012649,TXN00271328,Insufficient Balance,1,Unresolved
FAIL0012650,TXN00271350,Insufficient Balance,3,Resolved
FAIL0012651,TXN00271370,Insufficient Balance,1,Resolved
FAIL0012652,TXN00271400,Timeout,2,Resolved
FAIL0012653,TXN00271412,Network Error,2,Resolved
FAIL0012654,TXN00271415,Limit Exceeded,2,Resolved
FAIL0012655,TXN00271421,Bank Server Error,1,Resolved
FAIL0012656,TXN00271436,Invalid PIN,1,Resolved
FAIL0012657,TXN00271444,Payment Gateway Error,1,Resolved
FAIL0012658,TXN00271449,Insufficient Balance,1,Resolved
FAIL0012659,TXN00271507,Network Error,1,Resolved
FAIL0012660,TXN00271568,Timeout,1,Resolved
FAIL0012661,TXN00271599,Payment Gateway Error,1,Unresolved
FAIL0012662,TXN00271665,Network Error,1,Unresolved
FAIL0012663,TXN00271710,Insufficient Balance,1,Unresolved
FAIL0012664,TXN00271764,Payment Gateway Error,3,Resolved
FAIL0012665,TXN00271765,Invalid PIN,2,Resolved
FAIL0012666,TXN00271790,Bank Server Error,2,Resolved
FAIL0012667,TXN00271794,Insufficient Balance,1,Unresolved
FAIL0012668,TXN00271800,Payment Gateway Error,1,Resolved
FAIL0012669,TXN00271843,Network Error,1,Unresolved
FAIL0012670,TXN00271851,Timeout,1,Resolved
FAIL0012671,TXN00271858,Insufficient Balance,1,Unresolved
FAIL0012672,TXN00271862,Insufficient Balance,2,Unresolved
FAIL0012673,TXN00271864,Timeout,1,Unresolved
FAIL0012674,TXN00271897,Bank Server Error,1,Unresolved
FAIL0012675,TXN00271900,Invalid PIN,3,Resolved
FAIL0012676,TXN00271912,Network Error,2,Unresolved
FAIL0012677,TXN00271915,Payment Gateway Error,2,Unresolved
FAIL0012678,TXN00271921,Bank Server Error,3,Resolved
FAIL0012679,TXN00271929,Payment Gateway Error,2,Resolved
FAIL0012680,TXN00271982,Payment Gateway Error,3,Resolved
FAIL0012681,TXN00272008,Insufficient Balance,2,Resolved
FAIL0012682,TXN00272017,Limit Exceeded,2,Resolved
FAIL0012683,TXN00272036,Bank Server Error,1,Resolved
FAIL0012684,TXN00272056,Insufficient Balance,1,Resolved
FAIL0012685,TXN00272070,Timeout,2,Resolved
FAIL0012686,TXN00272071,Limit Exceeded,2,Resolved
FAIL0012687,TXN00272098,Bank Server Error,1,Unresolved
FAIL0012688,TXN00272124,Payment Gateway Error,1,Unresolved
FAIL0012689,TXN00272153,Insufficient Balance,1,Resolved
FAIL0012690,TXN00272162,Insufficient Balance,1,Resolved
FAIL0012691,TXN00272166,Payment Gateway Error,1,Resolved
FAIL0012692,TXN00272175,Insufficient Balance,1,Resolved
FAIL0012693,TXN00272176,Insufficient Balance,2,Resolved
FAIL0012694,TXN00272187,Bank Server Error,2,Resolved
FAIL0012695,TXN00272258,Insufficient Balance,1,Resolved
FAIL0012696,TXN00272261,Payment Gateway Error,1,Resolved
FAIL0012697,TXN00272272,Insufficient Balance,1,Unresolved
FAIL0012698,TXN00272294,Bank Server Error,1,Unresolved
FAIL0012699,TXN00272302,Timeout,1,Resolved
FAIL0012700,TXN00272332,Timeout,2,Resolved
FAIL0012701,TXN00272367,Payment Gateway Error,1,Unresolved
FAIL0012702,TXN00272379,Limit Exceeded,3,Resolved
FAIL0012703,TXN00272399,Network Error,1,Unresolved
FAIL0012704,TXN00272423,Network Error,2,Resolved
FAIL0012705,TXN00272433,Invalid PIN,2,Resolved
FAIL0012706,TXN00272451,Timeout,1,Resolved
FAIL0012707,TXN00272502,Network Error,1,Unresolved
FAIL0012708,TXN00272510,Payment Gateway Error,1,Resolved
FAIL0012709,TXN00272573,Insufficient Balance,1,Resolved
FAIL0012710,TXN00272621,Insufficient Balance,2,Unresolved
FAIL0012711,TXN00272639,Insufficient Balance,1,Resolved
FAIL0012712,TXN00272666,Limit Exceeded,1,Resolved
FAIL0012713,TXN00272685,Network Error,1,Unresolved
FAIL0012714,TXN00272697,Invalid PIN,1,Resolved
FAIL0012715,TXN00272699,Network Error,1,Resolved
FAIL0012716,TXN00272735,Insufficient Balance,2,Resolved
FAIL0012717,TXN00272774,Network Error,1,Resolved
FAIL0012718,TXN00272784,Insufficient Balance,2,Resolved
FAIL0012719,TXN00272851,Limit Exceeded,1,Resolved
FAIL0012720,TXN00272868,Limit Exceeded,1,Resolved
FAIL0012721,TXN00272884,Bank Server Error,1,Unresolved
FAIL0012722,TXN00272916,Bank Server Error,1,Unresolved
FAIL0012723,TXN00272949,Limit Exceeded,1,Unresolved
FAIL0012724,TXN00272969,Bank Server Error,1,Resolved
FAIL0012725,TXN00272974,Insufficient Balance,2,Resolved
FAIL0012726,TXN00272977,Bank Server Error,1,Unresolved
FAIL0012727,TXN00273014,Bank Server Error,1,Resolved
FAIL0012728,TXN00273072,Bank Server Error,1,Unresolved
FAIL0012729,TXN00273081,Payment Gateway Error,2,Resolved
FAIL0012730,TXN00273139,Payment Gateway Error,1,Resolved
FAIL0012731,TXN00273183,Limit Exceeded,1,Unresolved
FAIL0012732,TXN00273193,Invalid PIN,1,Unresolved
FAIL0012733,TXN00273197,Timeout,1,Unresolved
FAIL0012734,TXN00273200,Limit Exceeded,2,Resolved
FAIL0012735,TXN00273208,Payment Gateway Error,1,Unresolved
FAIL0012736,TXN00273212,Insufficient Balance,1,Unresolved
FAIL0012737,TXN00273217,Network Error,1,Resolved
FAIL0012738,TXN00273218,Insufficient Balance,1,Resolved
FAIL0012739,TXN00273230,Timeout,1,Unresolved
FAIL0012740,TXN00273285,Timeout,1,Unresolved
FAIL0012741,TXN00273293,Insufficient Balance,3,Resolved
FAIL0012742,TXN00273332,Timeout,2,Unresolved
FAIL0012743,TXN00273346,Limit Exceeded,2,Resolved
FAIL0012744,TXN00273350,Bank Server Error,1,Resolved
FAIL0012745,TXN00273373,Insufficient Balance,1,Resolved
FAIL0012746,TXN00273382,Bank Server Error,2,Resolved
FAIL0012747,TXN00273395,Insufficient Balance,1,Unresolved
FAIL0012748,TXN00273415,Bank Server Error,1,Resolved
FAIL0012749,TXN00273423,Insufficient Balance,1,Resolved
FAIL0012750,TXN00273427,Payment Gateway Error,2,Resolved
FAIL0012751,TXN00273451,Network Error,1,Resolved
FAIL0012752,TXN00273466,Limit Exceeded,1,Unresolved
FAIL0012753,TXN00273489,Invalid PIN,1,Unresolved
FAIL0012754,TXN00273503,Limit Exceeded,1,Unresolved
FAIL0012755,TXN00273504,Invalid PIN,2,Resolved
FAIL0012756,TXN00273522,Insufficient Balance,3,Resolved
FAIL0012757,TXN00273532,Bank Server Error,1,Resolved
FAIL0012758,TXN00273542,Limit Exceeded,1,Resolved
FAIL0012759,TXN00273558,Bank Server Error,1,Resolved
FAIL0012760,TXN00273578,Network Error,1,Resolved
FAIL0012761,TXN00273600,Limit Exceeded,1,Resolved
FAIL0012762,TXN00273603,Bank Server Error,3,Unresolved
FAIL0012763,TXN00273625,Insufficient Balance,1,Unresolved
FAIL0012764,TXN00273629,Network Error,1,Resolved
FAIL0012765,TXN00273650,Timeout,1,Resolved
FAIL0012766,TXN00273653,Bank Server Error,1,Unresolved
FAIL0012767,TXN00273682,Bank Server Error,2,Resolved
FAIL0012768,TXN00273684,Insufficient Balance,1,Unresolved
FAIL0012769,TXN00273697,Payment Gateway Error,1,Unresolved
FAIL0012770,TXN00273755,Payment Gateway Error,1,Unresolved
FAIL0012771,TXN00273756,Insufficient Balance,1,Unresolved
FAIL0012772,TXN00273771,Bank Server Error,1,Unresolved
FAIL0012773,TXN00273802,Limit Exceeded,1,Resolved
FAIL0012774,TXN00273823,Timeout,1,Unresolved
FAIL0012775,TXN00273847,Insufficient Balance,3,Resolved
FAIL0012776,TXN00273870,Timeout,1,Resolved
FAIL0012777,TXN00273877,Bank Server Error,1,Unresolved
FAIL0012778,TXN00273976,Limit Exceeded,2,Resolved
FAIL0012779,TXN00274017,Bank Server Error,1,Unresolved
FAIL0012780,TXN00274040,Insufficient Balance,1,Resolved
FAIL0012781,TXN00274065,Limit Exceeded,1,Unresolved
FAIL0012782,TXN00274119,Bank Server Error,1,Resolved
FAIL0012783,TXN00274291,Invalid PIN,2,Resolved
FAIL0012784,TXN00274301,Bank Server Error,2,Unresolved
FAIL0012785,TXN00274334,Insufficient Balance,2,Resolved
FAIL0012786,TXN00274362,Network Error,1,Unresolved
FAIL0012787,TXN00274363,Bank Server Error,1,Unresolved
FAIL0012788,TXN00274429,Bank Server Error,1,Resolved
FAIL0012789,TXN00274471,Insufficient Balance,1,Unresolved
FAIL0012790,TXN00274484,Payment Gateway Error,1,Resolved
FAIL0012791,TXN00274528,Limit Exceeded,1,Unresolved
FAIL0012792,TXN00274541,Network Error,1,Unresolved
FAIL0012793,TXN00274570,Insufficient Balance,2,Resolved
FAIL0012794,TXN00274575,Bank Server Error,1,Unresolved
FAIL0012795,TXN00274584,Bank Server Error,3,Unresolved
FAIL0012796,TXN00274612,Limit Exceeded,1,Resolved
FAIL0012797,TXN00274643,Payment Gateway Error,1,Unresolved
FAIL0012798,TXN00274659,Insufficient Balance,1,Resolved
FAIL0012799,TXN00274662,Bank Server Error,1,Unresolved
FAIL0012800,TXN00274663,Timeout,1,Unresolved
FAIL0012801,TXN00274671,Timeout,2,Resolved
FAIL0012802,TXN00274714,Insufficient Balance,1,Resolved
FAIL0012803,TXN00274732,Limit Exceeded,1,Resolved
FAIL0012804,TXN00274734,Invalid PIN,2,Resolved
FAIL0012805,TXN00274745,Network Error,1,Resolved
FAIL0012806,TXN00274831,Limit Exceeded,1,Resolved
FAIL0012807,TXN00274835,Insufficient Balance,1,Unresolved
FAIL0012808,TXN00274858,Insufficient Balance,2,Resolved
FAIL0012809,TXN00274879,Insufficient Balance,1,Unresolved
FAIL0012810,TXN00274897,Limit Exceeded,1,Unresolved
FAIL0012811,TXN00274922,Payment Gateway Error,1,Unresolved
FAIL0012812,TXN00274928,Insufficient Balance,1,Unresolved
FAIL0012813,TXN00274930,Limit Exceeded,1,Resolved
FAIL0012814,TXN00274940,Insufficient Balance,2,Resolved
FAIL0012815,TXN00274953,Timeout,1,Unresolved
FAIL0012816,TXN00274981,Bank Server Error,1,Resolved
FAIL0012817,TXN00274988,Limit Exceeded,3,Unresolved
FAIL0012818,TXN00275023,Invalid PIN,3,Unresolved
FAIL0012819,TXN00275055,Network Error,1,Resolved
FAIL0012820,TXN00275056,Limit Exceeded,1,Resolved
FAIL0012821,TXN00275057,Network Error,3,Resolved
FAIL0012822,TXN00275097,Network Error,1,Unresolved
FAIL0012823,TXN00275114,Bank Server Error,1,Resolved
FAIL0012824,TXN00275119,Bank Server Error,1,Unresolved
FAIL0012825,TXN00275128,Payment Gateway Error,2,Unresolved
FAIL0012826,TXN00275134,Payment Gateway Error,1,Resolved
FAIL0012827,TXN00275135,Bank Server Error,1,Unresolved
FAIL0012828,TXN00275140,Bank Server Error,2,Resolved
FAIL0012829,TXN00275153,Limit Exceeded,1,Resolved
FAIL0012830,TXN00275179,Bank Server Error,1,Resolved
FAIL0012831,TXN00275189,Network Error,2,Resolved
FAIL0012832,TXN00275201,Payment Gateway Error,1,Resolved
FAIL0012833,TXN00275216,Bank Server Error,2,Resolved
FAIL0012834,TXN00275222,Timeout,1,Unresolved
FAIL0012835,TXN00275246,Payment Gateway Error,3,Resolved
FAIL0012836,TXN00275297,Invalid PIN,2,Unresolved
FAIL0012837,TXN00275299,Payment Gateway Error,1,Unresolved
FAIL0012838,TXN00275323,Payment Gateway Error,1,Unresolved
FAIL0012839,TXN00275362,Limit Exceeded,2,Unresolved
FAIL0012840,TXN00275364,Payment Gateway Error,1,Resolved
FAIL0012841,TXN00275380,Payment Gateway Error,1,Resolved
FAIL0012842,TXN00275383,Insufficient Balance,1,Resolved
FAIL0012843,TXN00275394,Bank Server Error,1,Unresolved
FAIL0012844,TXN00275401,Payment Gateway Error,1,Unresolved
FAIL0012845,TXN00275431,Bank Server Error,1,Resolved
FAIL0012846,TXN00275433,Network Error,1,Resolved
FAIL0012847,TXN00275444,Timeout,1,Unresolved
FAIL0012848,TXN00275447,Bank Server Error,1,Resolved
FAIL0012849,TXN00275454,Timeout,2,Resolved
FAIL0012850,TXN00275458,Payment Gateway Error,1,Resolved
FAIL0012851,TXN00275497,Limit Exceeded,1,Resolved
FAIL0012852,TXN00275517,Bank Server Error,1,Resolved
FAIL0012853,TXN00275518,Network Error,1,Resolved
FAIL0012854,TXN00275541,Insufficient Balance,1,Unresolved
FAIL0012855,TXN00275553,Payment Gateway Error,3,Resolved
FAIL0012856,TXN00275568,Bank Server Error,1,Resolved
FAIL0012857,TXN00275641,Payment Gateway Error,3,Resolved
FAIL0012858,TXN00275663,Payment Gateway Error,1,Unresolved
FAIL0012859,TXN00275677,Network Error,1,Resolved
FAIL0012860,TXN00275749,Bank Server Error,1,Unresolved
FAIL0012861,TXN00275758,Timeout,2,Resolved
FAIL0012862,TXN00275811,Limit Exceeded,2,Resolved
FAIL0012863,TXN00275820,Network Error,1,Unresolved
FAIL0012864,TXN00275842,Network Error,2,Unresolved
FAIL0012865,TXN00275855,Limit Exceeded,1,Unresolved
FAIL0012866,TXN00275912,Network Error,1,Resolved
FAIL0012867,TXN00275921,Invalid PIN,1,Unresolved
FAIL0012868,TXN00275922,Limit Exceeded,2,Resolved
FAIL0012869,TXN00275940,Timeout,1,Unresolved
FAIL0012870,TXN00275941,Invalid PIN,1,Resolved
FAIL0012871,TXN00275968,Limit Exceeded,3,Resolved
FAIL0012872,TXN00275970,Insufficient Balance,1,Unresolved
FAIL0012873,TXN00275982,Bank Server Error,2,Resolved
FAIL0012874,TXN00275990,Network Error,1,Unresolved
FAIL0012875,TXN00275993,Bank Server Error,1,Resolved
FAIL0012876,TXN00276035,Network Error,1,Resolved
FAIL0012877,TXN00276067,Bank Server Error,1,Unresolved
FAIL0012878,TXN00276072,Limit Exceeded,1,Resolved
FAIL0012879,TXN00276077,Payment Gateway Error,3,Resolved
FAIL0012880,TXN00276094,Bank Server Error,1,Unresolved
FAIL0012881,TXN00276131,Bank Server Error,1,Unresolved
FAIL0012882,TXN00276151,Insufficient Balance,1,Unresolved
FAIL0012883,TXN00276172,Payment Gateway Error,1,Resolved
FAIL0012884,TXN00276215,Insufficient Balance,1,Unresolved
FAIL0012885,TXN00276232,Network Error,1,Unresolved
FAIL0012886,TXN00276241,Bank Server Error,1,Unresolved
FAIL0012887,TXN00276245,Network Error,1,Unresolved
FAIL0012888,TXN00276256,Timeout,1,Resolved
FAIL0012889,TXN00276265,Bank Server Error,1,Unresolved
FAIL0012890,TXN00276302,Payment Gateway Error,1,Resolved
FAIL0012891,TXN00276318,Timeout,2,Unresolved
FAIL0012892,TXN00276331,Network Error,2,Unresolved
FAIL0012893,TXN00276339,Insufficient Balance,1,Unresolved
FAIL0012894,TXN00276344,Payment Gateway Error,1,Unresolved
FAIL0012895,TXN00276431,Bank Server Error,1,Resolved
FAIL0012896,TXN00276453,Timeout,1,Unresolved
FAIL0012897,TXN00276466,Payment Gateway Error,2,Resolved
FAIL0012898,TXN00276475,Network Error,2,Resolved
FAIL0012899,TXN00276492,Bank Server Error,1,Resolved
FAIL0012900,TXN00276497,Network Error,1,Unresolved
FAIL0012901,TXN00276500,Insufficient Balance,1,Unresolved
FAIL0012902,TXN00276506,Limit Exceeded,1,Unresolved
FAIL0012903,TXN00276516,Bank Server Error,2,Resolved
FAIL0012904,TXN00276539,Network Error,1,Resolved
FAIL0012905,TXN00276573,Network Error,2,Unresolved
FAIL0012906,TXN00276576,Timeout,1,Unresolved
FAIL0012907,TXN00276580,Bank Server Error,1,Resolved
FAIL0012908,TXN00276603,Payment Gateway Error,1,Resolved
FAIL0012909,TXN00276619,Invalid PIN,1,Unresolved
FAIL0012910,TXN00276684,Invalid PIN,2,Resolved
FAIL0012911,TXN00276688,Network Error,1,Resolved
FAIL0012912,TXN00276725,Payment Gateway Error,1,Unresolved
FAIL0012913,TXN00276740,Limit Exceeded,1,Resolved
FAIL0012914,TXN00276753,Limit Exceeded,1,Resolved
FAIL0012915,TXN00276763,Invalid PIN,1,Unresolved
FAIL0012916,TXN00276773,Invalid PIN,1,Resolved
FAIL0012917,TXN00276774,Payment Gateway Error,1,Resolved
FAIL0012918,TXN00276823,Insufficient Balance,2,Unresolved
FAIL0012919,TXN00276835,Insufficient Balance,3,Resolved
FAIL0012920,TXN00276848,Network Error,3,Resolved
FAIL0012921,TXN00276855,Invalid PIN,1,Resolved
FAIL0012922,TXN00276876,Bank Server Error,1,Resolved
FAIL0012923,TXN00276891,Timeout,1,Resolved
FAIL0012924,TXN00276897,Insufficient Balance,1,Resolved
FAIL0012925,TXN00276910,Insufficient Balance,1,Resolved
FAIL0012926,TXN00276942,Insufficient Balance,1,Resolved
FAIL0012927,TXN00276981,Bank Server Error,1,Unresolved
FAIL0012928,TXN00276991,Payment Gateway Error,1,Resolved
FAIL0012929,TXN00277021,Payment Gateway Error,1,Resolved
FAIL0012930,TXN00277025,Insufficient Balance,1,Unresolved
FAIL0012931,TXN00277031,Insufficient Balance,1,Resolved
FAIL0012932,TXN00277102,Network Error,1,Resolved
FAIL0012933,TXN00277145,Timeout,1,Unresolved
FAIL0012934,TXN00277173,Invalid PIN,2,Resolved
FAIL0012935,TXN00277188,Invalid PIN,1,Unresolved
FAIL0012936,TXN00277204,Limit Exceeded,3,Unresolved
FAIL0012937,TXN00277270,Bank Server Error,1,Unresolved
FAIL0012938,TXN00277289,Limit Exceeded,2,Resolved
FAIL0012939,TXN00277291,Invalid PIN,1,Unresolved
FAIL0012940,TXN00277299,Payment Gateway Error,1,Unresolved
FAIL0012941,TXN00277313,Payment Gateway Error,1,Resolved
FAIL0012942,TXN00277323,Timeout,3,Resolved
FAIL0012943,TXN00277324,Insufficient Balance,1,Unresolved
FAIL0012944,TXN00277346,Payment Gateway Error,1,Unresolved
FAIL0012945,TXN00277363,Limit Exceeded,2,Resolved
FAIL0012946,TXN00277364,Limit Exceeded,1,Unresolved
FAIL0012947,TXN00277375,Timeout,1,Resolved
FAIL0012948,TXN00277376,Insufficient Balance,1,Resolved
FAIL0012949,TXN00277399,Bank Server Error,1,Unresolved
FAIL0012950,TXN00277406,Payment Gateway Error,1,Unresolved
FAIL0012951,TXN00277443,Limit Exceeded,1,Resolved
FAIL0012952,TXN00277447,Insufficient Balance,1,Unresolved
FAIL0012953,TXN00277458,Bank Server Error,3,Resolved
FAIL0012954,TXN00277473,Insufficient Balance,2,Resolved
FAIL0012955,TXN00277479,Bank Server Error,1,Unresolved
FAIL0012956,TXN00277486,Payment Gateway Error,1,Resolved
FAIL0012957,TXN00277511,Network Error,1,Unresolved
FAIL0012958,TXN00277527,Network Error,1,Unresolved
FAIL0012959,TXN00277543,Timeout,1,Unresolved
FAIL0012960,TXN00277547,Limit Exceeded,1,Resolved
FAIL0012961,TXN00277563,Payment Gateway Error,1,Resolved
FAIL0012962,TXN00277579,Limit Exceeded,1,Resolved
FAIL0012963,TXN00277590,Bank Server Error,1,Resolved
FAIL0012964,TXN00277603,Insufficient Balance,1,Resolved
FAIL0012965,TXN00277605,Limit Exceeded,3,Resolved
FAIL0012966,TXN00277646,Limit Exceeded,2,Resolved
FAIL0012967,TXN00277663,Bank Server Error,1,Resolved
FAIL0012968,TXN00277674,Insufficient Balance,1,Resolved
FAIL0012969,TXN00277678,Payment Gateway Error,1,Unresolved
FAIL0012970,TXN00277684,Payment Gateway Error,2,Unresolved
FAIL0012971,TXN00277715,Network Error,1,Unresolved
FAIL0012972,TXN00277731,Invalid PIN,2,Resolved
FAIL0012973,TXN00277740,Payment Gateway Error,3,Resolved
FAIL0012974,TXN00277773,Payment Gateway Error,1,Resolved
FAIL0012975,TXN00277814,Insufficient Balance,1,Unresolved
FAIL0012976,TXN00277817,Limit Exceeded,1,Resolved
FAIL0012977,TXN00277818,Invalid PIN,3,Resolved
FAIL0012978,TXN00277861,Network Error,1,Resolved
FAIL0012979,TXN00277862,Network Error,1,Resolved
FAIL0012980,TXN00277870,Bank Server Error,2,Resolved
FAIL0012981,TXN00277940,Timeout,1,Resolved
FAIL0012982,TXN00277961,Timeout,1,Resolved
FAIL0012983,TXN00277966,Bank Server Error,2,Resolved
FAIL0012984,TXN00278039,Insufficient Balance,1,Resolved
FAIL0012985,TXN00278082,Payment Gateway Error,1,Resolved
FAIL0012986,TXN00278095,Timeout,2,Resolved
FAIL0012987,TXN00278125,Insufficient Balance,1,Resolved
FAIL0012988,TXN00278146,Bank Server Error,1,Unresolved
FAIL0012989,TXN00278153,Timeout,3,Resolved
FAIL0012990,TXN00278170,Limit Exceeded,1,Unresolved
FAIL0012991,TXN00278197,Bank Server Error,1,Resolved
FAIL0012992,TXN00278260,Bank Server Error,1,Resolved
FAIL0012993,TXN00278345,Timeout,1,Resolved
FAIL0012994,TXN00278404,Insufficient Balance,1,Resolved
FAIL0012995,TXN00278418,Insufficient Balance,2,Resolved
FAIL0012996,TXN00278419,Bank Server Error,1,Resolved
FAIL0012997,TXN00278434,Timeout,1,Unresolved
FAIL0012998,TXN00278449,Limit Exceeded,1,Resolved
FAIL0012999,TXN00278489,Limit Exceeded,1,Resolved
FAIL0013000,TXN00278506,Insufficient Balance,1,Unresolved
FAIL0013001,TXN00278566,Bank Server Error,1,Resolved
FAIL0013002,TXN00278569,Payment Gateway Error,3,Resolved
FAIL0013003,TXN00278570,Bank Server Error,2,Resolved
FAIL0013004,TXN00278576,Payment Gateway Error,1,Unresolved
FAIL0013005,TXN00278621,Bank Server Error,3,Resolved
FAIL0013006,TXN00278632,Limit Exceeded,1,Unresolved
FAIL0013007,TXN00278670,Bank Server Error,1,Resolved
FAIL0013008,TXN00278679,Network Error,1,Resolved
FAIL0013009,TXN00278702,Payment Gateway Error,1,Resolved
FAIL0013010,TXN00278705,Bank Server Error,2,Unresolved
FAIL0013011,TXN00278749,Limit Exceeded,1,Resolved
FAIL0013012,TXN00278764,Bank Server Error,1,Resolved
FAIL0013013,TXN00278772,Network Error,1,Resolved
FAIL0013014,TXN00278790,Bank Server Error,1,Resolved
FAIL0013015,TXN00278815,Invalid PIN,1,Resolved
FAIL0013016,TXN00278825,Insufficient Balance,1,Resolved
FAIL0013017,TXN00278836,Insufficient Balance,1,Resolved
FAIL0013018,TXN00278868,Bank Server Error,1,Unresolved
FAIL0013019,TXN00278896,Insufficient Balance,1,Resolved
FAIL0013020,TXN00278898,Invalid PIN,1,Resolved
FAIL0013021,TXN00278951,Bank Server Error,2,Resolved
FAIL0013022,TXN00279034,Insufficient Balance,1,Unresolved
FAIL0013023,TXN00279099,Network Error,2,Resolved
FAIL0013024,TXN00279101,Bank Server Error,2,Resolved
FAIL0013025,TXN00279103,Insufficient Balance,1,Resolved
FAIL0013026,TXN00279157,Payment Gateway Error,1,Resolved
FAIL0013027,TXN00279170,Timeout,2,Resolved
FAIL0013028,TXN00279240,Insufficient Balance,1,Resolved
FAIL0013029,TXN00279298,Bank Server Error,3,Resolved
FAIL0013030,TXN00279305,Insufficient Balance,1,Unresolved
FAIL0013031,TXN00279340,Payment Gateway Error,1,Unresolved
FAIL0013032,TXN00279348,Payment Gateway Error,1,Resolved
FAIL0013033,TXN00279403,Bank Server Error,1,Unresolved
FAIL0013034,TXN00279422,Payment Gateway Error,1,Unresolved
FAIL0013035,TXN00279461,Network Error,1,Resolved
FAIL0013036,TXN00279476,Invalid PIN,1,Resolved
FAIL0013037,TXN00279477,Network Error,3,Unresolved
FAIL0013038,TXN00279500,Bank Server Error,1,Resolved
FAIL0013039,TXN00279521,Limit Exceeded,1,Resolved
FAIL0013040,TXN00279532,Timeout,1,Resolved
FAIL0013041,TXN00279565,Payment Gateway Error,1,Resolved
FAIL0013042,TXN00279578,Payment Gateway Error,2,Unresolved
FAIL0013043,TXN00279626,Bank Server Error,1,Resolved
FAIL0013044,TXN00279642,Timeout,2,Resolved
FAIL0013045,TXN00279643,Bank Server Error,1,Resolved
FAIL0013046,TXN00279645,Insufficient Balance,1,Unresolved
FAIL0013047,TXN00279691,Bank Server Error,1,Unresolved
FAIL0013048,TXN00279696,Timeout,1,Resolved
FAIL0013049,TXN00279725,Payment Gateway Error,2,Resolved
FAIL0013050,TXN00279729,Bank Server Error,2,Resolved
FAIL0013051,TXN00279767,Limit Exceeded,1,Resolved
FAIL0013052,TXN00279768,Insufficient Balance,2,Resolved
FAIL0013053,TXN00279789,Network Error,1,Resolved
FAIL0013054,TXN00279796,Bank Server Error,1,Unresolved
FAIL0013055,TXN00279843,Network Error,2,Unresolved
FAIL0013056,TXN00279865,Payment Gateway Error,2,Resolved
FAIL0013057,TXN00279875,Payment Gateway Error,1,Resolved
FAIL0013058,TXN00279914,Payment Gateway Error,2,Resolved
FAIL0013059,TXN00279932,Insufficient Balance,2,Unresolved
FAIL0013060,TXN00279948,Bank Server Error,1,Resolved
FAIL0013061,TXN00279968,Payment Gateway Error,2,Resolved
FAIL0013062,TXN00280016,Payment Gateway Error,2,Resolved
FAIL0013063,TXN00280017,Network Error,1,Unresolved
FAIL0013064,TXN00280041,Limit Exceeded,1,Resolved
FAIL0013065,TXN00280079,Insufficient Balance,2,Resolved
FAIL0013066,TXN00280101,Insufficient Balance,1,Resolved
FAIL0013067,TXN00280131,Network Error,1,Unresolved
FAIL0013068,TXN00280209,Timeout,1,Unresolved
FAIL0013069,TXN00280222,Limit Exceeded,1,Resolved
FAIL0013070,TXN00280240,Invalid PIN,1,Resolved
FAIL0013071,TXN00280248,Insufficient Balance,1,Unresolved
FAIL0013072,TXN00280299,Payment Gateway Error,2,Resolved
FAIL0013073,TXN00280301,Payment Gateway Error,1,Resolved
FAIL0013074,TXN00280326,Network Error,1,Resolved
FAIL0013075,TXN00280327,Timeout,1,Unresolved
FAIL0013076,TXN00280349,Limit Exceeded,1,Unresolved
FAIL0013077,TXN00280351,Bank Server Error,1,Resolved
FAIL0013078,TXN00280364,Insufficient Balance,1,Resolved
FAIL0013079,TXN00280432,Limit Exceeded,1,Unresolved
FAIL0013080,TXN00280436,Limit Exceeded,2,Unresolved
FAIL0013081,TXN00280456,Limit Exceeded,1,Unresolved
FAIL0013082,TXN00280473,Invalid PIN,1,Unresolved
FAIL0013083,TXN00280494,Insufficient Balance,1,Unresolved
FAIL0013084,TXN00280496,Timeout,1,Resolved
FAIL0013085,TXN00280501,Insufficient Balance,1,Resolved
FAIL0013086,TXN00280552,Timeout,1,Resolved
FAIL0013087,TXN00280562,Payment Gateway Error,3,Resolved
FAIL0013088,TXN00280580,Bank Server Error,2,Resolved
FAIL0013089,TXN00280591,Network Error,1,Resolved
FAIL0013090,TXN00280621,Insufficient Balance,1,Resolved
FAIL0013091,TXN00280640,Timeout,1,Unresolved
FAIL0013092,TXN00280642,Insufficient Balance,2,Resolved
FAIL0013093,TXN00280720,Bank Server Error,1,Unresolved
FAIL0013094,TXN00280756,Insufficient Balance,2,Resolved
FAIL0013095,TXN00280774,Payment Gateway Error,1,Unresolved
FAIL0013096,TXN00280802,Bank Server Error,1,Unresolved
FAIL0013097,TXN00280842,Limit Exceeded,2,Resolved
FAIL0013098,TXN00280843,Payment Gateway Error,1,Resolved
FAIL0013099,TXN00280856,Payment Gateway Error,2,Unresolved
FAIL0013100,TXN00280872,Network Error,1,Unresolved
FAIL0013101,TXN00280873,Insufficient Balance,1,Resolved
FAIL0013102,TXN00280884,Bank Server Error,2,Unresolved
FAIL0013103,TXN00280921,Limit Exceeded,1,Resolved
FAIL0013104,TXN00280952,Insufficient Balance,1,Unresolved
FAIL0013105,TXN00280961,Limit Exceeded,1,Resolved
FAIL0013106,TXN00280985,Payment Gateway Error,1,Resolved
FAIL0013107,TXN00281008,Insufficient Balance,2,Resolved
FAIL0013108,TXN00281022,Bank Server Error,2,Resolved
FAIL0013109,TXN00281032,Timeout,1,Resolved
FAIL0013110,TXN00281048,Limit Exceeded,1,Unresolved
FAIL0013111,TXN00281057,Insufficient Balance,2,Resolved
FAIL0013112,TXN00281061,Payment Gateway Error,1,Resolved
FAIL0013113,TXN00281117,Bank Server Error,1,Resolved
FAIL0013114,TXN00281121,Limit Exceeded,1,Unresolved
FAIL0013115,TXN00281130,Bank Server Error,1,Unresolved
FAIL0013116,TXN00281141,Limit Exceeded,1,Unresolved
FAIL0013117,TXN00281144,Network Error,1,Unresolved
FAIL0013118,TXN00281153,Network Error,2,Resolved
FAIL0013119,TXN00281154,Payment Gateway Error,1,Unresolved
FAIL0013120,TXN00281170,Insufficient Balance,2,Resolved
FAIL0013121,TXN00281212,Timeout,1,Resolved
FAIL0013122,TXN00281391,Network Error,1,Unresolved
FAIL0013123,TXN00281395,Limit Exceeded,1,Resolved
FAIL0013124,TXN00281404,Payment Gateway Error,2,Resolved
FAIL0013125,TXN00281412,Insufficient Balance,1,Unresolved
FAIL0013126,TXN00281424,Network Error,2,Unresolved
FAIL0013127,TXN00281426,Payment Gateway Error,1,Resolved
FAIL0013128,TXN00281447,Limit Exceeded,1,Unresolved
FAIL0013129,TXN00281487,Network Error,1,Resolved
FAIL0013130,TXN00281505,Insufficient Balance,1,Resolved
FAIL0013131,TXN00281562,Insufficient Balance,2,Resolved
FAIL0013132,TXN00281581,Invalid PIN,2,Resolved
FAIL0013133,TXN00281592,Network Error,1,Unresolved
FAIL0013134,TXN00281604,Limit Exceeded,1,Resolved
FAIL0013135,TXN00281610,Timeout,1,Resolved
FAIL0013136,TXN00281667,Payment Gateway Error,2,Unresolved
FAIL0013137,TXN00281698,Invalid PIN,1,Unresolved
FAIL0013138,TXN00281730,Bank Server Error,1,Unresolved
FAIL0013139,TXN00281754,Bank Server Error,2,Resolved
FAIL0013140,TXN00281814,Insufficient Balance,1,Unresolved
FAIL0013141,TXN00281820,Payment Gateway Error,1,Unresolved
FAIL0013142,TXN00281846,Payment Gateway Error,2,Resolved
FAIL0013143,TXN00281920,Payment Gateway Error,1,Resolved
FAIL0013144,TXN00281980,Bank Server Error,1,Resolved
FAIL0013145,TXN00281985,Network Error,2,Resolved
FAIL0013146,TXN00281993,Timeout,1,Unresolved
FAIL0013147,TXN00282007,Timeout,1,Resolved
FAIL0013148,TXN00282017,Timeout,1,Resolved
FAIL0013149,TXN00282035,Bank Server Error,1,Unresolved
FAIL0013150,TXN00282049,Bank Server Error,1,Resolved
FAIL0013151,TXN00282071,Network Error,1,Resolved
FAIL0013152,TXN00282095,Payment Gateway Error,1,Resolved
FAIL0013153,TXN00282096,Invalid PIN,1,Resolved
FAIL0013154,TXN00282142,Payment Gateway Error,1,Unresolved
FAIL0013155,TXN00282160,Insufficient Balance,1,Resolved
FAIL0013156,TXN00282194,Payment Gateway Error,1,Unresolved
FAIL0013157,TXN00282206,Invalid PIN,1,Resolved
FAIL0013158,TXN00282211,Bank Server Error,1,Resolved
FAIL0013159,TXN00282218,Invalid PIN,1,Resolved
FAIL0013160,TXN00282268,Payment Gateway Error,2,Resolved
FAIL0013161,TXN00282285,Bank Server Error,1,Resolved
FAIL0013162,TXN00282291,Insufficient Balance,1,Unresolved
FAIL0013163,TXN00282315,Payment Gateway Error,1,Resolved
FAIL0013164,TXN00282331,Payment Gateway Error,2,Resolved
FAIL0013165,TXN00282335,Bank Server Error,1,Unresolved
FAIL0013166,TXN00282336,Network Error,1,Unresolved
FAIL0013167,TXN00282353,Limit Exceeded,1,Resolved
FAIL0013168,TXN00282366,Network Error,2,Resolved
FAIL0013169,TXN00282376,Payment Gateway Error,2,Unresolved
FAIL0013170,TXN00282402,Bank Server Error,1,Resolved
FAIL0013171,TXN00282449,Insufficient Balance,1,Resolved
FAIL0013172,TXN00282475,Timeout,3,Resolved
FAIL0013173,TXN00282497,Insufficient Balance,2,Resolved
FAIL0013174,TXN00282499,Payment Gateway Error,1,Unresolved
FAIL0013175,TXN00282505,Insufficient Balance,1,Resolved
FAIL0013176,TXN00282516,Payment Gateway Error,2,Resolved
FAIL0013177,TXN00282598,Insufficient Balance,1,Unresolved
FAIL0013178,TXN00282616,Bank Server Error,2,Resolved
FAIL0013179,TXN00282635,Payment Gateway Error,1,Resolved
FAIL0013180,TXN00282653,Limit Exceeded,1,Resolved
FAIL0013181,TXN00282664,Network Error,1,Resolved
FAIL0013182,TXN00282669,Payment Gateway Error,2,Resolved
FAIL0013183,TXN00282671,Invalid PIN,1,Unresolved
FAIL0013184,TXN00282739,Invalid PIN,1,Resolved
FAIL0013185,TXN00282742,Payment Gateway Error,2,Resolved
FAIL0013186,TXN00282745,Network Error,1,Resolved
FAIL0013187,TXN00282764,Insufficient Balance,1,Resolved
FAIL0013188,TXN00282772,Bank Server Error,1,Unresolved
FAIL0013189,TXN00282810,Limit Exceeded,2,Resolved
FAIL0013190,TXN00282835,Insufficient Balance,1,Unresolved
FAIL0013191,TXN00282849,Insufficient Balance,1,Unresolved
FAIL0013192,TXN00282861,Payment Gateway Error,1,Unresolved
FAIL0013193,TXN00282880,Limit Exceeded,1,Resolved
FAIL0013194,TXN00282886,Insufficient Balance,2,Unresolved
FAIL0013195,TXN00282891,Bank Server Error,1,Resolved
FAIL0013196,TXN00282919,Limit Exceeded,1,Resolved
FAIL0013197,TXN00282924,Insufficient Balance,1,Unresolved
FAIL0013198,TXN00282938,Timeout,2,Resolved
FAIL0013199,TXN00282943,Limit Exceeded,1,Resolved
FAIL0013200,TXN00283002,Network Error,1,Unresolved
FAIL0013201,TXN00283003,Timeout,1,Unresolved
FAIL0013202,TXN00283045,Payment Gateway Error,2,Resolved
FAIL0013203,TXN00283048,Limit Exceeded,2,Resolved
FAIL0013204,TXN00283052,Insufficient Balance,1,Resolved
FAIL0013205,TXN00283078,Limit Exceeded,1,Resolved
FAIL0013206,TXN00283104,Invalid PIN,1,Unresolved
FAIL0013207,TXN00283105,Insufficient Balance,1,Unresolved
FAIL0013208,TXN00283206,Network Error,1,Resolved
FAIL0013209,TXN00283219,Network Error,1,Unresolved
FAIL0013210,TXN00283258,Limit Exceeded,2,Resolved
FAIL0013211,TXN00283287,Network Error,3,Resolved
FAIL0013212,TXN00283293,Network Error,1,Resolved
FAIL0013213,TXN00283314,Timeout,1,Resolved
FAIL0013214,TXN00283324,Timeout,1,Resolved
FAIL0013215,TXN00283325,Payment Gateway Error,1,Unresolved
FAIL0013216,TXN00283328,Network Error,1,Unresolved
FAIL0013217,TXN00283346,Network Error,1,Resolved
FAIL0013218,TXN00283372,Payment Gateway Error,1,Resolved
FAIL0013219,TXN00283390,Invalid PIN,2,Unresolved
FAIL0013220,TXN00283406,Payment Gateway Error,2,Resolved
FAIL0013221,TXN00283409,Bank Server Error,1,Resolved
FAIL0013222,TXN00283410,Bank Server Error,1,Unresolved
FAIL0013223,TXN00283434,Bank Server Error,1,Resolved
FAIL0013224,TXN00283439,Network Error,1,Resolved
FAIL0013225,TXN00283453,Insufficient Balance,1,Unresolved
FAIL0013226,TXN00283458,Timeout,1,Unresolved
FAIL0013227,TXN00283469,Timeout,2,Resolved
FAIL0013228,TXN00283508,Bank Server Error,1,Resolved
FAIL0013229,TXN00283523,Invalid PIN,1,Unresolved
FAIL0013230,TXN00283535,Payment Gateway Error,1,Resolved
FAIL0013231,TXN00283564,Bank Server Error,1,Resolved
FAIL0013232,TXN00283595,Bank Server Error,1,Resolved
FAIL0013233,TXN00283629,Insufficient Balance,2,Resolved
FAIL0013234,TXN00283679,Network Error,1,Resolved
FAIL0013235,TXN00283683,Bank Server Error,1,Unresolved
FAIL0013236,TXN00283715,Limit Exceeded,2,Resolved
FAIL0013237,TXN00283718,Network Error,1,Unresolved
FAIL0013238,TXN00283721,Insufficient Balance,3,Unresolved
FAIL0013239,TXN00283746,Bank Server Error,1,Resolved
FAIL0013240,TXN00283753,Payment Gateway Error,2,Resolved
FAIL0013241,TXN00283760,Payment Gateway Error,1,Resolved
FAIL0013242,TXN00283791,Limit Exceeded,1,Resolved
FAIL0013243,TXN00283802,Insufficient Balance,1,Resolved
FAIL0013244,TXN00283829,Timeout,1,Unresolved
FAIL0013245,TXN00283860,Limit Exceeded,1,Resolved
FAIL0013246,TXN00283910,Payment Gateway Error,1,Unresolved
FAIL0013247,TXN00283920,Insufficient Balance,1,Unresolved
FAIL0013248,TXN00283973,Insufficient Balance,1,Unresolved
FAIL0013249,TXN00284040,Timeout,1,Unresolved
FAIL0013250,TXN00284047,Insufficient Balance,3,Resolved
FAIL0013251,TXN00284083,Bank Server Error,2,Resolved
FAIL0013252,TXN00284087,Bank Server Error,2,Resolved
FAIL0013253,TXN00284097,Payment Gateway Error,2,Resolved
FAIL0013254,TXN00284098,Bank Server Error,2,Unresolved
FAIL0013255,TXN00284112,Timeout,2,Resolved
FAIL0013256,TXN00284158,Network Error,1,Unresolved
FAIL0013257,TXN00284189,Payment Gateway Error,1,Resolved
FAIL0013258,TXN00284197,Bank Server Error,1,Unresolved
FAIL0013259,TXN00284232,Payment Gateway Error,1,Resolved
FAIL0013260,TXN00284260,Payment Gateway Error,1,Resolved
FAIL0013261,TXN00284272,Bank Server Error,1,Unresolved
FAIL0013262,TXN00284307,Timeout,1,Resolved
FAIL0013263,TXN00284310,Bank Server Error,1,Resolved
FAIL0013264,TXN00284326,Limit Exceeded,2,Unresolved
FAIL0013265,TXN00284358,Timeout,2,Unresolved
FAIL0013266,TXN00284368,Insufficient Balance,2,Resolved
FAIL0013267,TXN00284430,Limit Exceeded,1,Resolved
FAIL0013268,TXN00284458,Network Error,1,Unresolved
FAIL0013269,TXN00284479,Bank Server Error,1,Resolved
FAIL0013270,TXN00284484,Limit Exceeded,1,Unresolved
FAIL0013271,TXN00284508,Invalid PIN,2,Unresolved
FAIL0013272,TXN00284546,Payment Gateway Error,1,Resolved
FAIL0013273,TXN00284654,Payment Gateway Error,1,Resolved
FAIL0013274,TXN00284659,Timeout,1,Unresolved
FAIL0013275,TXN00284663,Insufficient Balance,1,Resolved
FAIL0013276,TXN00284676,Limit Exceeded,1,Unresolved
FAIL0013277,TXN00284706,Payment Gateway Error,1,Resolved
FAIL0013278,TXN00284737,Limit Exceeded,1,Resolved
FAIL0013279,TXN00284781,Limit Exceeded,3,Resolved
FAIL0013280,TXN00284827,Timeout,1,Resolved
FAIL0013281,TXN00284887,Timeout,1,Unresolved
FAIL0013282,TXN00284920,Payment Gateway Error,1,Resolved
FAIL0013283,TXN00284943,Network Error,1,Unresolved
FAIL0013284,TXN00284974,Insufficient Balance,1,Unresolved
FAIL0013285,TXN00285000,Payment Gateway Error,1,Resolved
FAIL0013286,TXN00285061,Bank Server Error,2,Unresolved
FAIL0013287,TXN00285090,Timeout,2,Unresolved
FAIL0013288,TXN00285115,Payment Gateway Error,3,Resolved
FAIL0013289,TXN00285120,Invalid PIN,1,Unresolved
FAIL0013290,TXN00285132,Insufficient Balance,1,Resolved
FAIL0013291,TXN00285159,Bank Server Error,1,Unresolved
FAIL0013292,TXN00285192,Limit Exceeded,1,Resolved
FAIL0013293,TXN00285240,Bank Server Error,1,Unresolved
FAIL0013294,TXN00285272,Network Error,1,Resolved
FAIL0013295,TXN00285280,Bank Server Error,2,Resolved
FAIL0013296,TXN00285292,Network Error,1,Unresolved
FAIL0013297,TXN00285295,Insufficient Balance,1,Unresolved
FAIL0013298,TXN00285308,Network Error,1,Resolved
FAIL0013299,TXN00285313,Timeout,1,Resolved
FAIL0013300,TXN00285344,Payment Gateway Error,2,Unresolved
FAIL0013301,TXN00285346,Limit Exceeded,2,Resolved
FAIL0013302,TXN00285363,Bank Server Error,2,Unresolved
FAIL0013303,TXN00285381,Invalid PIN,1,Resolved
FAIL0013304,TXN00285403,Limit Exceeded,2,Resolved
FAIL0013305,TXN00285524,Invalid PIN,1,Resolved
FAIL0013306,TXN00285525,Bank Server Error,1,Resolved
FAIL0013307,TXN00285565,Payment Gateway Error,1,Resolved
FAIL0013308,TXN00285646,Timeout,1,Unresolved
FAIL0013309,TXN00285668,Bank Server Error,1,Unresolved
FAIL0013310,TXN00285723,Bank Server Error,2,Unresolved
FAIL0013311,TXN00285773,Network Error,1,Resolved
FAIL0013312,TXN00285792,Limit Exceeded,2,Resolved
FAIL0013313,TXN00285809,Insufficient Balance,1,Resolved
FAIL0013314,TXN00285817,Limit Exceeded,2,Resolved
FAIL0013315,TXN00285819,Timeout,1,Resolved
FAIL0013316,TXN00285827,Insufficient Balance,1,Resolved
FAIL0013317,TXN00285928,Bank Server Error,1,Unresolved
FAIL0013318,TXN00285934,Invalid PIN,3,Resolved
FAIL0013319,TXN00285965,Limit Exceeded,1,Resolved
FAIL0013320,TXN00285997,Bank Server Error,1,Resolved
FAIL0013321,TXN00286049,Bank Server Error,1,Resolved
FAIL0013322,TXN00286072,Bank Server Error,1,Resolved
FAIL0013323,TXN00286073,Payment Gateway Error,2,Resolved
FAIL0013324,TXN00286080,Invalid PIN,3,Resolved
FAIL0013325,TXN00286087,Insufficient Balance,1,Unresolved
FAIL0013326,TXN00286102,Network Error,1,Resolved
FAIL0013327,TXN00286117,Payment Gateway Error,1,Resolved
FAIL0013328,TXN00286121,Timeout,1,Unresolved
FAIL0013329,TXN00286172,Insufficient Balance,1,Unresolved
FAIL0013330,TXN00286174,Insufficient Balance,2,Resolved
FAIL0013331,TXN00286188,Network Error,1,Unresolved
FAIL0013332,TXN00286208,Invalid PIN,1,Unresolved
FAIL0013333,TXN00286212,Insufficient Balance,1,Resolved
FAIL0013334,TXN00286214,Insufficient Balance,1,Unresolved
FAIL0013335,TXN00286217,Payment Gateway Error,3,Resolved
FAIL0013336,TXN00286230,Bank Server Error,1,Resolved
FAIL0013337,TXN00286240,Payment Gateway Error,1,Resolved
FAIL0013338,TXN00286245,Insufficient Balance,2,Resolved
FAIL0013339,TXN00286257,Network Error,1,Unresolved
FAIL0013340,TXN00286273,Bank Server Error,2,Resolved
FAIL0013341,TXN00286339,Network Error,1,Resolved
FAIL0013342,TXN00286373,Network Error,1,Unresolved
FAIL0013343,TXN00286388,Network Error,1,Unresolved
FAIL0013344,TXN00286408,Insufficient Balance,2,Unresolved
FAIL0013345,TXN00286421,Bank Server Error,3,Resolved
FAIL0013346,TXN00286440,Bank Server Error,1,Resolved
FAIL0013347,TXN00286442,Limit Exceeded,1,Resolved
FAIL0013348,TXN00286446,Insufficient Balance,2,Unresolved
FAIL0013349,TXN00286503,Timeout,1,Resolved
FAIL0013350,TXN00286504,Network Error,1,Resolved
FAIL0013351,TXN00286506,Insufficient Balance,2,Resolved
FAIL0013352,TXN00286521,Bank Server Error,1,Unresolved
FAIL0013353,TXN00286564,Limit Exceeded,2,Resolved
FAIL0013354,TXN00286618,Limit Exceeded,2,Resolved
FAIL0013355,TXN00286624,Insufficient Balance,2,Resolved
FAIL0013356,TXN00286643,Timeout,1,Unresolved
FAIL0013357,TXN00286670,Network Error,1,Resolved
FAIL0013358,TXN00286681,Network Error,2,Unresolved
FAIL0013359,TXN00286698,Bank Server Error,1,Unresolved
FAIL0013360,TXN00286734,Invalid PIN,1,Unresolved
FAIL0013361,TXN00286762,Insufficient Balance,1,Resolved
FAIL0013362,TXN00286765,Limit Exceeded,2,Resolved
FAIL0013363,TXN00286768,Insufficient Balance,1,Unresolved
FAIL0013364,TXN00286769,Timeout,1,Resolved
FAIL0013365,TXN00286806,Timeout,1,Resolved
FAIL0013366,TXN00286830,Payment Gateway Error,1,Unresolved
FAIL0013367,TXN00286835,Limit Exceeded,2,Resolved
FAIL0013368,TXN00286855,Network Error,1,Resolved
FAIL0013369,TXN00286865,Network Error,1,Resolved
FAIL0013370,TXN00286870,Insufficient Balance,1,Unresolved
FAIL0013371,TXN00286903,Bank Server Error,3,Unresolved
FAIL0013372,TXN00286961,Insufficient Balance,2,Resolved
FAIL0013373,TXN00286983,Timeout,1,Unresolved
FAIL0013374,TXN00287008,Bank Server Error,1,Unresolved
FAIL0013375,TXN00287076,Payment Gateway Error,2,Resolved
FAIL0013376,TXN00287084,Insufficient Balance,1,Resolved
FAIL0013377,TXN00287127,Invalid PIN,3,Resolved
FAIL0013378,TXN00287151,Network Error,2,Resolved
FAIL0013379,TXN00287162,Bank Server Error,1,Resolved
FAIL0013380,TXN00287166,Network Error,1,Resolved
FAIL0013381,TXN00287260,Payment Gateway Error,1,Resolved
FAIL0013382,TXN00287300,Insufficient Balance,3,Resolved
FAIL0013383,TXN00287305,Invalid PIN,1,Unresolved
FAIL0013384,TXN00287314,Insufficient Balance,2,Resolved
FAIL0013385,TXN00287318,Limit Exceeded,3,Resolved
FAIL0013386,TXN00287356,Insufficient Balance,1,Resolved
FAIL0013387,TXN00287361,Bank Server Error,1,Unresolved
FAIL0013388,TXN00287381,Insufficient Balance,1,Unresolved
FAIL0013389,TXN00287386,Insufficient Balance,1,Resolved
FAIL0013390,TXN00287417,Bank Server Error,1,Resolved
FAIL0013391,TXN00287422,Insufficient Balance,1,Unresolved
FAIL0013392,TXN00287423,Insufficient Balance,1,Resolved
FAIL0013393,TXN00287442,Limit Exceeded,1,Unresolved
FAIL0013394,TXN00287475,Network Error,1,Resolved
FAIL0013395,TXN00287476,Insufficient Balance,3,Resolved
FAIL0013396,TXN00287479,Network Error,2,Resolved
FAIL0013397,TXN00287508,Limit Exceeded,2,Resolved
FAIL0013398,TXN00287509,Bank Server Error,1,Unresolved
FAIL0013399,TXN00287519,Limit Exceeded,1,Resolved
FAIL0013400,TXN00287523,Insufficient Balance,1,Unresolved
FAIL0013401,TXN00287576,Insufficient Balance,1,Resolved
FAIL0013402,TXN00287625,Timeout,1,Unresolved
FAIL0013403,TXN00287631,Insufficient Balance,2,Resolved
FAIL0013404,TXN00287642,Payment Gateway Error,1,Resolved
FAIL0013405,TXN00287651,Insufficient Balance,1,Unresolved
FAIL0013406,TXN00287655,Network Error,1,Unresolved
FAIL0013407,TXN00287658,Limit Exceeded,1,Resolved
FAIL0013408,TXN00287675,Network Error,1,Unresolved
FAIL0013409,TXN00287691,Payment Gateway Error,1,Unresolved
FAIL0013410,TXN00287699,Network Error,1,Unresolved
FAIL0013411,TXN00287747,Network Error,1,Unresolved
FAIL0013412,TXN00287769,Payment Gateway Error,2,Unresolved
FAIL0013413,TXN00287783,Bank Server Error,1,Resolved
FAIL0013414,TXN00287827,Limit Exceeded,3,Unresolved
FAIL0013415,TXN00287882,Bank Server Error,1,Resolved
FAIL0013416,TXN00287927,Payment Gateway Error,1,Resolved
FAIL0013417,TXN00287964,Insufficient Balance,1,Unresolved
FAIL0013418,TXN00287992,Network Error,1,Resolved
FAIL0013419,TXN00287997,Network Error,2,Unresolved
FAIL0013420,TXN00288010,Network Error,1,Unresolved
FAIL0013421,TXN00288017,Invalid PIN,1,Resolved
FAIL0013422,TXN00288018,Bank Server Error,1,Unresolved
FAIL0013423,TXN00288040,Payment Gateway Error,1,Unresolved
FAIL0013424,TXN00288066,Payment Gateway Error,1,Resolved
FAIL0013425,TXN00288067,Bank Server Error,1,Resolved
FAIL0013426,TXN00288132,Network Error,2,Resolved
FAIL0013427,TXN00288154,Network Error,1,Unresolved
FAIL0013428,TXN00288161,Limit Exceeded,1,Resolved
FAIL0013429,TXN00288212,Network Error,1,Resolved
FAIL0013430,TXN00288216,Bank Server Error,1,Resolved
FAIL0013431,TXN00288255,Bank Server Error,2,Unresolved
FAIL0013432,TXN00288265,Invalid PIN,1,Resolved
FAIL0013433,TXN00288302,Insufficient Balance,1,Unresolved
FAIL0013434,TXN00288315,Insufficient Balance,1,Resolved
FAIL0013435,TXN00288317,Insufficient Balance,1,Unresolved
FAIL0013436,TXN00288343,Insufficient Balance,1,Resolved
FAIL0013437,TXN00288367,Bank Server Error,1,Resolved
FAIL0013438,TXN00288374,Invalid PIN,1,Unresolved
FAIL0013439,TXN00288389,Limit Exceeded,1,Unresolved
FAIL0013440,TXN00288419,Payment Gateway Error,1,Resolved
FAIL0013441,TXN00288424,Network Error,2,Resolved
FAIL0013442,TXN00288437,Invalid PIN,1,Unresolved
FAIL0013443,TXN00288441,Bank Server Error,1,Unresolved
FAIL0013444,TXN00288495,Payment Gateway Error,1,Unresolved
FAIL0013445,TXN00288498,Insufficient Balance,1,Resolved
FAIL0013446,TXN00288504,Timeout,1,Unresolved
FAIL0013447,TXN00288520,Payment Gateway Error,1,Resolved
FAIL0013448,TXN00288572,Bank Server Error,1,Resolved
FAIL0013449,TXN00288595,Limit Exceeded,1,Resolved
FAIL0013450,TXN00288605,Bank Server Error,1,Unresolved
FAIL0013451,TXN00288621,Payment Gateway Error,2,Resolved
FAIL0013452,TXN00288644,Limit Exceeded,1,Unresolved
FAIL0013453,TXN00288661,Network Error,1,Resolved
FAIL0013454,TXN00288662,Insufficient Balance,1,Resolved
FAIL0013455,TXN00288711,Bank Server Error,1,Unresolved
FAIL0013456,TXN00288785,Bank Server Error,1,Unresolved
FAIL0013457,TXN00288806,Timeout,1,Unresolved
FAIL0013458,TXN00288809,Bank Server Error,3,Resolved
FAIL0013459,TXN00288812,Bank Server Error,1,Unresolved
FAIL0013460,TXN00288853,Invalid PIN,1,Resolved
FAIL0013461,TXN00288865,Invalid PIN,1,Unresolved
FAIL0013462,TXN00288878,Bank Server Error,2,Resolved
FAIL0013463,TXN00288924,Bank Server Error,1,Unresolved
FAIL0013464,TXN00288933,Limit Exceeded,1,Resolved
FAIL0013465,TXN00288944,Payment Gateway Error,2,Resolved
FAIL0013466,TXN00288946,Limit Exceeded,3,Resolved
FAIL0013467,TXN00288974,Insufficient Balance,2,Resolved
FAIL0013468,TXN00288989,Timeout,3,Unresolved
FAIL0013469,TXN00289020,Insufficient Balance,1,Resolved
FAIL0013470,TXN00289021,Bank Server Error,1,Resolved
FAIL0013471,TXN00289032,Payment Gateway Error,1,Unresolved
FAIL0013472,TXN00289033,Bank Server Error,1,Resolved
FAIL0013473,TXN00289118,Payment Gateway Error,1,Resolved
FAIL0013474,TXN00289129,Payment Gateway Error,2,Unresolved
FAIL0013475,TXN00289130,Bank Server Error,1,Unresolved
FAIL0013476,TXN00289131,Bank Server Error,2,Unresolved
FAIL0013477,TXN00289161,Bank Server Error,1,Resolved
FAIL0013478,TXN00289166,Payment Gateway Error,1,Unresolved
FAIL0013479,TXN00289175,Insufficient Balance,1,Resolved
FAIL0013480,TXN00289176,Payment Gateway Error,3,Unresolved
FAIL0013481,TXN00289195,Insufficient Balance,1,Resolved
FAIL0013482,TXN00289204,Network Error,1,Unresolved
FAIL0013483,TXN00289219,Payment Gateway Error,1,Unresolved
FAIL0013484,TXN00289247,Insufficient Balance,1,Unresolved
FAIL0013485,TXN00289280,Bank Server Error,1,Resolved
FAIL0013486,TXN00289291,Limit Exceeded,2,Resolved
FAIL0013487,TXN00289299,Limit Exceeded,1,Resolved
FAIL0013488,TXN00289341,Bank Server Error,1,Unresolved
FAIL0013489,TXN00289352,Limit Exceeded,2,Unresolved
FAIL0013490,TXN00289354,Bank Server Error,2,Resolved
FAIL0013491,TXN00289377,Network Error,1,Unresolved
FAIL0013492,TXN00289440,Insufficient Balance,1,Resolved
FAIL0013493,TXN00289455,Bank Server Error,1,Unresolved
FAIL0013494,TXN00289519,Bank Server Error,2,Resolved
FAIL0013495,TXN00289580,Bank Server Error,1,Resolved
FAIL0013496,TXN00289587,Bank Server Error,1,Unresolved
FAIL0013497,TXN00289647,Limit Exceeded,1,Unresolved
FAIL0013498,TXN00289665,Payment Gateway Error,2,Unresolved
FAIL0013499,TXN00289683,Network Error,1,Unresolved
FAIL0013500,TXN00289695,Insufficient Balance,2,Resolved
FAIL0013501,TXN00289704,Limit Exceeded,1,Unresolved
FAIL0013502,TXN00289709,Timeout,2,Resolved
FAIL0013503,TXN00289743,Timeout,2,Unresolved
FAIL0013504,TXN00289834,Insufficient Balance,1,Resolved
FAIL0013505,TXN00289841,Bank Server Error,1,Resolved
FAIL0013506,TXN00289852,Network Error,1,Resolved
FAIL0013507,TXN00289864,Timeout,2,Resolved
FAIL0013508,TXN00289874,Insufficient Balance,3,Resolved
FAIL0013509,TXN00289884,Insufficient Balance,2,Resolved
FAIL0013510,TXN00289900,Payment Gateway Error,1,Unresolved
FAIL0013511,TXN00289903,Payment Gateway Error,3,Unresolved
FAIL0013512,TXN00289913,Insufficient Balance,1,Resolved
FAIL0013513,TXN00289927,Bank Server Error,1,Resolved
FAIL0013514,TXN00289934,Network Error,1,Resolved
FAIL0013515,TXN00289936,Bank Server Error,2,Unresolved
FAIL0013516,TXN00290015,Payment Gateway Error,1,Resolved
FAIL0013517,TXN00290035,Invalid PIN,1,Resolved
FAIL0013518,TXN00290050,Network Error,1,Resolved
FAIL0013519,TXN00290106,Bank Server Error,1,Resolved
FAIL0013520,TXN00290133,Insufficient Balance,2,Resolved
FAIL0013521,TXN00290137,Insufficient Balance,1,Unresolved
FAIL0013522,TXN00290141,Bank Server Error,2,Unresolved
FAIL0013523,TXN00290152,Insufficient Balance,1,Resolved
FAIL0013524,TXN00290191,Bank Server Error,1,Resolved
FAIL0013525,TXN00290224,Timeout,2,Resolved
FAIL0013526,TXN00290231,Network Error,3,Resolved
FAIL0013527,TXN00290247,Limit Exceeded,1,Resolved
FAIL0013528,TXN00290295,Insufficient Balance,2,Resolved
FAIL0013529,TXN00290321,Insufficient Balance,1,Resolved
FAIL0013530,TXN00290341,Payment Gateway Error,3,Resolved
FAIL0013531,TXN00290348,Payment Gateway Error,1,Resolved
FAIL0013532,TXN00290355,Bank Server Error,1,Unresolved
FAIL0013533,TXN00290400,Network Error,2,Resolved
FAIL0013534,TXN00290443,Network Error,1,Resolved
FAIL0013535,TXN00290445,Insufficient Balance,2,Unresolved
FAIL0013536,TXN00290455,Bank Server Error,2,Resolved
FAIL0013537,TXN00290458,Payment Gateway Error,2,Resolved
FAIL0013538,TXN00290462,Timeout,1,Resolved
FAIL0013539,TXN00290463,Insufficient Balance,1,Resolved
FAIL0013540,TXN00290539,Timeout,2,Resolved
FAIL0013541,TXN00290560,Bank Server Error,1,Unresolved
FAIL0013542,TXN00290622,Payment Gateway Error,1,Resolved
FAIL0013543,TXN00290625,Network Error,1,Unresolved
FAIL0013544,TXN00290662,Bank Server Error,1,Resolved
FAIL0013545,TXN00290681,Limit Exceeded,1,Unresolved
FAIL0013546,TXN00290746,Bank Server Error,1,Resolved
FAIL0013547,TXN00290747,Payment Gateway Error,1,Unresolved
FAIL0013548,TXN00290765,Payment Gateway Error,1,Unresolved
FAIL0013549,TXN00290784,Insufficient Balance,1,Unresolved
FAIL0013550,TXN00290801,Payment Gateway Error,1,Resolved
FAIL0013551,TXN00290809,Limit Exceeded,1,Resolved
FAIL0013552,TXN00290825,Bank Server Error,1,Resolved
FAIL0013553,TXN00290828,Insufficient Balance,2,Resolved
FAIL0013554,TXN00290831,Bank Server Error,2,Unresolved
FAIL0013555,TXN00290873,Payment Gateway Error,1,Resolved
FAIL0013556,TXN00290874,Network Error,1,Resolved
FAIL0013557,TXN00290921,Bank Server Error,2,Resolved
FAIL0013558,TXN00290922,Insufficient Balance,3,Resolved
FAIL0013559,TXN00290951,Timeout,1,Unresolved
FAIL0013560,TXN00290968,Network Error,1,Resolved
FAIL0013561,TXN00290989,Invalid PIN,1,Resolved
FAIL0013562,TXN00290990,Limit Exceeded,1,Resolved
FAIL0013563,TXN00290995,Bank Server Error,1,Unresolved
FAIL0013564,TXN00291008,Limit Exceeded,1,Unresolved
FAIL0013565,TXN00291041,Insufficient Balance,1,Resolved
FAIL0013566,TXN00291089,Insufficient Balance,3,Resolved
FAIL0013567,TXN00291113,Network Error,1,Unresolved
FAIL0013568,TXN00291124,Payment Gateway Error,1,Resolved
FAIL0013569,TXN00291136,Limit Exceeded,2,Unresolved
FAIL0013570,TXN00291142,Network Error,1,Resolved
FAIL0013571,TXN00291150,Bank Server Error,1,Resolved
FAIL0013572,TXN00291184,Bank Server Error,1,Unresolved
FAIL0013573,TXN00291253,Insufficient Balance,1,Unresolved
FAIL0013574,TXN00291279,Network Error,1,Unresolved
FAIL0013575,TXN00291308,Bank Server Error,1,Unresolved
FAIL0013576,TXN00291316,Limit Exceeded,2,Resolved
FAIL0013577,TXN00291339,Limit Exceeded,1,Unresolved
FAIL0013578,TXN00291340,Timeout,1,Unresolved
FAIL0013579,TXN00291364,Insufficient Balance,1,Unresolved
FAIL0013580,TXN00291369,Insufficient Balance,1,Resolved
FAIL0013581,TXN00291388,Bank Server Error,2,Resolved
FAIL0013582,TXN00291408,Bank Server Error,1,Unresolved
FAIL0013583,TXN00291424,Payment Gateway Error,1,Unresolved
FAIL0013584,TXN00291454,Insufficient Balance,1,Resolved
FAIL0013585,TXN00291487,Network Error,1,Unresolved
FAIL0013586,TXN00291497,Insufficient Balance,1,Resolved
FAIL0013587,TXN00291501,Payment Gateway Error,1,Resolved
FAIL0013588,TXN00291528,Insufficient Balance,1,Unresolved
FAIL0013589,TXN00291567,Insufficient Balance,3,Resolved
FAIL0013590,TXN00291611,Bank Server Error,1,Resolved
FAIL0013591,TXN00291623,Insufficient Balance,1,Unresolved
FAIL0013592,TXN00291632,Network Error,1,Resolved
FAIL0013593,TXN00291664,Network Error,1,Resolved
FAIL0013594,TXN00291710,Insufficient Balance,2,Unresolved
FAIL0013595,TXN00291829,Network Error,1,Resolved
FAIL0013596,TXN00291836,Timeout,1,Unresolved
FAIL0013597,TXN00291861,Bank Server Error,1,Resolved
FAIL0013598,TXN00291880,Insufficient Balance,1,Resolved
FAIL0013599,TXN00291902,Insufficient Balance,1,Resolved
FAIL0013600,TXN00291931,Payment Gateway Error,3,Resolved
FAIL0013601,TXN00291952,Insufficient Balance,1,Resolved
FAIL0013602,TXN00291973,Payment Gateway Error,1,Resolved
FAIL0013603,TXN00292049,Insufficient Balance,1,Resolved
FAIL0013604,TXN00292052,Limit Exceeded,2,Resolved
FAIL0013605,TXN00292054,Timeout,1,Unresolved
FAIL0013606,TXN00292067,Network Error,1,Unresolved
FAIL0013607,TXN00292100,Invalid PIN,1,Unresolved
FAIL0013608,TXN00292104,Bank Server Error,2,Resolved
FAIL0013609,TXN00292133,Network Error,2,Resolved
FAIL0013610,TXN00292137,Bank Server Error,1,Resolved
FAIL0013611,TXN00292151,Bank Server Error,1,Resolved
FAIL0013612,TXN00292178,Network Error,2,Resolved
FAIL0013613,TXN00292221,Bank Server Error,1,Unresolved
FAIL0013614,TXN00292248,Network Error,2,Resolved
FAIL0013615,TXN00292249,Network Error,1,Unresolved
FAIL0013616,TXN00292286,Bank Server Error,1,Resolved
FAIL0013617,TXN00292300,Network Error,2,Resolved
FAIL0013618,TXN00292314,Bank Server Error,1,Resolved
FAIL0013619,TXN00292366,Invalid PIN,1,Resolved
FAIL0013620,TXN00292371,Insufficient Balance,1,Unresolved
FAIL0013621,TXN00292373,Bank Server Error,2,Resolved
FAIL0013622,TXN00292428,Bank Server Error,1,Unresolved
FAIL0013623,TXN00292429,Network Error,1,Resolved
FAIL0013624,TXN00292470,Bank Server Error,1,Resolved
FAIL0013625,TXN00292476,Timeout,1,Resolved
FAIL0013626,TXN00292513,Invalid PIN,1,Unresolved
FAIL0013627,TXN00292533,Payment Gateway Error,1,Resolved
FAIL0013628,TXN00292542,Invalid PIN,2,Unresolved
FAIL0013629,TXN00292592,Bank Server Error,1,Resolved
FAIL0013630,TXN00292628,Timeout,1,Unresolved
FAIL0013631,TXN00292639,Bank Server Error,1,Unresolved
FAIL0013632,TXN00292674,Invalid PIN,1,Unresolved
FAIL0013633,TXN00292690,Insufficient Balance,1,Resolved
FAIL0013634,TXN00292700,Insufficient Balance,1,Resolved
FAIL0013635,TXN00292739,Payment Gateway Error,2,Unresolved
FAIL0013636,TXN00292787,Invalid PIN,1,Unresolved
FAIL0013637,TXN00292809,Timeout,1,Resolved
FAIL0013638,TXN00292818,Payment Gateway Error,1,Resolved
FAIL0013639,TXN00292845,Payment Gateway Error,1,Unresolved
FAIL0013640,TXN00292850,Limit Exceeded,1,Resolved
FAIL0013641,TXN00292858,Insufficient Balance,1,Unresolved
FAIL0013642,TXN00292859,Bank Server Error,1,Unresolved
FAIL0013643,TXN00292913,Bank Server Error,1,Resolved
FAIL0013644,TXN00292957,Network Error,1,Resolved
FAIL0013645,TXN00292960,Limit Exceeded,1,Resolved
FAIL0013646,TXN00293018,Bank Server Error,1,Resolved
FAIL0013647,TXN00293080,Timeout,1,Unresolved
FAIL0013648,TXN00293104,Network Error,1,Resolved
FAIL0013649,TXN00293116,Insufficient Balance,1,Resolved
FAIL0013650,TXN00293126,Timeout,2,Resolved
FAIL0013651,TXN00293180,Bank Server Error,1,Resolved
FAIL0013652,TXN00293195,Bank Server Error,1,Resolved
FAIL0013653,TXN00293203,Timeout,1,Resolved
FAIL0013654,TXN00293205,Limit Exceeded,1,Resolved
FAIL0013655,TXN00293213,Limit Exceeded,2,Resolved
FAIL0013656,TXN00293261,Invalid PIN,2,Resolved
FAIL0013657,TXN00293270,Timeout,1,Resolved
FAIL0013658,TXN00293277,Payment Gateway Error,2,Resolved
FAIL0013659,TXN00293286,Limit Exceeded,1,Unresolved
FAIL0013660,TXN00293289,Limit Exceeded,1,Unresolved
FAIL0013661,TXN00293314,Bank Server Error,1,Resolved
FAIL0013662,TXN00293418,Bank Server Error,1,Unresolved
FAIL0013663,TXN00293484,Payment Gateway Error,2,Unresolved
FAIL0013664,TXN00293491,Network Error,1,Unresolved
FAIL0013665,TXN00293530,Payment Gateway Error,2,Resolved
FAIL0013666,TXN00293541,Bank Server Error,1,Unresolved
FAIL0013667,TXN00293555,Payment Gateway Error,1,Unresolved
FAIL0013668,TXN00293580,Insufficient Balance,1,Unresolved
FAIL0013669,TXN00293590,Bank Server Error,3,Resolved
FAIL0013670,TXN00293600,Insufficient Balance,2,Unresolved
FAIL0013671,TXN00293602,Payment Gateway Error,1,Resolved
FAIL0013672,TXN00293633,Bank Server Error,1,Unresolved
FAIL0013673,TXN00293639,Insufficient Balance,2,Unresolved
FAIL0013674,TXN00293700,Insufficient Balance,1,Resolved
FAIL0013675,TXN00293718,Invalid PIN,1,Unresolved
FAIL0013676,TXN00293722,Network Error,2,Resolved
FAIL0013677,TXN00293746,Bank Server Error,1,Resolved
FAIL0013678,TXN00293755,Network Error,3,Resolved
FAIL0013679,TXN00293803,Bank Server Error,2,Resolved
FAIL0013680,TXN00293823,Payment Gateway Error,3,Unresolved
FAIL0013681,TXN00293876,Payment Gateway Error,1,Unresolved
FAIL0013682,TXN00293890,Bank Server Error,1,Resolved
FAIL0013683,TXN00293896,Limit Exceeded,2,Resolved
FAIL0013684,TXN00293898,Bank Server Error,2,Resolved
FAIL0013685,TXN00293915,Payment Gateway Error,1,Unresolved
FAIL0013686,TXN00293923,Bank Server Error,1,Unresolved
FAIL0013687,TXN00293943,Timeout,1,Unresolved
FAIL0013688,TXN00293971,Limit Exceeded,1,Resolved
FAIL0013689,TXN00294046,Insufficient Balance,1,Unresolved
FAIL0013690,TXN00294083,Payment Gateway Error,1,Unresolved
FAIL0013691,TXN00294088,Bank Server Error,2,Unresolved
FAIL0013692,TXN00294103,Network Error,2,Unresolved
FAIL0013693,TXN00294116,Network Error,2,Unresolved
FAIL0013694,TXN00294146,Bank Server Error,1,Unresolved
FAIL0013695,TXN00294212,Network Error,1,Resolved
FAIL0013696,TXN00294219,Limit Exceeded,1,Unresolved
FAIL0013697,TXN00294220,Limit Exceeded,1,Unresolved
FAIL0013698,TXN00294226,Insufficient Balance,1,Unresolved
FAIL0013699,TXN00294245,Insufficient Balance,1,Unresolved
FAIL0013700,TXN00294248,Insufficient Balance,1,Unresolved
FAIL0013701,TXN00294250,Payment Gateway Error,1,Unresolved
FAIL0013702,TXN00294251,Network Error,1,Unresolved
FAIL0013703,TXN00294254,Invalid PIN,1,Resolved
FAIL0013704,TXN00294272,Bank Server Error,2,Unresolved
FAIL0013705,TXN00294292,Bank Server Error,1,Resolved
FAIL0013706,TXN00294294,Bank Server Error,1,Resolved
FAIL0013707,TXN00294302,Timeout,2,Resolved
FAIL0013708,TXN00294307,Insufficient Balance,1,Unresolved
FAIL0013709,TXN00294337,Payment Gateway Error,2,Resolved
FAIL0013710,TXN00294364,Payment Gateway Error,3,Resolved
FAIL0013711,TXN00294365,Insufficient Balance,1,Unresolved
FAIL0013712,TXN00294373,Bank Server Error,1,Unresolved
FAIL0013713,TXN00294374,Bank Server Error,1,Resolved
FAIL0013714,TXN00294380,Payment Gateway Error,3,Resolved
FAIL0013715,TXN00294410,Limit Exceeded,1,Resolved
FAIL0013716,TXN00294515,Insufficient Balance,1,Resolved
FAIL0013717,TXN00294525,Network Error,1,Resolved
FAIL0013718,TXN00294542,Bank Server Error,2,Resolved
FAIL0013719,TXN00294570,Payment Gateway Error,1,Resolved
FAIL0013720,TXN00294580,Insufficient Balance,3,Resolved
FAIL0013721,TXN00294586,Insufficient Balance,1,Resolved
FAIL0013722,TXN00294606,Limit Exceeded,2,Unresolved
FAIL0013723,TXN00294631,Limit Exceeded,1,Resolved
FAIL0013724,TXN00294646,Bank Server Error,1,Resolved
FAIL0013725,TXN00294651,Invalid PIN,1,Resolved
FAIL0013726,TXN00294691,Network Error,1,Unresolved
FAIL0013727,TXN00294706,Payment Gateway Error,1,Unresolved
FAIL0013728,TXN00294713,Network Error,3,Resolved
FAIL0013729,TXN00294720,Bank Server Error,1,Resolved
FAIL0013730,TXN00294723,Bank Server Error,1,Unresolved
FAIL0013731,TXN00294743,Insufficient Balance,1,Resolved
FAIL0013732,TXN00294744,Bank Server Error,1,Resolved
FAIL0013733,TXN00294747,Limit Exceeded,2,Resolved
FAIL0013734,TXN00294757,Bank Server Error,2,Resolved
FAIL0013735,TXN00294764,Limit Exceeded,1,Unresolved
FAIL0013736,TXN00294769,Payment Gateway Error,2,Resolved
FAIL0013737,TXN00294788,Insufficient Balance,1,Resolved
FAIL0013738,TXN00294795,Insufficient Balance,1,Resolved
FAIL0013739,TXN00294801,Insufficient Balance,3,Unresolved
FAIL0013740,TXN00294830,Bank Server Error,3,Resolved
FAIL0013741,TXN00294848,Insufficient Balance,3,Resolved
FAIL0013742,TXN00294880,Insufficient Balance,1,Unresolved
FAIL0013743,TXN00294896,Limit Exceeded,1,Resolved
FAIL0013744,TXN00294915,Bank Server Error,3,Resolved
FAIL0013745,TXN00294961,Limit Exceeded,1,Resolved
FAIL0013746,TXN00295026,Payment Gateway Error,1,Resolved
FAIL0013747,TXN00295030,Insufficient Balance,1,Resolved
FAIL0013748,TXN00295031,Invalid PIN,1,Resolved
FAIL0013749,TXN00295089,Insufficient Balance,2,Resolved
FAIL0013750,TXN00295117,Bank Server Error,3,Resolved
FAIL0013751,TXN00295151,Timeout,1,Unresolved
FAIL0013752,TXN00295178,Insufficient Balance,1,Unresolved
FAIL0013753,TXN00295189,Bank Server Error,1,Resolved
FAIL0013754,TXN00295211,Bank Server Error,1,Resolved
FAIL0013755,TXN00295215,Bank Server Error,1,Resolved
FAIL0013756,TXN00295275,Payment Gateway Error,1,Resolved
FAIL0013757,TXN00295281,Insufficient Balance,1,Unresolved
FAIL0013758,TXN00295294,Payment Gateway Error,3,Resolved
FAIL0013759,TXN00295437,Bank Server Error,1,Resolved
FAIL0013760,TXN00295452,Payment Gateway Error,2,Resolved
FAIL0013761,TXN00295456,Insufficient Balance,3,Resolved
FAIL0013762,TXN00295483,Limit Exceeded,1,Unresolved
FAIL0013763,TXN00295514,Bank Server Error,2,Unresolved
FAIL0013764,TXN00295540,Network Error,1,Unresolved
FAIL0013765,TXN00295574,Network Error,2,Resolved
FAIL0013766,TXN00295596,Bank Server Error,1,Resolved
FAIL0013767,TXN00295606,Bank Server Error,2,Resolved
FAIL0013768,TXN00295608,Bank Server Error,1,Unresolved
FAIL0013769,TXN00295666,Insufficient Balance,1,Resolved
FAIL0013770,TXN00295668,Payment Gateway Error,1,Resolved
FAIL0013771,TXN00295673,Insufficient Balance,2,Resolved
FAIL0013772,TXN00295695,Insufficient Balance,1,Resolved
FAIL0013773,TXN00295701,Invalid PIN,1,Resolved
FAIL0013774,TXN00295702,Limit Exceeded,2,Resolved
FAIL0013775,TXN00295709,Insufficient Balance,1,Resolved
FAIL0013776,TXN00295715,Payment Gateway Error,1,Resolved
FAIL0013777,TXN00295726,Limit Exceeded,1,Unresolved
FAIL0013778,TXN00295728,Bank Server Error,1,Unresolved
FAIL0013779,TXN00295754,Bank Server Error,1,Resolved
FAIL0013780,TXN00295765,Insufficient Balance,1,Resolved
FAIL0013781,TXN00295775,Insufficient Balance,1,Resolved
FAIL0013782,TXN00295798,Network Error,2,Unresolved
FAIL0013783,TXN00295801,Insufficient Balance,1,Resolved
FAIL0013784,TXN00295903,Limit Exceeded,1,Resolved
FAIL0013785,TXN00295999,Bank Server Error,1,Unresolved
FAIL0013786,TXN00296033,Limit Exceeded,1,Resolved
FAIL0013787,TXN00296034,Insufficient Balance,2,Resolved
FAIL0013788,TXN00296036,Network Error,2,Resolved
FAIL0013789,TXN00296060,Insufficient Balance,2,Resolved
FAIL0013790,TXN00296080,Limit Exceeded,1,Resolved
FAIL0013791,TXN00296132,Network Error,2,Resolved
FAIL0013792,TXN00296136,Payment Gateway Error,1,Unresolved
FAIL0013793,TXN00296158,Payment Gateway Error,3,Resolved
FAIL0013794,TXN00296245,Timeout,2,Resolved
FAIL0013795,TXN00296258,Timeout,1,Resolved
FAIL0013796,TXN00296272,Payment Gateway Error,1,Unresolved
FAIL0013797,TXN00296295,Payment Gateway Error,2,Unresolved
FAIL0013798,TXN00296306,Invalid PIN,1,Resolved
FAIL0013799,TXN00296334,Bank Server Error,1,Unresolved
FAIL0013800,TXN00296414,Payment Gateway Error,1,Resolved
FAIL0013801,TXN00296417,Bank Server Error,1,Resolved
FAIL0013802,TXN00296426,Network Error,1,Resolved
FAIL0013803,TXN00296429,Network Error,1,Unresolved
FAIL0013804,TXN00296446,Payment Gateway Error,2,Resolved
FAIL0013805,TXN00296477,Limit Exceeded,2,Resolved
FAIL0013806,TXN00296478,Bank Server Error,1,Unresolved
FAIL0013807,TXN00296520,Payment Gateway Error,1,Unresolved
FAIL0013808,TXN00296556,Insufficient Balance,1,Unresolved
FAIL0013809,TXN00296592,Invalid PIN,3,Resolved
FAIL0013810,TXN00296644,Limit Exceeded,1,Unresolved
FAIL0013811,TXN00296677,Timeout,1,Unresolved
FAIL0013812,TXN00296732,Insufficient Balance,1,Resolved
FAIL0013813,TXN00296733,Payment Gateway Error,1,Unresolved
FAIL0013814,TXN00296742,Insufficient Balance,1,Resolved
FAIL0013815,TXN00296748,Network Error,2,Unresolved
FAIL0013816,TXN00296753,Bank Server Error,1,Unresolved
FAIL0013817,TXN00296773,Limit Exceeded,2,Resolved
FAIL0013818,TXN00296784,Invalid PIN,1,Resolved
FAIL0013819,TXN00296796,Insufficient Balance,1,Resolved
FAIL0013820,TXN00296840,Payment Gateway Error,1,Resolved
FAIL0013821,TXN00296844,Insufficient Balance,1,Unresolved
FAIL0013822,TXN00296873,Insufficient Balance,1,Resolved
FAIL0013823,TXN00296887,Network Error,1,Resolved
FAIL0013824,TXN00296890,Invalid PIN,1,Resolved
FAIL0013825,TXN00296905,Timeout,2,Unresolved
FAIL0013826,TXN00296917,Insufficient Balance,2,Resolved
FAIL0013827,TXN00296921,Network Error,1,Resolved
FAIL0013828,TXN00296962,Invalid PIN,1,Resolved
FAIL0013829,TXN00297012,Bank Server Error,2,Resolved
FAIL0013830,TXN00297044,Insufficient Balance,1,Resolved
FAIL0013831,TXN00297077,Payment Gateway Error,2,Unresolved
FAIL0013832,TXN00297096,Insufficient Balance,1,Unresolved
FAIL0013833,TXN00297115,Limit Exceeded,1,Unresolved
FAIL0013834,TXN00297131,Payment Gateway Error,1,Unresolved
FAIL0013835,TXN00297178,Limit Exceeded,1,Unresolved
FAIL0013836,TXN00297181,Insufficient Balance,1,Resolved
FAIL0013837,TXN00297205,Limit Exceeded,1,Resolved
FAIL0013838,TXN00297231,Invalid PIN,1,Unresolved
FAIL0013839,TXN00297233,Limit Exceeded,1,Unresolved
FAIL0013840,TXN00297250,Insufficient Balance,1,Resolved
FAIL0013841,TXN00297294,Timeout,1,Resolved
FAIL0013842,TXN00297295,Bank Server Error,1,Resolved
FAIL0013843,TXN00297321,Payment Gateway Error,1,Resolved
FAIL0013844,TXN00297323,Payment Gateway Error,1,Resolved
FAIL0013845,TXN00297334,Network Error,1,Resolved
FAIL0013846,TXN00297368,Invalid PIN,1,Resolved
FAIL0013847,TXN00297384,Bank Server Error,1,Unresolved
FAIL0013848,TXN00297392,Bank Server Error,2,Resolved
FAIL0013849,TXN00297393,Payment Gateway Error,1,Resolved
FAIL0013850,TXN00297427,Insufficient Balance,3,Resolved
FAIL0013851,TXN00297447,Payment Gateway Error,1,Unresolved
FAIL0013852,TXN00297473,Limit Exceeded,1,Resolved
FAIL0013853,TXN00297497,Network Error,1,Resolved
FAIL0013854,TXN00297528,Network Error,2,Resolved
FAIL0013855,TXN00297530,Limit Exceeded,1,Resolved
FAIL0013856,TXN00297531,Invalid PIN,1,Resolved
FAIL0013857,TXN00297555,Bank Server Error,1,Resolved
FAIL0013858,TXN00297561,Limit Exceeded,1,Resolved
FAIL0013859,TXN00297625,Insufficient Balance,1,Unresolved
FAIL0013860,TXN00297627,Payment Gateway Error,1,Resolved
FAIL0013861,TXN00297638,Bank Server Error,1,Resolved
FAIL0013862,TXN00297655,Payment Gateway Error,1,Resolved
FAIL0013863,TXN00297709,Limit Exceeded,2,Unresolved
FAIL0013864,TXN00297722,Limit Exceeded,1,Resolved
FAIL0013865,TXN00297727,Bank Server Error,1,Resolved
FAIL0013866,TXN00297730,Payment Gateway Error,1,Unresolved
FAIL0013867,TXN00297747,Insufficient Balance,1,Resolved
FAIL0013868,TXN00297781,Payment Gateway Error,1,Resolved
FAIL0013869,TXN00297801,Bank Server Error,2,Unresolved
FAIL0013870,TXN00297829,Payment Gateway Error,1,Unresolved
FAIL0013871,TXN00297839,Payment Gateway Error,1,Resolved
FAIL0013872,TXN00297842,Payment Gateway Error,2,Resolved
FAIL0013873,TXN00297866,Limit Exceeded,2,Unresolved
FAIL0013874,TXN00297876,Limit Exceeded,1,Unresolved
FAIL0013875,TXN00297960,Bank Server Error,3,Resolved
FAIL0013876,TXN00297961,Insufficient Balance,2,Unresolved
FAIL0013877,TXN00297964,Invalid PIN,1,Resolved
FAIL0013878,TXN00297998,Limit Exceeded,2,Resolved
FAIL0013879,TXN00298012,Payment Gateway Error,1,Unresolved
FAIL0013880,TXN00298056,Limit Exceeded,1,Resolved
FAIL0013881,TXN00298057,Payment Gateway Error,1,Unresolved
FAIL0013882,TXN00298066,Timeout,1,Resolved
FAIL0013883,TXN00298094,Timeout,1,Resolved
FAIL0013884,TXN00298098,Bank Server Error,3,Resolved
FAIL0013885,TXN00298106,Insufficient Balance,1,Resolved
FAIL0013886,TXN00298132,Network Error,1,Resolved
FAIL0013887,TXN00298137,Bank Server Error,1,Unresolved
FAIL0013888,TXN00298161,Network Error,1,Resolved
FAIL0013889,TXN00298169,Payment Gateway Error,2,Resolved
FAIL0013890,TXN00298172,Limit Exceeded,1,Unresolved
FAIL0013891,TXN00298175,Bank Server Error,1,Resolved
FAIL0013892,TXN00298191,Bank Server Error,1,Resolved
FAIL0013893,TXN00298221,Limit Exceeded,1,Resolved
FAIL0013894,TXN00298225,Network Error,1,Unresolved
FAIL0013895,TXN00298236,Timeout,1,Resolved
FAIL0013896,TXN00298317,Invalid PIN,2,Resolved
FAIL0013897,TXN00298372,Payment Gateway Error,1,Unresolved
FAIL0013898,TXN00298441,Network Error,2,Resolved
FAIL0013899,TXN00298447,Network Error,2,Resolved
FAIL0013900,TXN00298464,Bank Server Error,1,Unresolved
FAIL0013901,TXN00298480,Network Error,1,Resolved
FAIL0013902,TXN00298482,Payment Gateway Error,1,Resolved
FAIL0013903,TXN00298537,Insufficient Balance,1,Resolved
FAIL0013904,TXN00298590,Payment Gateway Error,2,Resolved
FAIL0013905,TXN00298610,Network Error,1,Unresolved
FAIL0013906,TXN00298638,Invalid PIN,3,Resolved
FAIL0013907,TXN00298667,Network Error,1,Resolved
FAIL0013908,TXN00298730,Limit Exceeded,3,Resolved
FAIL0013909,TXN00298751,Network Error,1,Unresolved
FAIL0013910,TXN00298758,Bank Server Error,1,Unresolved
FAIL0013911,TXN00298773,Bank Server Error,1,Unresolved
FAIL0013912,TXN00298777,Bank Server Error,2,Unresolved
FAIL0013913,TXN00298779,Payment Gateway Error,1,Unresolved
FAIL0013914,TXN00298816,Limit Exceeded,1,Unresolved
FAIL0013915,TXN00298830,Limit Exceeded,1,Resolved
FAIL0013916,TXN00298856,Timeout,1,Unresolved
FAIL0013917,TXN00298858,Bank Server Error,1,Resolved
FAIL0013918,TXN00298859,Limit Exceeded,2,Resolved
FAIL0013919,TXN00298904,Payment Gateway Error,1,Unresolved
FAIL0013920,TXN00298911,Payment Gateway Error,2,Resolved
FAIL0013921,TXN00298921,Limit Exceeded,1,Unresolved
FAIL0013922,TXN00298939,Payment Gateway Error,1,Unresolved
FAIL0013923,TXN00298956,Invalid PIN,2,Resolved
FAIL0013924,TXN00298968,Payment Gateway Error,1,Resolved
FAIL0013925,TXN00298976,Payment Gateway Error,1,Resolved
FAIL0013926,TXN00298989,Network Error,2,Resolved
FAIL0013927,TXN00299002,Bank Server Error,1,Unresolved
FAIL0013928,TXN00299005,Limit Exceeded,1,Resolved
FAIL0013929,TXN00299013,Network Error,1,Resolved
FAIL0013930,TXN00299027,Insufficient Balance,1,Unresolved
FAIL0013931,TXN00299033,Insufficient Balance,1,Unresolved
FAIL0013932,TXN00299048,Invalid PIN,1,Resolved
FAIL0013933,TXN00299090,Payment Gateway Error,3,Resolved
FAIL0013934,TXN00299106,Bank Server Error,1,Resolved
FAIL0013935,TXN00299139,Bank Server Error,1,Resolved
FAIL0013936,TXN00299142,Timeout,1,Resolved
FAIL0013937,TXN00299166,Payment Gateway Error,1,Resolved
FAIL0013938,TXN00299174,Network Error,1,Resolved
FAIL0013939,TXN00299271,Insufficient Balance,1,Resolved
FAIL0013940,TXN00299304,Payment Gateway Error,1,Unresolved
FAIL0013941,TXN00299307,Payment Gateway Error,1,Unresolved
FAIL0013942,TXN00299327,Insufficient Balance,1,Unresolved
FAIL0013943,TXN00299351,Payment Gateway Error,1,Unresolved
FAIL0013944,TXN00299399,Network Error,1,Resolved
FAIL0013945,TXN00299408,Timeout,1,Unresolved
FAIL0013946,TXN00299494,Bank Server Error,1,Unresolved
FAIL0013947,TXN00299562,Insufficient Balance,1,Resolved
FAIL0013948,TXN00299568,Limit Exceeded,1,Resolved
FAIL0013949,TXN00299704,Timeout,2,Unresolved
FAIL0013950,TXN00299716,Network Error,1,Resolved
FAIL0013951,TXN00299824,Payment Gateway Error,1,Resolved
FAIL0013952,TXN00299863,Insufficient Balance,1,Unresolved
FAIL0013953,TXN00299876,Invalid PIN,1,Resolved
FAIL0013954,TXN00299931,Payment Gateway Error,1,Resolved
FAIL0013955,TXN00299942,Payment Gateway Error,2,Resolved
FAIL0013956,TXN00299948,Insufficient Balance,1,Resolved
FAIL0013957,TXN00299978,Limit Exceeded,2,Unresolved
